{
    "A. Athanasiou": {
        "g": 0.0,
        "a": 1.0,
        "+/-": 0.0,
        "s": 2.0,
        "sm": 0.0,
        "bs": 1.0,
        "pn": 0.0,
        "pim": 0.0,
        "ht": 0.0,
        "tk": 1.0,
        "gv": 0.0,
        "shft": 22.0,
        "toi": 15.25,
        "pptoi": 1.6800000000000002,
        "shtoi": 1.8199999999999998,
        "estoi": 11.75,
        "fw": 1.0,
        "fl": 0.0,
        "fo%": 100.0
    },
    "C. Blackwell": {
        "g": 0.0,
        "a": 0.0,
        "+/-": -1.0,
        "s": 0.0,
        "sm": 2.0,
        "bs": 1.0,
        "pn": 0.0,
        "pim": 0.0,
        "ht": 1.0,
        "tk": 0.0,
        "gv": 0.0,
        "shft": 16.0,
        "toi": 11.35,
        "pptoi": 0.0,
        "shtoi": 1.12,
        "estoi": 10.23,
        "fw": 0.0,
        "fl": 0.0,
        "fo%": 0.0
    },
    "M. Domi": {
        "g": 1.0,
        "a": 0.0,
        "+/-": 0.0,
        "s": 1.0,
        "sm": 0.0,
        "bs": 1.0,
        "pn": 0.0,
        "pim": 0.0,
        "ht": 0.0,
        "tk": 1.0,
        "gv": 1.0,
        "shft": 20.0,
        "toi": 16.23,
        "pptoi": 3.02,
        "shtoi": 0.08,
        "estoi": 13.13,
        "fw": 11.0,
        "fl": 8.0,
        "fo%": 57.9
    },
    "M. Entwistle": {
        "g": 0.0,
        "a": 0.0,
        "+/-": 0.0,
        "s": 1.0,
        "sm": 0.0,
        "bs": 1.0,
        "pn": 1.0,
        "pim": 2.0,
        "ht": 1.0,
        "tk": 0.0,
        "gv": 0.0,
        "shft": 21.0,
        "toi": 16.02,
        "pptoi": 1.8199999999999998,
        "shtoi": 3.4699999999999998,
        "estoi": 10.73,
        "fw": 0.0,
        "fl": 0.0,
        "fo%": 0.0
    },
    "T. Johnson": {
        "g": 0.0,
        "a": 1.0,
        "+/-": 0.0,
        "s": 2.0,
        "sm": 1.0,
        "bs": 0.0,
        "pn": 1.0,
        "pim": 2.0,
        "ht": 2.0,
        "tk": 0.0,
        "gv": 0.0,
        "shft": 22.0,
        "toi": 16.23,
        "pptoi": 2.98,
        "shtoi": 0.0,
        "estoi": 13.25,
        "fw": 0.0,
        "fl": 0.0,
        "fo%": 0.0
    },
    "P. Kane": {
        "g": 0.0,
        "a": 1.0,
        "+/-": 0.0,
        "s": 2.0,
        "sm": 1.0,
        "bs": 0.0,
        "pn": 0.0,
        "pim": 0.0,
        "ht": 0.0,
        "tk": 0.0,
        "gv": 0.0,
        "shft": 23.0,
        "toi": 17.68,
        "pptoi": 3.5,
        "shtoi": 0.08,
        "estoi": 14.1,
        "fw": 0.0,
        "fl": 0.0,
        "fo%": 0.0
    },
    "J. Khaira": {
        "g": 0.0,
        "a": 0.0,
        "+/-": -1.0,
        "s": 0.0,
        "sm": 0.0,
        "bs": 0.0,
        "pn": 1.0,
        "pim": 2.0,
        "ht": 1.0,
        "tk": 0.0,
        "gv": 0.0,
        "shft": 17.0,
        "toi": 11.77,
        "pptoi": 0.0,
        "shtoi": 1.98,
        "estoi": 9.78,
        "fw": 3.0,
        "fl": 2.0,
        "fo%": 60.0
    },
    "P. Kurashev": {
        "g": 0.0,
        "a": 1.0,
        "+/-": 0.0,
        "s": 0.0,
        "sm": 0.0,
        "bs": 0.0,
        "pn": 0.0,
        "pim": 0.0,
        "ht": 2.0,
        "tk": 0.0,
        "gv": 0.0,
        "shft": 20.0,
        "toi": 15.37,
        "pptoi": 1.22,
        "shtoi": 1.78,
        "estoi": 12.37,
        "fw": 1.0,
        "fl": 1.0,
        "fo%": 50.0
    },
    "S. Lafferty": {
        "g": 0.0,
        "a": 0.0,
        "+/-": 0.0,
        "s": 1.0,
        "sm": 0.0,
        "bs": 1.0,
        "pn": 1.0,
        "pim": 5.0,
        "ht": 2.0,
        "tk": 0.0,
        "gv": 0.0,
        "shft": 20.0,
        "toi": 15.67,
        "pptoi": 0.0,
        "shtoi": 3.18,
        "estoi": 12.48,
        "fw": 4.0,
        "fl": 4.0,
        "fo%": 50.0
    },
    "T. Raddysh": {
        "g": 0.0,
        "a": 0.0,
        "+/-": 0.0,
        "s": 2.0,
        "sm": 0.0,
        "bs": 0.0,
        "pn": 0.0,
        "pim": 0.0,
        "ht": 1.0,
        "tk": 0.0,
        "gv": 0.0,
        "shft": 20.0,
        "toi": 15.83,
        "pptoi": 2.88,
        "shtoi": 0.0,
        "estoi": 12.95,
        "fw": 0.0,
        "fl": 0.0,
        "fo%": 0.0
    },
    "B. Robinson": {
        "g": 0.0,
        "a": 0.0,
        "+/-": -1.0,
        "s": 0.0,
        "sm": 0.0,
        "bs": 0.0,
        "pn": 0.0,
        "pim": 0.0,
        "ht": 3.0,
        "tk": 0.0,
        "gv": 0.0,
        "shft": 16.0,
        "toi": 11.05,
        "pptoi": 0.0,
        "shtoi": 1.07,
        "estoi": 9.98,
        "fw": 0.0,
        "fl": 0.0,
        "fo%": 0.0
    },
    "J. Toews": {
        "g": 1.0,
        "a": 0.0,
        "+/-": 0.0,
        "s": 3.0,
        "sm": 0.0,
        "bs": 0.0,
        "pn": 1.0,
        "pim": 2.0,
        "ht": 0.0,
        "tk": 0.0,
        "gv": 0.0,
        "shft": 23.0,
        "toi": 14.22,
        "pptoi": 1.67,
        "shtoi": 0.92,
        "estoi": 11.63,
        "fw": 10.0,
        "fl": 4.0,
        "fo%": 71.4
    },
    "J. Johnson": {
        "g": 0.0,
        "a": 0.0,
        "+/-": 0.0,
        "s": 0.0,
        "sm": 0.0,
        "bs": 0.0,
        "pn": 0.0,
        "pim": 0.0,
        "ht": 1.0,
        "tk": 0.0,
        "gv": 0.0,
        "shft": 23.0,
        "toi": 20.7,
        "pptoi": 0.0,
        "shtoi": 5.45,
        "estoi": 15.25,
        "fw": 0.0,
        "fl": 0.0,
        "fo%": 0.0
    },
    "S. Jones": {
        "g": 0.0,
        "a": 0.0,
        "+/-": 0.0,
        "s": 0.0,
        "sm": 1.0,
        "bs": 3.0,
        "pn": 0.0,
        "pim": 0.0,
        "ht": 8.0,
        "tk": 0.0,
        "gv": 0.0,
        "shft": 24.0,
        "toi": 25.08,
        "pptoi": 3.33,
        "shtoi": 5.05,
        "estoi": 16.7,
        "fw": 0.0,
        "fl": 0.0,
        "fo%": 0.0
    },
    "C. Murphy": {
        "g": 0.0,
        "a": 0.0,
        "+/-": -1.0,
        "s": 1.0,
        "sm": 0.0,
        "bs": 2.0,
        "pn": 1.0,
        "pim": 2.0,
        "ht": 3.0,
        "tk": 1.0,
        "gv": 1.0,
        "shft": 29.0,
        "toi": 17.82,
        "pptoi": 0.0,
        "shtoi": 1.92,
        "estoi": 15.9,
        "fw": 0.0,
        "fl": 0.0,
        "fo%": 0.0
    },
    "A. Regula": {
        "g": 0.0,
        "a": 0.0,
        "+/-": 0.0,
        "s": 0.0,
        "sm": 0.0,
        "bs": 2.0,
        "pn": 1.0,
        "pim": 2.0,
        "ht": 1.0,
        "tk": 0.0,
        "gv": 0.0,
        "shft": 20.0,
        "toi": 17.25,
        "pptoi": 1.4,
        "shtoi": 0.0,
        "estoi": 15.85,
        "fw": 0.0,
        "fl": 0.0,
        "fo%": 0.0
    },
    "F. Roos": {
        "g": 0.0,
        "a": 0.0,
        "+/-": 0.0,
        "s": 0.0,
        "sm": 0.0,
        "bs": 2.0,
        "pn": 0.0,
        "pim": 0.0,
        "ht": 1.0,
        "tk": 0.0,
        "gv": 1.0,
        "shft": 24.0,
        "toi": 17.82,
        "pptoi": 0.0,
        "shtoi": 0.88,
        "estoi": 16.93,
        "fw": 0.0,
        "fl": 0.0,
        "fo%": 0.0
    },
    "J. Tinordi": {
        "g": 0.0,
        "a": 0.0,
        "+/-": -1.0,
        "s": 2.0,
        "sm": 0.0,
        "bs": 1.0,
        "pn": 0.0,
        "pim": 0.0,
        "ht": 6.0,
        "tk": 1.0,
        "gv": 0.0,
        "shft": 27.0,
        "toi": 16.9,
        "pptoi": 0.0,
        "shtoi": 2.27,
        "estoi": 14.63,
        "fw": 0.0,
        "fl": 0.0,
        "fo%": 0.0
    },
    "P. Mrazek": {
        "sa": 35.0,
        "ga": 5.0,
        "sv": 30.0,
        "sv%": 0.857,
        "essv": 24.0,
        "ppsv": 4.0,
        "shsv": 2.0,
        "sosa": 0.0,
        "sos": 0.0,
        "toi": 60.0,
        "pim": 0.0
    }
}