{
    "M. Boldy": {
        "g": 1.0,
        "a": 1.0,
        "+/-": 0.0,
        "s": 5.0,
        "sm": 1.0,
        "bs": 1.0,
        "pn": 0.0,
        "pim": 0.0,
        "ht": 0.0,
        "tk": 1.0,
        "gv": 1.0,
        "shft": 20.0,
        "toi": 19.45,
        "pptoi": 1.5699999999999998,
        "shtoi": 0.0,
        "estoi": 17.88,
        "fw": 1.0,
        "fl": 0.0,
        "fo%": 100.0
    },
    "J. Eriksson Ek": {
        "g": 0.0,
        "a": 1.0,
        "+/-": 0.0,
        "s": 2.0,
        "sm": 0.0,
        "bs": 1.0,
        "pn": 0.0,
        "pim": 0.0,
        "ht": 1.0,
        "tk": 1.0,
        "gv": 1.0,
        "shft": 20.0,
        "toi": 17.37,
        "pptoi": 1.5699999999999998,
        "shtoi": 2.9699999999999998,
        "estoi": 12.83,
        "fw": 11.0,
        "fl": 13.0,
        "fo%": 45.8
    },
    "R. Hartman": {
        "g": 0.0,
        "a": 0.0,
        "+/-": 2.0,
        "s": 4.0,
        "sm": 1.0,
        "bs": 1.0,
        "pn": 0.0,
        "pim": 0.0,
        "ht": 0.0,
        "tk": 0.0,
        "gv": 0.0,
        "shft": 22.0,
        "toi": 19.38,
        "pptoi": 0.0,
        "shtoi": 2.3,
        "estoi": 17.08,
        "fw": 4.0,
        "fl": 6.0,
        "fo%": 40.0
    },
    "M. Johansson": {
        "g": 1.0,
        "a": 0.0,
        "+/-": 1.0,
        "s": 1.0,
        "sm": 3.0,
        "bs": 0.0,
        "pn": 0.0,
        "pim": 0.0,
        "ht": 1.0,
        "tk": 1.0,
        "gv": 4.0,
        "shft": 19.0,
        "toi": 18.28,
        "pptoi": 0.0,
        "shtoi": 0.02,
        "estoi": 18.27,
        "fw": 0.0,
        "fl": 0.0,
        "fo%": 0.0
    },
    "K. Kaprizov": {
        "g": 2.0,
        "a": 1.0,
        "+/-": 1.0,
        "s": 6.0,
        "sm": 2.0,
        "bs": 0.0,
        "pn": 1.0,
        "pim": 2.0,
        "ht": 0.0,
        "tk": 2.0,
        "gv": 1.0,
        "shft": 22.0,
        "toi": 24.42,
        "pptoi": 1.5699999999999998,
        "shtoi": 0.0,
        "estoi": 22.85,
        "fw": 0.0,
        "fl": 0.0,
        "fo%": 0.0
    },
    "M. Khusnutdinov": {
        "g": 0.0,
        "a": 1.0,
        "+/-": 2.0,
        "s": 0.0,
        "sm": 2.0,
        "bs": 0.0,
        "pn": 0.0,
        "pim": 0.0,
        "ht": 0.0,
        "tk": 2.0,
        "gv": 1.0,
        "shft": 17.0,
        "toi": 15.6,
        "pptoi": 0.0,
        "shtoi": 3.7800000000000002,
        "estoi": 11.82,
        "fw": 9.0,
        "fl": 6.0,
        "fo%": 60.0
    },
    "V. Lettieri": {
        "g": 0.0,
        "a": 0.0,
        "+/-": 0.0,
        "s": 1.0,
        "sm": 0.0,
        "bs": 1.0,
        "pn": 0.0,
        "pim": 0.0,
        "ht": 0.0,
        "tk": 0.0,
        "gv": 0.0,
        "shft": 10.0,
        "toi": 8.82,
        "pptoi": 0.0,
        "shtoi": 0.0,
        "estoi": 8.82,
        "fw": 0.0,
        "fl": 0.0,
        "fo%": 0.0
    },
    "J. Lucchini": {
        "g": 0.0,
        "a": 0.0,
        "+/-": 0.0,
        "s": 0.0,
        "sm": 3.0,
        "bs": 0.0,
        "pn": 0.0,
        "pim": 0.0,
        "ht": 0.0,
        "tk": 0.0,
        "gv": 0.0,
        "shft": 12.0,
        "toi": 10.38,
        "pptoi": 0.0,
        "shtoi": 1.13,
        "estoi": 9.25,
        "fw": 2.0,
        "fl": 1.0,
        "fo%": 66.7
    },
    "L. Ohgren": {
        "g": 1.0,
        "a": 1.0,
        "+/-": 2.0,
        "s": 2.0,
        "sm": 1.0,
        "bs": 0.0,
        "pn": 0.0,
        "pim": 0.0,
        "ht": 0.0,
        "tk": 0.0,
        "gv": 0.0,
        "shft": 15.0,
        "toi": 12.98,
        "pptoi": 0.0,
        "shtoi": 0.0,
        "estoi": 12.98,
        "fw": 0.0,
        "fl": 2.0,
        "fo%": 0.0
    },
    "M. Rossi": {
        "g": 0.0,
        "a": 0.0,
        "+/-": 1.0,
        "s": 3.0,
        "sm": 0.0,
        "bs": 0.0,
        "pn": 1.0,
        "pim": 2.0,
        "ht": 2.0,
        "tk": 0.0,
        "gv": 0.0,
        "shft": 19.0,
        "toi": 20.13,
        "pptoi": 1.5699999999999998,
        "shtoi": 0.0,
        "estoi": 18.57,
        "fw": 4.0,
        "fl": 6.0,
        "fo%": 40.0
    },
    "M. Shaw": {
        "g": 0.0,
        "a": 0.0,
        "+/-": 0.0,
        "s": 1.0,
        "sm": 0.0,
        "bs": 0.0,
        "pn": 0.0,
        "pim": 0.0,
        "ht": 1.0,
        "tk": 0.0,
        "gv": 1.0,
        "shft": 10.0,
        "toi": 8.52,
        "pptoi": 0.0,
        "shtoi": 0.0,
        "estoi": 8.52,
        "fw": 0.0,
        "fl": 0.0,
        "fo%": 0.0
    },
    "Z. Bogosian": {
        "g": 0.0,
        "a": 0.0,
        "+/-": 0.0,
        "s": 2.0,
        "sm": 1.0,
        "bs": 7.0,
        "pn": 1.0,
        "pim": 2.0,
        "ht": 0.0,
        "tk": 0.0,
        "gv": 2.0,
        "shft": 22.0,
        "toi": 21.63,
        "pptoi": 0.0,
        "shtoi": 0.85,
        "estoi": 20.78,
        "fw": 0.0,
        "fl": 0.0,
        "fo%": 0.0
    },
    "J. Brodin": {
        "g": 0.0,
        "a": 2.0,
        "+/-": 1.0,
        "s": 5.0,
        "sm": 0.0,
        "bs": 2.0,
        "pn": 0.0,
        "pim": 0.0,
        "ht": 0.0,
        "tk": 0.0,
        "gv": 0.0,
        "shft": 21.0,
        "toi": 21.3,
        "pptoi": 0.0,
        "shtoi": 3.52,
        "estoi": 17.78,
        "fw": 0.0,
        "fl": 0.0,
        "fo%": 0.0
    },
    "D. Chisholm": {
        "g": 1.0,
        "a": 0.0,
        "+/-": 0.0,
        "s": 1.0,
        "sm": 1.0,
        "bs": 0.0,
        "pn": 0.0,
        "pim": 0.0,
        "ht": 0.0,
        "tk": 0.0,
        "gv": 0.0,
        "shft": 13.0,
        "toi": 9.98,
        "pptoi": 0.0,
        "shtoi": 0.92,
        "estoi": 9.07,
        "fw": 0.0,
        "fl": 0.0,
        "fo%": 0.0
    },
    "B. Faber": {
        "g": 0.0,
        "a": 1.0,
        "+/-": 2.0,
        "s": 2.0,
        "sm": 0.0,
        "bs": 1.0,
        "pn": 0.0,
        "pim": 0.0,
        "ht": 0.0,
        "tk": 1.0,
        "gv": 0.0,
        "shft": 24.0,
        "toi": 22.12,
        "pptoi": 1.5699999999999998,
        "shtoi": 3.52,
        "estoi": 17.03,
        "fw": 0.0,
        "fl": 0.0,
        "fo%": 0.0
    },
    "A. Goligoski": {
        "g": 0.0,
        "a": 1.0,
        "+/-": 1.0,
        "s": 1.0,
        "sm": 0.0,
        "bs": 4.0,
        "pn": 0.0,
        "pim": 0.0,
        "ht": 0.0,
        "tk": 0.0,
        "gv": 0.0,
        "shft": 15.0,
        "toi": 13.3,
        "pptoi": 0.0,
        "shtoi": 0.0,
        "estoi": 13.3,
        "fw": 0.0,
        "fl": 0.0,
        "fo%": 0.0
    },
    "J. Merrill": {
        "g": 0.0,
        "a": 2.0,
        "+/-": 1.0,
        "s": 1.0,
        "sm": 0.0,
        "bs": 0.0,
        "pn": 0.0,
        "pim": 0.0,
        "ht": 0.0,
        "tk": 0.0,
        "gv": 0.0,
        "shft": 14.0,
        "toi": 11.13,
        "pptoi": 0.0,
        "shtoi": 0.0,
        "estoi": 11.13,
        "fw": 0.0,
        "fl": 0.0,
        "fo%": 0.0
    },
    "J. Middleton": {
        "g": 0.0,
        "a": 1.0,
        "+/-": 1.0,
        "s": 1.0,
        "sm": 1.0,
        "bs": 1.0,
        "pn": 0.0,
        "pim": 0.0,
        "ht": 0.0,
        "tk": 0.0,
        "gv": 1.0,
        "shft": 23.0,
        "toi": 19.2,
        "pptoi": 0.0,
        "shtoi": 1.4,
        "estoi": 17.8,
        "fw": 0.0,
        "fl": 0.0,
        "fo%": 0.0
    },
    "J. Wallstedt": {
        "sa": 29.0,
        "ga": 2.0,
        "sv": 27.0,
        "sv%": 0.931,
        "essv": 23.0,
        "ppsv": 4.0,
        "shsv": 0.0,
        "sosa": 0.0,
        "sos": 0.0,
        "toi": 60.0,
        "pim": 0.0
    }
}