{
    "sd": {
        "fernando tatis": {
            "bb": 0.34,
            "1b": 0.65,
            "2b": 0.26,
            "3b": 0.02,
            "hr": 0.24,
            "r": 0.66,
            "rbi": 0.61,
            "sb": 0.18,
            "k": 0.95,
            "avg": 0.277,
            "h": 1.17,
            "h+r+rbi": 2.44,
            "tb": 2.19
        },
        "manny machado": {
            "bb": 0.39,
            "1b": 0.65,
            "2b": 0.21,
            "3b": 0.0,
            "hr": 0.26,
            "r": 0.5,
            "rbi": 0.58,
            "sb": 0.03,
            "k": 0.79,
            "avg": 0.278,
            "h": 1.12,
            "h+r+rbi": 2.2,
            "tb": 2.1100000000000003
        },
        "jake cronenworth": {
            "bb": 0.35,
            "1b": 0.59,
            "2b": 0.23,
            "3b": 0.06,
            "hr": 0.17,
            "r": 0.48,
            "rbi": 0.54,
            "sb": 0.09,
            "k": 0.79,
            "avg": 0.25,
            "h": 1.0499999999999998,
            "h+r+rbi": 2.07,
            "tb": 1.9100000000000001
        },
        "ha seong kim": {
            "bb": 0.51,
            "1b": 0.68,
            "2b": 0.15,
            "3b": 0.01,
            "hr": 0.08,
            "r": 0.52,
            "rbi": 0.29,
            "sb": 0.18,
            "k": 0.87,
            "avg": 0.249,
            "h": 0.92,
            "h+r+rbi": 1.73,
            "tb": 1.33
        },
        "xander bogaerts": {
            "bb": 0.4,
            "1b": 0.84,
            "2b": 0.2,
            "3b": 0.01,
            "hr": 0.05,
            "r": 0.49,
            "rbi": 0.32,
            "sb": 0.12,
            "k": 0.81,
            "avg": 0.26,
            "h": 1.1,
            "h+r+rbi": 1.9100000000000001,
            "tb": 1.47
        },
        "luis campusano": {
            "bb": 0.09,
            "1b": 0.92,
            "2b": 0.17,
            "3b": 0.01,
            "hr": 0.14,
            "r": 0.46,
            "rbi": 0.51,
            "sb": 0.0,
            "k": 0.55,
            "avg": 0.318,
            "h": 1.2400000000000002,
            "h+r+rbi": 2.21,
            "tb": 1.85
        },
        "jurickson profar": {
            "bb": 0.31,
            "1b": 0.74,
            "2b": 0.26,
            "3b": 0.01,
            "hr": 0.09,
            "r": 0.43,
            "rbi": 0.43,
            "sb": 0.0,
            "k": 0.73,
            "avg": 0.288,
            "h": 1.1,
            "h+r+rbi": 1.96,
            "tb": 1.65
        },
        "eguy rosario": {
            "bb": 0.23,
            "1b": 0.58,
            "2b": 0.19,
            "3b": 0.0,
            "hr": 0.14,
            "r": 0.39,
            "rbi": 0.37,
            "sb": 0.0,
            "k": 1.01,
            "avg": 0.243,
            "h": 0.91,
            "h+r+rbi": 1.67,
            "tb": 1.52
        },
        "jackson merrill": {
            "bb": 0.3,
            "1b": 0.55,
            "2b": 0.15,
            "3b": 0.01,
            "hr": 0.08,
            "r": 0.29,
            "rbi": 0.33,
            "sb": 0.01,
            "k": 0.79,
            "avg": 0.228,
            "h": 0.79,
            "h+r+rbi": 1.4100000000000001,
            "tb": 1.2000000000000002
        },
        "joe musgrove": {
            "w": 0.39,
            "l": 0.2,
            "sv": 0.0,
            "ip": 5.37,
            "h": 4.59,
            "er": 1.85,
            "hr": 0.59,
            "k": 5.35,
            "bb": 1.38,
            "era": 3.11,
            "whip": 1.11
        },
        "robert suarez": {
            "w": 0.03,
            "l": 0.03,
            "sv": 0.32,
            "ip": 0.6,
            "h": 0.58,
            "er": 0.28,
            "hr": 0.1,
            "k": 0.57,
            "bb": 0.24,
            "era": 4.22,
            "whip": 1.35
        }
    },
    "mia": {
        "jazz chisholm": {
            "bb": 0.35,
            "1b": 0.67,
            "2b": 0.16,
            "3b": 0.03,
            "hr": 0.21,
            "r": 0.52,
            "rbi": 0.68,
            "sb": 0.24,
            "k": 1.17,
            "avg": 0.279,
            "h": 1.07,
            "h+r+rbi": 2.27,
            "tb": 1.92
        },
        "josh bell": {
            "bb": 0.41,
            "1b": 0.6,
            "2b": 0.38,
            "3b": 0.02,
            "hr": 0.2,
            "r": 0.64,
            "rbi": 0.61,
            "sb": 0.01,
            "k": 0.83,
            "avg": 0.291,
            "h": 1.2,
            "h+r+rbi": 2.4499999999999997,
            "tb": 2.2199999999999998
        },
        "jake burger": {
            "bb": 0.22,
            "1b": 0.54,
            "2b": 0.31,
            "3b": 0.01,
            "hr": 0.22,
            "r": 0.5,
            "rbi": 0.81,
            "sb": 0.01,
            "k": 1.08,
            "avg": 0.255,
            "h": 1.08,
            "h+r+rbi": 2.39,
            "tb": 2.0700000000000003
        },
        "tim anderson": {
            "bb": 0.21,
            "1b": 1.04,
            "2b": 0.16,
            "3b": 0.09,
            "hr": 0.05,
            "r": 0.62,
            "rbi": 0.4,
            "sb": 0.22,
            "k": 0.46,
            "avg": 0.308,
            "h": 1.34,
            "h+r+rbi": 2.36,
            "tb": 1.83
        },
        "jesus sanchez": {
            "bb": 0.36,
            "1b": 0.44,
            "2b": 0.25,
            "3b": 0.02,
            "hr": 0.2,
            "r": 0.49,
            "rbi": 0.61,
            "sb": 0.01,
            "k": 1.07,
            "avg": 0.246,
            "h": 0.9099999999999999,
            "h+r+rbi": 2.01,
            "tb": 1.8
        },
        "bryan de la cruz": {
            "bb": 0.3,
            "1b": 0.65,
            "2b": 0.27,
            "3b": 0.0,
            "hr": 0.14,
            "r": 0.45,
            "rbi": 0.64,
            "sb": 0.03,
            "k": 0.8,
            "avg": 0.277,
            "h": 1.06,
            "h+r+rbi": 2.15,
            "tb": 1.75
        },
        "luis arraez": {
            "bb": 0.28,
            "1b": 1.22,
            "2b": 0.21,
            "3b": 0.01,
            "hr": 0.05,
            "r": 0.55,
            "rbi": 0.4,
            "sb": 0.03,
            "k": 0.22,
            "avg": 0.348,
            "h": 1.49,
            "h+r+rbi": 2.44,
            "tb": 1.8699999999999999
        },
        "avisail garcia": {
            "bb": 0.23,
            "1b": 0.58,
            "2b": 0.13,
            "3b": 0.01,
            "hr": 0.09,
            "r": 0.41,
            "rbi": 0.36,
            "sb": 0.06,
            "k": 0.99,
            "avg": 0.221,
            "h": 0.8099999999999999,
            "h+r+rbi": 1.58,
            "tb": 1.23
        },
        "nick fortes": {
            "bb": 0.21,
            "1b": 0.49,
            "2b": 0.23,
            "3b": 0.02,
            "hr": 0.05,
            "r": 0.32,
            "rbi": 0.25,
            "sb": 0.04,
            "k": 0.45,
            "avg": 0.223,
            "h": 0.79,
            "h+r+rbi": 1.36,
            "tb": 1.21
        },
        "aj puk": {
            "w": 0.47,
            "l": 0.13,
            "sv": 0.0,
            "ip": 5.74,
            "h": 4.36,
            "er": 1.81,
            "hr": 0.74,
            "k": 7.58,
            "bb": 1.17,
            "era": 2.84,
            "whip": 0.96
        },
        "tanner scott": {
            "w": 0.03,
            "l": 0.04,
            "sv": 0.33,
            "ip": 0.61,
            "h": 0.45,
            "er": 0.16,
            "hr": 0.02,
            "k": 0.84,
            "bb": 0.2,
            "era": 2.29,
            "whip": 1.07
        }
    },
    "pit": {
        "kebryan hayes": {
            "bb": 0.24,
            "1b": 0.7,
            "2b": 0.32,
            "3b": 0.03,
            "hr": 0.15,
            "r": 0.61,
            "rbi": 0.7,
            "sb": 0.07,