{
    "hou": {
        "yordan alvarez": {
            "bb": 0.58,
            "1b": 0.62,
            "2b": 0.27,
            "3b": 0.01,
            "hr": 0.31,
            "r": 0.79,
            "rbi": 0.97,
            "sb": 0.0,
            "k": 0.8,
            "avg": 0.309,
            "h": 1.21,
            "h+r+rbi": 2.9699999999999998,
            "tb": 2.43
        },
        "jose altuve": {
            "bb": 0.47,
            "1b": 0.7,
            "2b": 0.43,
            "3b": 0.0,
            "hr": 0.24,
            "r": 0.74,
            "rbi": 0.65,
            "sb": 0.09,
            "k": 0.8,
            "avg": 0.311,
            "h": 1.3699999999999999,
            "h+r+rbi": 2.76,
            "tb": 2.52
        },
        "kyle tucker": {
            "bb": 0.59,
            "1b": 0.63,
            "2b": 0.27,
            "3b": 0.01,
            "hr": 0.17,
            "r": 0.68,
            "rbi": 0.52,
            "sb": 0.18,
            "k": 0.8,
            "avg": 0.277,
            "h": 1.08,
            "h+r+rbi": 2.2800000000000002,
            "tb": 1.88
        },
        "chas mccormick": {
            "bb": 0.32,
            "1b": 0.65,
            "2b": 0.25,
            "3b": 0.05,
            "hr": 0.14,
            "r": 0.61,
            "rbi": 0.62,
            "sb": 0.11,
            "k": 1.23,
            "avg": 0.279,
            "h": 1.09,
            "h+r+rbi": 2.3200000000000003,
            "tb": 1.8599999999999999
        },
        "alex bregman": {
            "bb": 0.47,
            "1b": 0.64,
            "2b": 0.23,
            "3b": 0.0,
            "hr": 0.2,
            "r": 0.53,
            "rbi": 0.7,
            "sb": 0.0,
            "k": 0.57,
            "avg": 0.257,
            "h": 1.07,
            "h+r+rbi": 2.3,
            "tb": 1.9000000000000001
        },
        "jeremy pena": {
            "bb": 0.21,
            "1b": 0.84,
            "2b": 0.16,
            "3b": 0.02,
            "hr": 0.1,
            "r": 0.44,
            "rbi": 0.49,
            "sb": 0.07,
            "k": 0.83,
            "avg": 0.282,
            "h": 1.12,
            "h+r+rbi": 2.05,
            "tb": 1.62
        },
        "jose abreu": {
            "bb": 0.34,
            "1b": 0.59,
            "2b": 0.13,
            "3b": 0.03,
            "hr": 0.14,
            "r": 0.44,
            "rbi": 0.41,
            "sb": 0.0,
            "k": 0.87,
            "avg": 0.212,
            "h": 0.89,
            "h+r+rbi": 1.74,
            "tb": 1.5
        },
        "martin maldonado": {
            "bb": 0.29,
            "1b": 0.35,
            "2b": 0.11,
            "3b": 0.01,
            "hr": 0.13,
            "r": 0.39,
            "rbi": 0.36,
            "sb": 0.0,
            "k": 1.31,
            "avg": 0.169,
            "h": 0.6,
            "h+r+rbi": 1.35,
            "tb": 1.12
        },
        "michael brantley": {
            "bb": 0.25,
            "1b": 0.61,
            "2b": 0.17,
            "3b": 0.01,
            "hr": 0.05,
            "r": 0.37,
            "rbi": 0.29,
            "sb": 0.0,
            "k": 0.61,
            "avg": 0.212,
            "h": 0.8400000000000001,
            "h+r+rbi": 1.5,
            "tb": 1.18
        },
        "jose urquidy": {
            "w": 0.22,
            "l": 0.42,
            "sv": 0.0,
            "ip": 4.99,
            "h": 5.21,
            "er": 3.19,
            "hr": 1.02,
            "k": 3.41,
            "bb": 2.08,
            "era": 5.74,
            "whip": 1.46
        },
        "ryan pressly": {
            "w": 0.02,
            "l": 0.02,
            "sv": 0.2,
            "ip": 0.37,
            "h": 0.32,
            "er": 0.14,
            "hr": 0.04,
            "k": 0.16,
            "bb": 0.1,
            "era": 3.49,
            "whip": 1.14
        }
    },
    "phi": {
        "kyle schwarber": {
            "bb": 0.78,
            "1b": 0.51,
            "2b": 0.19,
            "3b": 0.0,
            "hr": 0.35,
            "r": 0.74,
            "rbi": 0.93,
            "sb": 0.01,
            "k": 1.53,
            "avg": 0.244,
            "h": 1.0499999999999998,
            "h+r+rbi": 2.7199999999999998,
            "tb": 2.29
        },
        "bryce harper": {
            "bb": 0.55,
            "1b": 0.68,
            "2b": 0.18,
            "3b": 0.04,
            "hr": 0.29,
            "r": 0.84,
            "rbi": 0.89,
            "sb": 0.05,
            "k": 0.75,
            "avg": 0.281,
            "h": 1.1900000000000002,
            "h+r+rbi": 2.9200000000000004,
            "tb": 2.3200000000000003
        },
        "trea turner": {
            "bb": 0.36,
            "1b": 0.68,
            "2b": 0.24,
            "3b": 0.03,
            "hr": 0.21,
            "r": 0.84,
            "rbi": 0.75,
            "sb": 0.08,
            "k": 1.0,
            "avg": 0.276,
            "h": 1.1600000000000001,
            "h+r+rbi": 2.75,
            "tb": 2.0900000000000003
        },
        "jt realmuto": {
            "bb": 0.26,
            "1b": 0.57,
            "2b": 0.28,
            "3b": 0.01,
            "hr": 0.25,
            "r": 0.6,
            "rbi": 0.8,
            "sb": 0.08,
            "k": 0.83,
            "avg": 0.264,
            "h": 1.1099999999999999,
            "h+r+rbi": 2.51,
            "tb": 2.16
        },
        "alec bohm": {
            "bb": 0.25,
            "1b": 0.85,
            "2b": 0.3,
            "3b": 0.0,
            "hr": 0.18,
            "r": 0.7,
            "rbi": 0.81,
            "sb": 0.03,
            "k": 0.59,
            "avg": 0.302,
            "h": 1.3299999999999998,
            "h+r+rbi": 2.84,
            "tb": 2.17
        },
        "bryson stott": {
            "bb": 0.23,
            "1b": 0.8,
            "2b": 0.24,
            "3b": 0.05,
            "hr": 0.1,
            "r": 0.72,
            "rbi": 0.5,
            "sb": 0.2,
            "k": 0.67,
            "avg": 0.273,
            "h": 1.1900000000000002,
            "h+r+rbi": 2.41,
            "tb": 1.83
        },
        "nick castellanos": {
            "bb": 0.18,
            "1b": 0.55,
            "2b": 0.29,
            "3b": 0.04,
            "hr": 0.2,
            "r": 0.63,
            "rbi": 0.58,
            "sb": 0.05,
            "k": 0.98,
            "avg": 0.257,
            "h": 1.08,
            "h+r+rbi": 2.29,
            "tb": 2.05
        },
        "brandon marsh": {
            "bb": 0.45,
            "1b": 0.56,
            "2b": 0.21,
            "3b": 0.08,
            "hr": 0.11,
            "r": 0.65,
            "rbi": 0.42,
            "sb": 0.1,
            "k": 1.19,
            "avg": 0.253,
            "h": 0.96,
            "h+r+rbi": 2.03,
            "tb": 1.66
        },
        "johan rojas": {
            "bb": 0.19,
            "1b": 0.79,
            "2b": 0.19,
            "3b": 0.05,
            "hr": 0.04,
            "r": 0.49,
            "rbi": 0.35,
            "sb": 0.11,
            "k": 0.87,
            "avg": 0.277,
            "h": 1.07,
            "h+r+rbi": 1.9100000000000001,
            "tb": 1.4799999999999998
        },
        "ranger suarez": {
            "w": 0.37,
            "l": 0.31,
            "sv": 0.0,
            "ip": 6.02,
            "h": 5.45,
            "er": 2.62,
            "hr": 0.48,
            "k": 5.16,
            "bb": 2.01,
            "era": 3.92,
            "whip": 1.24
        },
        "craig kimbrel": {
            "w": 0.03,
            "l": 0.03,
            "sv": 0.28,
            "ip": 0.53,
            "h": 0.46,
            "er": 0.2,
            "hr": 0.07,
            "k": 0.28,
            "bb": 0.23,
            "era": 3.33,
            "whip": 1.29
        }
    },
    "tex": {
        "evan carter": {
            "bb": 0.41,
            "1b": 0.65,
            "2b": 0.2,
            "3b": 0.06,
            "hr": 0.27,