{
    "barrel_ct": {
        "10": 0.0,
        "20": 1.0,
        "25": 1.0,
        "30": 1.0,
        "50": 2.0,
        "70": 4.0,
        "75": 5.0,
        "80": 6.0,
        "90": 8.0
    },
    "barrels_per_bip": {
        "10": 3.8,
        "20": 5.1,
        "25": 6.1,
        "30": 6.8,
        "50": 9.1,
        "70": 12.2,
        "75": 12.975,
        "80": 14.3,
        "90": 18.1
    },
    "launch_angle_avg": {
        "10": 3.3200000000000003,
        "20": 7.140000000000001,
        "25": 8.3,
        "30": 9.4,
        "50": 13.3,
        "70": 17.5,
        "75": 18.3,
        "80": 19.4,
        "90": 22.6
    },
    "sweet_spot_percent": {
        "10": 22.2,
        "20": 26.3,
        "25": 27.6,
        "30": 29.0,
        "50": 33.3,
        "70": 38.349999999999994,
        "75": 39.425,
        "80": 41.2,
        "90": 46.45
    },
    "hard_hit_ct": {
        "10": 3.0,
        "20": 5.0,
        "25": 7.0,
        "30": 8.0,
        "50": 13.0,
        "70": 20.0,
        "75": 23.0,
        "80": 25.0,
        "90": 31.5
    },
    "hard_hit_percent": {
        "10": 25.0,
        "20": 30.8,
        "25": 33.3,
        "30": 34.459999999999994,
        "50": 40.0,
        "70": 46.54,
        "75": 48.0,
        "80": 50.0,
        "90": 53.8
    },
    "exit_velocity_avg": {
        "10": 84.42,
        "20": 86.4,
        "25": 87.2,
        "30": 87.7,
        "50": 89.4,
        "70": 90.9,
        "75": 91.3,
        "80": 91.7,
        "90": 93.1
    },
    "distance_hr_avg": {
        "10": 371.6,
        "20": 379.0,
        "25": 382.0,
        "30": 385.0,
        "50": 394.0,
        "70": 403.0,
        "75": 405.0,
        "80": 408.0,
        "90": 417.0
    },
    "distance_avg": {
        "10": 118.0,
        "20": 137.0,
        "25": 143.75,
        "30": 148.0,
        "50": 163.0,
        "70": 179.0,
        "75": 183.0,
        "80": 189.0,
        "90": 205.0
    }
}