{
    "pit": {
        "ab": 121,
        "r": 22,
        "h": 35,
        "rbi": 21,
        "hr": 3,
        "bb": 19,
        "so": 35,
        "#p": 582,
        "avg": 8.403999999999998,
        "obp": 11.715,
        "slg": 16.891,
        "2b": 10,
        "sb": 0,
        "1b": 22,
        "tb": 54,
        "h+r+rbi": 78,
        "w": 3,
        "ip": 30.0,
        "h_allowed": 22,
        "er": 9,
        "bb_allowed": 10,
        "k": 27,
        "hr_allowed": 0,
        "pc": 431,
        "st": 293,
        "era": 15.889999999999999,
        "outs": 90,
        "hold": 1,
        "gamesPlayed": 3,
        "sf": 2,
        "sv": 2
    },
    "sd": {
        "ab": 172,
        "r": 32,
        "h": 47,
        "rbi": 29,
        "hr": 6,
        "bb": 18,
        "so": 36,
        "#p": 747,
        "avg": 14.046,
        "obp": 18.283,
        "slg": 19.777000000000005,
        "sb": 3.0,
        "1b": 33,
        "tb": 74,
        "h+r+rbi": 108,
        "3b": 1,
        "sf": 2,
        "2b": 7,
        "ip": 45.0,
        "h_allowed": 54,
        "er": 34,
        "bb_allowed": 21,
        "k": 43,
        "hr_allowed": 6,
        "pc": 815,
        "st": 522,
        "era": 293.05999999999995,
        "outs": 135,
        "w": 2,
        "hold": 5,
        "sv": 2,
        "gamesPlayed": 5,
        "l": 3,
        "b": 1
    },
    "oak": {
        "ab": 94,
        "r": 7,
        "h": 18,
        "rbi": 7,
        "hr": 2,
        "bb": 9,
        "so": 32,
        "#p": 424,
        "avg": 4.586,
        "obp": 6.832000000000001,
        "slg": 7.162,
        "sb": 1,
        "1b": 12,
        "tb": 28,
        "h+r+rbi": 32,
        "2b": 4,
        "l": 3,
        "ip": 27.0,
        "h_allowed": 35,
        "er": 23,
        "bb_allowed": 14,
        "k": 22,
        "hr_allowed": 2,
        "pc": 517,
        "st": 320,
        "era": 83.67,
        "outs": 81,
        "gamesPlayed": 3,
        "sf": 2
    },
    "tex": {
        "ab": 72,
        "r": 15,
        "h": 24,
        "rbi": 15,
        "hr": 5,
        "bb": 10,
        "so": 16,
        "#p": 318,
        "avg": 6.763000000000001,
        "obp": 8.424,
        "slg": 16.508,
        "sb": 1,
        "1b": 14,
        "tb": 44,
        "h+r+rbi": 54,
        "sf": 2,
        "2b": 5,
        "w": 2,
        "ip": 19.0,
        "h_allowed": 11,
        "er": 5,
        "bb_allowed": 7,
        "k": 16,
        "hr_allowed": 1,
        "pc": 293,
        "st": 178,
        "era": 15.6,
        "outs": 57,
        "hold": 3,
        "gamesPlayed": 2
    },
    "det": {
        "ab": 73,
        "r": 8,
        "h": 18,
        "rbi": 8,
        "hr": 2,
        "bb": 5,
        "so": 14,
        "#p": 285,
        "avg": 4.186,
        "obp": 5.840000000000001,
        "slg": 5.594,
        "3b": 1,
        "sb": 2,
        "1b": 13,
        "tb": 28,
        "h+r+rbi": 34,
        "2b": 2,
        "ip": 19.0,
        "h_allowed": 13,
        "er": 6,
        "bb_allowed": 4,
        "k": 18,
        "hr_allowed": 3,
        "pc": 290,
        "st": 189,
        "era": 16.2,
        "outs": 57,
        "w": 2,
        "gamesPlayed": 2,
        "sf": 1,
        "hold": 2,
        "sv": 1
    },
    "kc": {
        "ab": 62,
        "r": 2,
        "h": 10,
        "rbi": 2,
        "hr": 1,
        "bb": 4,
        "so": 19,
        "#p": 260,
        "avg": 3.0660000000000003,
        "obp": 3.6080000000000005,
        "slg": 5.4,
        "sb": 0,
        "1b": 5,
        "tb": 17,
        "h+r+rbi": 14,
        "2b": 4,
        "ip": 18.0,
        "h_allowed": 17,
        "er": 9,
        "bb_allowed": 8,
        "k": 18,
        "hr_allowed": 1,
        "pc": 304,
        "st": 197,
        "era": 66.0,
        "outs": 54,
        "hold": 1,
        "b": 1,
        "l": 2,
        "gamesPlayed": 2
    },
    "bal": {
        "ab": 71,
        "r": 24,
        "h": 24,
        "rbi": 24,
        "hr": 4,
        "bb": 8,
        "so": 11,
        "#p": 349,
        "avg": 8.422,
        "obp": 9.605,
        "slg": 14.756,
        "3b": 1,
        "sb": 1,
        "1b": 12,
        "tb": 45,
        "h+r+rbi": 72,
        "2b": 7,
        "sf": 3,
        "w": 2,
        "ip": 18.0,
        "h_allowed": 12,
        "er": 6,
        "bb_allowed": 4,
        "k": 27,
        "hr_allowed": 2,
        "pc": 292,
        "st": 185,
        "era": Infinity,
        "outs": 54,
        "gamesPlayed": 2
    },
    "lad": {
        "ab": 179,
        "r": 34,
        "h": 54,
        "rbi": 33,
        "hr": 8,
        "bb": 25,
        "so": 49,
        "#p": 821,
        "avg": 12.525,
        "obp": 17.985,
        "slg": 18.343000000000004,
        "2b": 7,
        "sb": 1.0,
        "1b": 39,
        "tb": 85,
        "h+r+rbi": 121,
        "sf": 4,
        "l": 2,
        "ip": 46.0,
        "h_allowed": 37,
        "er": 24,
        "bb_allowed": 15,
        "k": 44,
        "hr_allowed": 2,
        "pc": 738,
        "st": 475,
        "era": 168.32999999999998,
        "outs": 138,
        "gamesPlayed": 5,
        "w": 3,
        "hold": 2,
        "sv": 3,
        "b": 1
    },
    "atl": {
        "ab": 82,
        "r": 21,
        "h": 32,
        "rbi": 20,
        "hr": 4,
        "bb": 8,
        "so": 15,
        "#p": 343,
        "avg": 6.967999999999998,
        "obp": 8.567,
        "slg": 10.756,
        "sb": 2,
        "1b": 18,
        "tb": 54,
        "h+r+rbi": 73,
        "2b": 10,
        "ip": 18.0,
        "h_allowed": 13,
        "er": 7,
        "bb_allowed": 8,
        "k": 19,
        "hr_allowed": 2,
        "pc": 283,
        "st": 182,
        "era": 56.1,
        "outs": 54,
        "w": 2,
        "hold": 1,
        "gamesPlayed": 2
    },
    "ari": {
        "ab": 107,
        "r": 27,
        "h": 40,
        "rbi": 27,
        "hr": 6,
        "bb": 16,
        "so": 16,
        "#p": 491,
        "avg": 12.07,
        "obp": 13.487000000000002,
        "slg": 17.457,
        "sb": 2,
        "1b": 28,
        "tb": 64,
        "h+r+rbi": 94,
        "2b": 6,
        "l": 1,
        "ip": 27.0,
        "h_allowed": 21,
        "er": 13,
        "bb_allowed": 9,
        "k": 26,
        "hr_allowed": 3,
        "pc": 424,
        "st": 281,
        "era": 47.4,
        "outs": 81,
        "gamesPlayed": 3,
        "w": 2,
        "sf": 1
    },
    "tb": {
        "ab": 99,
        "r": 15,
        "h": 29,
        "rbi": 15,
        "hr": 3,
        "bb": 9,
        "so": 24,
        "#p": 457,
        "avg": 8.058,
        "obp": 9.446,
        "slg": 12.602,
        "sf": 2,
        "sb": 5,
        "1b": 21,
        "tb": 43,
        "h+r+rbi": 59,
        "2b": 5,
        "w": 2,
        "ip": 27.0,
        "h_allowed": 19,
        "er": 11,
        "bb_allowed": 11,
        "k": 24,
        "hr_allowed": 4,
        "pc": 427,
        "st": 268,
        "era": 51.53,
        "outs": 81,
        "hold": 3,
        "gamesPlayed": 3,
        "l": 1
    },
    "mil": {
        "ab": 76,
        "r": 10,
        "h": 24,
        "rbi": 9,
        "hr": 2,
        "bb": 4,
        "so": 19,
        "#p": 301,
        "avg": 5.7620000000000005,
        "obp": 6.833,
        "slg": 8.027,
        "sb": 5,
        "1b": 20,
        "tb": 32,
        "h+r+rbi": 43,
        "2b": 2,
        "ip": 18.0,
        "h_allowed": 13,
        "er": 7,
        "bb_allowed": 4,
        "k": 16,
        "hr_allowed": 4,
        "pc": 276,
        "st": 181,
        "era": 78.0,
        "outs": 54,
        "w": 2,
        "sv": 2,
        "gamesPlayed": 2,
        "sf": 1,
        "hold": 2
    },
    "stl": {
        "ab": 99,
        "r": 10,
        "h": 15,
        "rbi": 9,
        "hr": 1,
        "bb": 5,
        "so": 30,
        "#p": 417,
        "avg": 3.4019999999999997,
        "obp": 4.377,
        "slg": 5.343999999999999,
        "2b": 3,
        "sb": 1,
        "1b": 11,
        "tb": 21,
        "h+r+rbi": 34,
        "sf": 2,