{
    "pit": {
        "ab": 162,
        "r": 31,
        "h": 46,
        "rbi": 30,
        "hr": 4,
        "bb": 26,
        "so": 48,
        "#p": 786,
        "avg": 11.492,
        "obp": 15.692,
        "slg": 22.063000000000002,
        "sb": 2,
        "1b": 31,
        "tb": 70,
        "h+r+rbi": 107,
        "3b": 1,
        "ip": 40.0,
        "h_allowed": 29,
        "er": 16,
        "bb_allowed": 14,
        "k": 38,
        "hr_allowed": 3,
        "pc": 575,
        "st": 384,
        "era": 33.88999999999999,
        "outs": 120,
        "hold": 3,
        "w": 4,
        "sv": 3,
        "gamesPlayed": 4,
        "2b": 10,
        "sf": 2
    },
    "sd": {
        "ab": 212,
        "r": 45,
        "h": 63,
        "rbi": 41,
        "hr": 8,
        "bb": 22,
        "so": 43,
        "#p": 909,
        "avg": 17.613000000000003,
        "obp": 22.69299999999999,
        "slg": 25.594999999999995,
        "sb": 3.0,
        "1b": 41,
        "tb": 102,
        "h+r+rbi": 149,
        "3b": 1,
        "sf": 2,
        "2b": 13,
        "ip": 54.0,
        "h_allowed": 59,
        "er": 38,
        "bb_allowed": 29,
        "k": 52,
        "hr_allowed": 7,
        "pc": 963,
        "st": 605,
        "era": 312.7,
        "outs": 162,
        "w": 3,
        "hold": 5,
        "sv": 2,
        "gamesPlayed": 6,
        "l": 3,
        "b": 1
    },
    "oak": {
        "ab": 125,
        "r": 11,
        "h": 27,
        "rbi": 11,
        "hr": 2,
        "bb": 13,
        "so": 38,
        "#p": 555,
        "avg": 6.913,
        "obp": 9.98,
        "slg": 10.776,
        "3b": 2,
        "sb": 2,
        "1b": 18,
        "tb": 42,
        "h+r+rbi": 49,
        "2b": 5,
        "ip": 36.0,
        "h_allowed": 42,
        "er": 24,
        "bb_allowed": 16,
        "k": 27,
        "hr_allowed": 2,
        "pc": 644,
        "st": 400,
        "era": 89.07000000000001,
        "outs": 108,
        "hold": 1,
        "b": 1,
        "w": 1,
        "gamesPlayed": 4,
        "l": 3,
        "sf": 2
    },
    "tex": {
        "ab": 109,
        "r": 20,
        "h": 32,
        "rbi": 20,
        "hr": 5,
        "bb": 14,
        "so": 29,
        "#p": 480,
        "avg": 9.038,
        "obp": 11.513,
        "slg": 20.647,
        "2b": 6,
        "sb": 2,
        "1b": 19,
        "tb": 57,
        "h+r+rbi": 72,
        "3b": 2,
        "ip": 28.0,
        "h_allowed": 23,
        "er": 13,
        "bb_allowed": 16,
        "k": 22,
        "hr_allowed": 2,
        "pc": 477,
        "st": 279,
        "era": 52.42,
        "outs": 84,
        "l": 1,
        "gamesPlayed": 3,
        "sf": 2,
        "w": 2,
        "hold": 3
    },
    "det": {
        "ab": 108,
        "r": 11,
        "h": 26,
        "rbi": 11,
        "hr": 4,
        "bb": 9,
        "so": 27,
        "#p": 454,
        "avg": 7.912999999999999,
        "obp": 10.103000000000002,
        "slg": 11.007,
        "sb": 2,
        "1b": 19,
        "tb": 42,
        "h+r+rbi": 48,
        "ip": 28.0,
        "h_allowed": 18,
        "er": 8,
        "bb_allowed": 5,
        "k": 29,
        "hr_allowed": 5,
        "pc": 413,
        "st": 269,
        "era": 21.56,
        "outs": 84,
        "b": 1,
        "w": 3,
        "sv": 2,
        "gamesPlayed": 3,
        "3b": 1,
        "2b": 2,
        "sf": 1,
        "hold": 2
    },
    "kc": {
        "ab": 100,
        "r": 13,
        "h": 24,
        "rbi": 12,
        "hr": 6,
        "bb": 7,
        "so": 26,
        "#p": 413,
        "avg": 5.518000000000001,
        "obp": 6.479000000000001,
        "slg": 10.475000000000001,
        "sb": 0,
        "1b": 11,
        "tb": 50,
        "h+r+rbi": 49,
        "3b": 1,
        "2b": 6,
        "w": 1,
        "ip": 27.0,
        "h_allowed": 21,
        "er": 9,
        "bb_allowed": 10,
        "k": 30,
        "hr_allowed": 1,
        "pc": 433,
        "st": 281,
        "era": 66.0,
        "outs": 81,
        "gamesPlayed": 3,
        "hold": 1,
        "b": 1,
        "l": 2
    },
    "bal": {
        "ab": 101,
        "r": 25,
        "h": 27,
        "rbi": 25,
        "hr": 4,
        "bb": 13,
        "so": 20,
        "#p": 483,
        "avg": 12.017,
        "obp": 14.290000000000001,
        "slg": 20.84,
        "sb": 1,
        "1b": 15,
        "tb": 48,
        "h+r+rbi": 77,
        "l": 1,
        "ip": 27.0,
        "h_allowed": 18,
        "er": 9,
        "bb_allowed": 5,
        "k": 35,
        "hr_allowed": 3,
        "pc": 410,
        "st": 266,
        "era": Infinity,
        "outs": 81,
        "gamesPlayed": 3,
        "3b": 1,
        "2b": 7,
        "sf": 3,
        "w": 2
    },
    "lad": {
        "ab": 209,
        "r": 39,
        "h": 62,
        "rbi": 38,
        "hr": 10,
        "bb": 29,
        "so": 55,
        "#p": 958,
        "avg": 15.671999999999999,
        "obp": 22.312999999999995,
        "slg": 23.478000000000005,
        "2b": 9,
        "sb": 2.0,
        "1b": 43,
        "tb": 101,
        "h+r+rbi": 139,
        "sf": 4,
        "l": 2,
        "ip": 55.0,
        "h_allowed": 45,
        "er": 27,
        "bb_allowed": 18,
        "k": 57,
        "hr_allowed": 2,
        "pc": 899,
        "st": 578,
        "era": 177.59,
        "outs": 165,
        "gamesPlayed": 6,
        "w": 4,
        "hold": 2,
        "sv": 4,
        "b": 1
    },
    "atl": {
        "ab": 115,
        "r": 25,
        "h": 39,
        "rbi": 24,
        "hr": 5,
        "bb": 9,
        "so": 29,
        "#p": 492,
        "avg": 10.605999999999998,
        "obp": 12.713999999999997,
        "slg": 16.684,
        "sb": 2,
        "1b": 22,
        "tb": 66,
        "h+r+rbi": 88,
        "2b": 12,
        "ip": 26.0,
        "h_allowed": 22,
        "er": 12,
        "bb_allowed": 11,
        "k": 28,
        "hr_allowed": 3,
        "pc": 409,
        "st": 267,
        "era": 78.38,
        "outs": 78,
        "hold": 2,
        "l": 1,
        "gamesPlayed": 3,
        "w": 2
    },
    "ari": {
        "ab": 135,
        "r": 32,
        "h": 45,
        "rbi": 31,
        "hr": 7,
        "bb": 18,
        "so": 22,
        "#p": 608,
        "avg": 15.581,
        "obp": 17.758999999999997,
        "slg": 22.766000000000002,
        "sb": 5,
        "1b": 31,
        "tb": 73,
        "h+r+rbi": 108,
        "2b": 7,
        "w": 3,
        "ip": 36.0,
        "h_allowed": 29,
        "er": 14,
        "bb_allowed": 9,
        "k": 35,
        "hr_allowed": 3,
        "pc": 560,
        "st": 373,
        "era": 49.2,
        "outs": 108,
        "gamesPlayed": 4,
        "l": 1,
        "sf": 1
    },
    "tb": {
        "ab": 130,
        "r": 17,
        "h": 32,
        "rbi": 17,
        "hr": 5,
        "bb": 11,
        "so": 30,
        "#p": 597,
        "avg": 10.744,
        "obp": 12.998999999999999,
        "slg": 16.802000000000003,
        "sb": 6,
        "1b": 22,
        "tb": 52,
        "h+r+rbi": 66,
        "l": 2,
        "ip": 36.0,
        "h_allowed": 29,
        "er": 19,
        "bb_allowed": 19,
        "k": 33,
        "hr_allowed": 6,
        "pc": 602,
        "st": 375,
        "era": 90.1,
        "outs": 108,
        "gamesPlayed": 4,
        "sf": 2,
        "2b": 5,
        "w": 2,
        "hold": 3
    },
    "mil": {
        "ab": 109,
        "r": 14,
        "h": 33,
        "rbi": 13,
        "hr": 2,
        "bb": 10,
        "so": 29,
        "#p": 461,
        "avg": 8.602,
        "obp": 10.256,
        "slg": 11.821,
        "sb": 8,
        "1b": 25,
        "tb": 45,
        "h+r+rbi": 60,
        "2b": 6,
        "w": 3,
        "ip": 27.0,
        "h_allowed": 20,
        "er": 8,
        "bb_allowed": 6,
        "k": 23,
        "hr_allowed": 4,
        "pc": 408,
        "st": 272,
        "era": 79.8,
        "outs": 81,
        "hold": 3,
        "sv": 3,
        "gamesPlayed": 3,
        "sf": 1
    },