{
    "ari": {
        "ab": 76,
        "r": 23,
        "h": 32,
        "rbi": 23,
        "hr": 4,
        "bb": 7,
        "so": 11,
        "#p": 307,
        "avg": 7.945,
        "obp": 8.785000000000002,
        "slg": 11.251999999999999,
        "sb": 1,
        "1b": 23,
        "tb": 49,
        "h+r+rbi": 78,
        "2b": 5,
        "sf": 1,
        "ip": 18.0,
        "h_allowed": 11,
        "er": 4,
        "bb_allowed": 3,
        "k": 17,
        "hr_allowed": 1,
        "pc": 259,
        "st": 171,
        "era": 21.15,
        "outs": 54,
        "w": 2,
        "gamesPlayed": 2
    },
    "atl": {
        "ab": 40,
        "r": 9,
        "h": 13,
        "rbi": 8,
        "hr": 0,
        "bb": 5,
        "so": 10,
        "#p": 175,
        "avg": 3.3000000000000003,
        "obp": 4.4670000000000005,
        "slg": 4.8,
        "sb": 1,
        "1b": 7,
        "tb": 19,
        "h+r+rbi": 30,
        "2b": 6,
        "ip": 9.0,
        "h_allowed": 5,
        "er": 3,
        "bb_allowed": 3,
        "k": 15,
        "hr_allowed": 1,
        "pc": 144,
        "st": 96,
        "era": 12.6,
        "outs": 27,
        "w": 1,
        "gamesPlayed": 1
    },
    "bal": {
        "ab": 33,
        "r": 11,
        "h": 10,
        "rbi": 11,
        "hr": 2,
        "bb": 6,
        "so": 5,
        "#p": 180,
        "avg": 3.499,
        "obp": 4.333,
        "slg": 6.333,
        "sb": 1,
        "1b": 6,
        "tb": 18,
        "h+r+rbi": 32,
        "sf": 2,
        "2b": 2,
        "w": 1,
        "ip": 9.0,
        "h_allowed": 2,
        "er": 2,
        "bb_allowed": 3,
        "k": 14,
        "hr_allowed": 1,
        "pc": 138,
        "st": 83,
        "era": 10.5,
        "outs": 27,
        "gamesPlayed": 1
    },
    "bos": {
        "ab": 69,
        "r": 6,
        "h": 15,
        "rbi": 6,
        "hr": 2,
        "bb": 5,
        "so": 20,
        "#p": 295,
        "avg": 4.566000000000001,
        "obp": 5.588000000000001,
        "slg": 7.937,
        "sb": 4,
        "1b": 10,
        "tb": 25,
        "h+r+rbi": 27,
        "2b": 2,
        "3b": 1,
        "w": 1,
        "ip": 17.0,
        "h_allowed": 12,
        "er": 5,
        "bb_allowed": 3,
        "k": 23,
        "hr_allowed": 3,
        "pc": 274,
        "st": 172,
        "era": 23.1,
        "outs": 51,
        "hold": 3,
        "sv": 1,
        "gamesPlayed": 2,
        "l": 1
    },
    "chc": {
        "ab": 33,
        "r": 3,
        "h": 6,
        "rbi": 2,
        "hr": 0,
        "bb": 5,
        "so": 8,
        "#p": 169,
        "avg": 1.683,
        "obp": 2.7830000000000004,
        "slg": 2.867,
        "sb": 0,
        "1b": 2,
        "tb": 11,
        "h+r+rbi": 11,
        "2b": 3,
        "3b": 1,
        "sf": 1,
        "ip": 9.2,
        "h_allowed": 8,
        "er": 3,
        "bb_allowed": 6,
        "k": 10,
        "hr_allowed": 2,
        "pc": 161,
        "st": 105,
        "era": 37.93,
        "outs": 29,
        "b": 2,
        "l": 1,
        "gamesPlayed": 1
    },
    "chw": {
        "ab": 30,
        "r": 0,
        "h": 3,
        "rbi": 0,
        "hr": 0,
        "bb": 0,
        "so": 11,
        "#p": 113,
        "avg": 0.9159999999999999,
        "obp": 0.9159999999999999,
        "slg": 0.9159999999999999,
        "sb": 0,
        "1b": 3,
        "tb": 3,
        "h+r+rbi": 3,
        "l": 1,
        "ip": 9.0,
        "h_allowed": 6,
        "er": 1,
        "bb_allowed": 1,
        "k": 11,
        "hr_allowed": 0,
        "pc": 133,
        "st": 89,
        "era": 1.5,
        "outs": 27,
        "gamesPlayed": 1
    },
    "cin": {
        "ab": 34,
        "r": 8,
        "h": 10,
        "rbi": 8,
        "hr": 2,
        "bb": 2,
        "so": 9,
        "#p": 128,
        "avg": 2.75,
        "obp": 3.15,
        "slg": 5.083,
        "sb": 3,
        "1b": 5,
        "tb": 19,
        "h+r+rbi": 26,
        "2b": 3,
        "w": 1,
        "ip": 9.0,
        "h_allowed": 6,
        "er": 2,
        "bb_allowed": 0,
        "k": 9,
        "hr_allowed": 1,
        "pc": 136,
        "st": 89,
        "era": 18.0,
        "outs": 27,
        "gamesPlayed": 1
    },
    "cle": {
        "ab": 69,
        "r": 14,
        "h": 20,
        "rbi": 12,
        "hr": 1,
        "bb": 9,
        "so": 16,
        "#p": 328,
        "avg": 5.144,
        "obp": 6.997,
        "slg": 8.204,
        "sb": 2,
        "1b": 10,
        "tb": 33,
        "h+r+rbi": 46,
        "3b": 1,
        "2b": 8,
        "sf": 1,
        "w": 2,
        "ip": 18.0,
        "h_allowed": 12,
        "er": 4,
        "bb_allowed": 3,
        "k": 18,
        "hr_allowed": 2,
        "pc": 260,
        "st": 170,
        "era": 14.4,
        "outs": 54,
        "gamesPlayed": 2,
        "hold": 3,
        "sv": 1
    },
    "col": {
        "ab": 63,
        "r": 4,
        "h": 11,
        "rbi": 3,
        "hr": 1,
        "bb": 3,
        "so": 17,
        "#p": 259,
        "avg": 3.2629999999999995,
        "obp": 4.274,
        "slg": 5.19,
        "sb": 0,
        "1b": 6,
        "tb": 19,
        "h+r+rbi": 18,
        "2b": 3,
        "l": 2,
        "ip": 16.0,
        "h_allowed": 32,
        "er": 23,
        "bb_allowed": 7,
        "k": 11,
        "hr_allowed": 4,
        "pc": 307,
        "st": 196,
        "era": 218.57,
        "outs": 48,
        "gamesPlayed": 2,
        "3b": 1
    },
    "det": {
        "ab": 32,
        "r": 1,
        "h": 6,
        "rbi": 1,
        "hr": 0,
        "bb": 1,
        "so": 11,
        "#p": 133,
        "avg": 1.75,
        "obp": 2.833,
        "slg": 1.75,
        "sf": 1,
        "sb": 1,
        "1b": 6,
        "tb": 6,
        "h+r+rbi": 8,
        "w": 1,
        "ip": 9.0,
        "h_allowed": 3,
        "er": 0,
        "bb_allowed": 0,
        "k": 11,
        "hr_allowed": 0,
        "pc": 113,
        "st": 82,
        "era": 0.0,
        "outs": 27,
        "hold": 2,
        "sv": 1,
        "gamesPlayed": 1
    },
    "hou": {
        "ab": 71,
        "r": 5,
        "h": 20,
        "rbi": 5,
        "hr": 1,
        "bb": 8,
        "so": 13,
        "#p": 281,
        "avg": 6.4799999999999995,
        "obp": 7.602,
        "slg": 9.055,
        "sb": 3,
        "1b": 17,
        "tb": 25,
        "h+r+rbi": 30,
        "2b": 2,
        "ip": 18.0,
        "h_allowed": 20,
        "er": 10,
        "bb_allowed": 14,
        "k": 19,
        "hr_allowed": 2,
        "pc": 348,
        "st": 202,
        "era": 102.09,
        "outs": 54,
        "b": 1,
        "l": 2,
        "gamesPlayed": 2
    },
    "kc": {
        "ab": 31,
        "r": 1,
        "h": 5,
        "rbi": 1,
        "hr": 1,
        "bb": 1,
        "so": 8,
        "#p": 119,
        "avg": 1.4989999999999999,
        "obp": 1.666,
        "slg": 2.833,
        "sb": 0,
        "1b": 2,
        "tb": 10,
        "h+r+rbi": 7,
        "2b": 2,
        "l": 1,
        "ip": 9.0,
        "h_allowed": 10,
        "er": 4,
        "bb_allowed": 5,
        "k": 12,
        "hr_allowed": 1,
        "pc": 158,
        "st": 102,
        "era": 21.0,
        "outs": 27,
        "gamesPlayed": 1
    },
    "laa": {
        "ab": 28,
        "r": 3,
        "h": 2,
        "rbi": 2,
        "hr": 1,
        "bb": 3,
        "so": 14,
        "#p": 138,
        "avg": 1.333,
        "obp": 2.249,
        "slg": 3.333,
        "sb": 0,
        "1b": 0,
        "tb": 6,
        "h+r+rbi": 7,
        "2b": 1,
        "l": 1,
        "ip": 8.0,
        "h_allowed": 10,
        "er": 9,
        "bb_allowed": 6,
        "k": 5,
        "hr_allowed": 2,
        "pc": 180,
        "st": 103,
        "era": 64.06,
        "outs": 24,
        "gamesPlayed": 1
    },
    "lad": {
        "ab": 136,
        "r": 29,
        "h": 40,
        "rbi": 28,
        "hr": 7,
        "bb": 21,
        "so": 35,
        "#p": 617,
        "avg": 9.777000000000001,
        "obp": 14.528,