NAME	TEAM	ML	A/H	LINE	SZN AVG	W-L Splits	A-H Splits	% OVER	L15 OVER	L5 OVER	LAST 10 GAMES	LYR OVER	FD	DK	Best	Implied
Igor Shesterkin	NYR	-148	H	25.5	26.67	*69%* - 38%	64% - *50%*	58%	53%	60%	03,52,32,12,13,72,62,43,12,22	52%	0	-105/-125	-105 DK	51.21951219512195%
Alex Nedeljkovic	PIT	-125	A	28.5	28.0	*57%* - 50%	*50%* - 57%	54%	54%	20%	13,13,93,81,42,32,12,73,41,42	47%	0	-115/-115	-115 DK	53.48837209302325%
Alexandar Georgiev	COL	-130	H	24.5	24.36	*50%* - 45%	65% - *31%*	48%	40%	40%	52,91,14,42,22,82,01,81,82,21	67%	0	-120/-110	-120 DK	54.54545454545454%
Thatcher Demko	VAN	'124	A	27.5	27.11	37% - *56%*	*42%* - 44%	43%	47%	60%	62,12,82,63,52,23,12,53,03,12	56%	0	-120/-110	-120 DK	54.54545454545454%
Carter Hart	PHI	'105	H	28.5	25.45	36% - *45%*	45% - *36%*	41%	47%	40%	23,13,13,52,63,13,8,72,13,22	30%	0	-110/-120	-110 DK	52.38095238095239%