NAME	TEAM	ML	A/H	LINE	SZN AVG	W-L Splits	A-H Splits	% OVER	L15 OVER	L5 OVER	LAST 10 GAMES	LYR OVER	FD	DK	Best	Implied
Vitek Vanecek	NJ	-440	H	23.5	23.22	*43%* - 67%	67% - *43%*	52%	40%	60%	01,41,82,32,32,32,82,22,62,62	36%	-118/-108	-105/-125	-105 DK	51.21951219512195%
Darcy Kuemper	WSH	'150	H	28.5	25.58	67% - *10%*	27% - *50%*	37%	33%	40%	12,82,23,2,23,82,03,62,42,23	37%	-108/-118	-110/-120	-108 FD	51.92307692307693%