NAME	TEAM	ML	A/H	LINE	SZN AVG	W-L Splits	A-H Splits	% OVER	L15 OVER	L5 OVER	LAST 10 GAMES	LYR OVER	FD	DK	Best	Implied
Semyon Varlamov	NYI	-125	A	26.5	27.47	*83%* - 55%	*80%* - 43%	65%	53%	20%	93,23,12,63,33,6,11,22,43,91	39%	0	-105/-125	-105 DK	51.21951219512195%
Jordan Binnington	STL	'105	H	27.5	27.56	75% - *42%*	58% - *60%*	59%	60%	80%	13,12,81,23,33,12,03,82,53,82	45%	0	-125/-105	-125 DK	55.55555555555556%
Tristan Jarry	PIT	-270	H	24.5	24.5	*50%* - 50%	41% - *58%*	50%	47%	60%	91,23,22,62,22,52,32,92,81,13	59%	0	-120/-110	-120 DK	54.54545454545454%
Andrei Vasilevskiy	TB	-198	H	25.5	25.25	*58%* - 15%	44% - *38%*	41%	47%	60%	33,92,71,12,12,33,63,82,61,42	52%	0	-115/-115	-115 DK	53.48837209302325%
Anton Forsberg	OTT	'142	H	27.5	23.72	56% - *11%*	20% - *38%*	33%	40%	40%	33,81,91,03,54,9,34,6,73,32	40%	-120/-110	-120/-110	-120 DK	54.54545454545454%
Jake Oettinger	DAL	-170	A	28.5	26.32	*33%* - 31%	*35%* - 29%	32%	40%	20%	83,03,81,42,74,81,23,02,02,72	27%	0	-115/-115	-115 DK	53.48837209302325%
Sergei Bobrovsky	FLA	-105	A	28.5	25.12	*36%* - 8%	*21%* - 32%	27%	27%	20%	81,62,11,13,53,12,53,52,82,82	40%	0	-120/-110	-120 DK	54.54545454545454%