NAME	TEAM	ML	A/H	LINE	SZN AVG	W-L Splits	A-H Splits	% OVER	L15 OVER	L5 OVER	LAST 10 GAMES	LYR OVER	FD	DK	Best	Implied
Connor Hellebuyck	WPG	-455	H	24.5	27.03	*75%* - 31%	53% - *65%*	59%	60%	60%	72,51,92,43,53,43,71,62,42,53	68%	0	-115/-115	-115 DK	53.48837209302325%
Kaapo Kahkonen	SJ	'350	A	30.5	28.17	67% - *44%*	*53%* - 44%	50%	47%	80%	53,83,71,03,62,61,23,44,13,13	31%	0	-125/-105	-125 DK	55.55555555555556%
Tristan Jarry	PIT	'105	H	28.5	24.5	29% - *40%*	29% - *41%*	35%	20%	20%	4,92,91,23,22,62,22,52,32,92	37%	0	-115/-115	-115 DK	53.48837209302325%
Sergei Bobrovsky	FLA	-125	A	27.5	24.97	*44%* - 15%	*24%* - 43%	34%	33%	60%	62,22,13,81,62,11,13,53,12,53	49%	0	-125/-105	-125 DK	55.55555555555556%