NAME	TEAM	ML	A/H	LINE	SZN AVG	W-L Splits	A-H Splits	% OVER	L15 OVER	L5 OVER	LAST 10 GAMES	LYR OVER	FD	DK	Best	Implied
Jake Allen	MTL	'124	H	29.5	30.27	100% - *60%*	71% - *75%*	73%	67%	80%	5,23,93,62,82,03,03,22,23,23	38%	0	-125/-105	-125 DK	55.55555555555556%
Ilya Sorokin	NYI	-155	H	28.5	31.44	*71%* - 65%	53% - *79%*	68%	47%	60%	32,52,42,92,23,52,92,04,02,14	48%	0	-105/-125	-105 DK	51.21951219512195%
Darcy Kuemper	WSH	'136	A	27.5	25.87	82% - *17%*	*45%* - 50%	48%	53%	60%	23,82,03,62,42,23,82,83,91,42	40%	0	-105/-125	-105 DK	51.21951219512195%
Samuel Ersson	PHI	-115	H	24.5	22.64	*50%* - 40%	45% - *45%*	45%	53%	40%	42,72,81,92,62,71,53,41,8,92	67%	0	-120/-110	-120 DK	54.54545454545454%