NAME	TEAM	ML	A/H	LINE	SZN AVG	W-L Splits	A-H Splits	% OVER	L15 OVER	L5 OVER	LAST 10 GAMES	LYR OVER	FD	DK	Implied
Jake Allen	MTL	'210	A	30.5	30.67	75% - *50%*	*67%* - 50%	58%	58%	20%	63,24,23,5,23,93,62,82,03,03	31%	0	-120/-110	54.54545454545454%
Connor Hellebuyck	WPG	-148	H	25.5	26.32	*62%* - 22%	50% - *46%*	48%	53%	40%	91,63,02,23,52,23,03,32,42,32	60%	0	-110/-120	52.38095238095239%
Tristan Jarry	PIT	-205	H	26.5	25.09	*50%* - 38%	31% - *60%*	43%	53%	20%	53,13,22,93,13,42,03,91,01,22	50%	0	-105/-125	51.21951219512195%
Filip Gustavsson	MIN	'124	A	27.5	26.43	36% - *40%*	*30%* - 45%	38%	27%	40%	32,62,82,51,42,53,53,62,22,52	42%	0	-110/-120	52.38095238095239%
Andrei Vasilevskiy	TB	-115	H	26.5	26.57	*50%* - 17%	25% - *50%*	36%	36%	80%	52,42,62,81,35,22,82,03,33,82	51%	0	-125/-105	55.55555555555556%
Anthony Stolarz	FLA	-258	H	24.5	21.44	*50%* - 20%	29% - *50%*	33%	33%	20%	72,91,91,43,13,32,71,1,22	61%	0	-125/-105	55.55555555555556%
Pyotr Kochetkov	CAR	-125	A	26.5	21.47	*44%* - 0%	*27%* - 12%	21%	27%	40%	02,3,42,13,52,02,03,42,32,53	0%	0	-120/-110	54.54545454545454%