NAME	TEAM	ML	A/H	LINE	SZN AVG	W-L Splits	A-H Splits	% OVER	L15 OVER	L5 OVER	LAST 10 GAMES	LYR OVER	FD	DK	Best	Implied
Scott Wedgewood	DAL	-198	H	24.5	26.42	*58%* - 57%	71% - *50%*	58%	47%	20%	53,71,91,82,52,32,41,92,81,12	71%	0	-110/-120	-110 DK	52.38095238095239%
Adin Hill	VGK	'114	A	27.5	25.27	36% - *75%*	*50%* - 44%	47%	40%	60%	73,14,92,02,32,92,13,23,61,2	38%	0	-110/-120	-110 DK	52.38095238095239%
Samuel Ersson	PHI	-185	H	24.5	22.89	*50%* - 38%	40% - *50%*	44%	53%	60%	92,91,72,33,42,72,81,92,62,71	75%	0	-110/-120	-110 DK	52.38095238095239%
Alexandar Georgiev	COL	-135	H	25.5	24.34	*38%* - 36%	53% - *22%*	37%	20%	20%	14,42,22,82,01,81,82,21,32,52	56%	0	-110/-120	-110 DK	52.38095238095239%