NAME	TEAM	ML	A/H	LINE	SZN AVG	W-L Splits	A-H Splits	% OVER	L15 OVER	L5 OVER	LAST 10 GAMES	LYR OVER	FD	DK	Implied
Linus Ullmark	BOS	-162	H	28.5	29.67	*64%* - 57%	70% - *50%*	61%	67%	80%	72,33,81,73,23,13,33,62,33,13	48%	0	-110/-120	52.38095238095239%
Jake Allen	MTL	'210	A	30.5	30.0	75% - *44%*	*57%* - 50%	54%	54%	0%	24,23,5,23,93,62,82,03,03,22	31%	-118/-108	-120/-110	54.12844036697248%
Tristan Jarry	PIT	-205	H	26.5	25.08	*45%* - 38%	31% - *55%*	42%	47%	20%	13,22,93,13,42,03,91,01,22,52	50%	-108/-118	-105/-125	51.21951219512195%
Igor Shesterkin	NYR	-105	A	27.5	27.14	*40%* - 43%	*57%* - 12%	41%	53%	40%	52,83,03,52,32,12,13,72,62,43	43%	0	'+100/-130	50.0%
Andrei Vasilevskiy	TB	-115	H	27.5	25.87	*50%* - 14%	25% - *43%*	33%	33%	80%	42,62,81,35,22,82,03,33,82,61	44%	-106/-120	-105/-125	51.21951219512195%
Anthony Stolarz	FLA	-258	H	24.5	21.1	*40%* - 20%	29% - *33%*	30%	30%	0%	72,91,91,43,13,32,71,1,22,81	61%	-124/-102	-125/-105	55.35714285714286%
Pyotr Kochetkov	CAR	-125	A	26.5	21.65	*40%* - 0%	*25%* - 12%	20%	27%	40%	3,42,13,52,02,03,42,32,53,52	0%	-118/-108	-120/-110	54.12844036697248%