NAME	TEAM	ML	A/H	LINE	SZN AVG	W-L Splits	A-H Splits	% OVER	L15 OVER	L5 OVER	LAST 10 GAMES	LYR OVER	FD	DK	Best	Implied
Igor Shesterkin	NYR	-470	H	23.5	26.87	*93%* - 50%	86% - *67%*	78%	73%	80%	83,03,52,32,12,13,72,62,43,12	69%	-118/-108	-120/-110	-118 FD	54.12844036697248%
Jake Allen	MTL	'124	H	28.5	30.0	100% - *56%*	71% - *67%*	69%	69%	40%	24,23,5,23,93,62,82,03,03,22	49%	-112/-112	-115/-115	-112 FD	52.83018867924528%
Alex Nedeljkovic	PIT	'124	A	27.5	28.33	67% - *50%*	*60%* - 57%	58%	58%	20%	83,13,13,93,81,42,32,12,73,41	47%	-112/-112	-115/-115	-112 FD	52.83018867924528%
Petr Mrazek	CHI	'360	A	29.5	27.67	89% - *33%*	*46%* - 64%	54%	47%	60%	73,83,52,5,22,53,32,73,03,52	43%	-108/-118	-110/-120	-108 FD	51.92307692307693%
Jordan Binnington	STL	'130	H	26.5	27.08	75% - *36%*	46% - *62%*	54%	40%	20%	24,33,34,12,62,23,02,81,51,12	45%	-102/-124	-105/-125	-102 FD	50.495049504950494%
Juuse Saros	NSH	-120	H	26.5	25.4	*56%* - 43%	73% - *37%*	50%	47%	40%	23,63,73,12,91,92,13,41,81,12	61%	-124/-102	-125/-105	-124 FD	55.35714285714286%
Connor Ingram	ARI	-102	H	26.5	25.95	*71%* - 12%	50% - *50%*	50%	40%	40%	82,13,62,22,42,04,12,3,22,82	62%	-118/-108	-120/-110	-118 FD	54.12844036697248%
Alexandar Georgiev	COL	'110	A	26.5	24.65	38% - *30%*	*44%* - 27%	35%	40%	20%	42,71,52,91,14,42,22,82,01,81	46%	-124/-102	-125/-105	-124 FD	55.35714285714286%
Daniil Tarasov	CBJ	'164	A	29.5	28.5	0% - *33%*	*50%* - 0%	25%	25%	25%	42,52,62,93	0%	-108/-118	-110/-120	-108 FD	51.92307692307693%