NAME	TEAM	ML	A/H	LINE	SZN AVG	W-L Splits	A-H Splits	% OVER	L15 OVER	L5 OVER	LAST 10 GAMES	LYR OVER	FD	DK	Best	Implied
Ilya Sorokin	NYI	'124	H	28.5	30.92	69% - *64%*	56% - *73%*	66%	47%	60%	23,52,92,04,02,14,42,53,81,92	48%	-102/-124	-105/-125	-102 FD	50.495049504950494%
Karel Vejmelka	ARI	'210	A	29.5	25.58	33% - *44%*	*55%* - 31%	42%	27%	20%	92,02,53,13,8,63,82,92,21,12	28%	-124/-102	-120/-110	-120 DK	54.54545454545454%
Igor Shesterkin	NYR	-148	A	26.5	25.18	*52%* - 23%	*53%* - 27%	41%	27%	40%	02,51,42,92,12,61,91,51,82,92	51%	-118/-108	-120/-110	-118 FD	54.12844036697248%
Tristan Jarry	PIT	-130	H	26.5	24.31	*36%* - 38%	35% - *39%*	37%	20%	20%	92,91,23,22,62,22,52,32,92,81	50%	0	-115/-115	-115 DK	53.48837209302325%