{
    "J. Anderson": {
        "g": 0.0,
        "a": 0.0,
        "+/-": -1.0,
        "s": 3.0,
        "sm": 3.0,
        "bs": 1.0,
        "pn": 0.0,
        "pim": 0.0,
        "ht": 0.0,
        "tk": 0.0,
        "gv": 0.0,
        "shft": 20.0,
        "toi": 17.08,
        "pptoi": 2.4699999999999998,
        "shtoi": 0.0,
        "estoi": 14.62,
        "fw": 0.0,
        "fl": 0.0,
        "fo%": 0.0
    },
    "J. Armia": {
        "g": 1.0,
        "a": 0.0,
        "+/-": 0.0,
        "s": 3.0,
        "sm": 1.0,
        "bs": 0.0,
        "pn": 1.0,
        "pim": 2.0,
        "ht": 0.0,
        "tk": 1.0,
        "gv": 0.0,
        "shft": 21.0,
        "toi": 15.2,
        "pptoi": 0.0,
        "shtoi": 2.23,
        "estoi": 12.97,
        "fw": 0.0,
        "fl": 0.0,
        "fo%": 0.0
    },
    "C. Caufield": {
        "g": 0.0,
        "a": 0.0,
        "+/-": -1.0,
        "s": 2.0,
        "sm": 1.0,
        "bs": 0.0,
        "pn": 0.0,
        "pim": 0.0,
        "ht": 1.0,
        "tk": 0.0,
        "gv": 1.0,
        "shft": 23.0,
        "toi": 20.47,
        "pptoi": 3.5300000000000002,
        "shtoi": 0.0,
        "estoi": 16.93,
        "fw": 1.0,
        "fl": 0.0,
        "fo%": 100.0
    },
    "J. Evans": {
        "g": 0.0,
        "a": 0.0,
        "+/-": -2.0,
        "s": 1.0,
        "sm": 0.0,
        "bs": 1.0,
        "pn": 0.0,
        "pim": 0.0,
        "ht": 1.0,
        "tk": 1.0,
        "gv": 0.0,
        "shft": 20.0,
        "toi": 16.5,
        "pptoi": 0.92,
        "shtoi": 3.73,
        "estoi": 11.85,
        "fw": 7.0,
        "fl": 6.0,
        "fo%": 53.8
    },
    "B. Gallagher": {
        "g": 0.0,
        "a": 0.0,
        "+/-": -2.0,
        "s": 2.0,
        "sm": 0.0,
        "bs": 0.0,
        "pn": 0.0,
        "pim": 0.0,
        "ht": 0.0,
        "tk": 0.0,
        "gv": 1.0,
        "shft": 19.0,
        "toi": 15.53,
        "pptoi": 2.4699999999999998,
        "shtoi": 0.0,
        "estoi": 13.07,
        "fw": 0.0,
        "fl": 0.0,
        "fo%": 0.0
    },
    "S. Monahan": {
        "g": 0.0,
        "a": 0.0,
        "+/-": -1.0,
        "s": 3.0,
        "sm": 0.0,
        "bs": 0.0,
        "pn": 0.0,
        "pim": 0.0,
        "ht": 0.0,
        "tk": 1.0,
        "gv": 1.0,
        "shft": 23.0,
        "toi": 19.0,
        "pptoi": 3.5300000000000002,
        "shtoi": 2.07,
        "estoi": 13.4,
        "fw": 10.0,
        "fl": 8.0,
        "fo%": 55.6
    },
    "M. Pezzetta": {
        "g": 0.0,
        "a": 0.0,
        "+/-": -1.0,
        "s": 2.0,
        "sm": 2.0,
        "bs": 0.0,
        "pn": 1.0,
        "pim": 2.0,
        "ht": 4.0,
        "tk": 0.0,
        "gv": 0.0,
        "shft": 14.0,
        "toi": 10.07,
        "pptoi": 0.0,
        "shtoi": 0.0,
        "estoi": 10.07,
        "fw": 0.0,
        "fl": 0.0,
        "fo%": 0.0
    },
    "J. Slafkovsky": {
        "g": 0.0,
        "a": 0.0,
        "+/-": -1.0,
        "s": 2.0,
        "sm": 0.0,
        "bs": 1.0,
        "pn": 0.0,
        "pim": 0.0,
        "ht": 1.0,
        "tk": 0.0,
        "gv": 2.0,
        "shft": 24.0,
        "toi": 19.77,
        "pptoi": 3.5300000000000002,
        "shtoi": 0.0,
        "estoi": 16.23,
        "fw": 0.0,
        "fl": 0.0,
        "fo%": 0.0
    },
    "M. Stephens": {
        "g": 0.0,
        "a": 0.0,
        "+/-": 0.0,
        "s": 0.0,
        "sm": 0.0,
        "bs": 0.0,
        "pn": 1.0,
        "pim": 2.0,
        "ht": 1.0,
        "tk": 0.0,
        "gv": 0.0,
        "shft": 17.0,
        "toi": 11.07,
        "pptoi": 0.0,
        "shtoi": 1.5699999999999998,
        "estoi": 9.5,
        "fw": 6.0,
        "fl": 6.0,
        "fo%": 50.0
    },
    "N. Suzuki": {
        "g": 0.0,
        "a": 0.0,
        "+/-": -1.0,
        "s": 2.0,
        "sm": 0.0,
        "bs": 0.0,
        "pn": 0.0,
        "pim": 0.0,
        "ht": 0.0,
        "tk": 0.0,
        "gv": 0.0,
        "shft": 25.0,
        "toi": 23.3,
        "pptoi": 5.08,
        "shtoi": 0.97,
        "estoi": 17.25,
        "fw": 10.0,
        "fl": 9.0,
        "fo%": 52.6
    },
    "J. Ylonen": {
        "g": 0.0,
        "a": 0.0,
        "+/-": -2.0,
        "s": 5.0,
        "sm": 1.0,
        "bs": 0.0,
        "pn": 0.0,
        "pim": 0.0,
        "ht": 2.0,
        "tk": 0.0,
        "gv": 1.0,
        "shft": 16.0,
        "toi": 13.47,
        "pptoi": 2.4699999999999998,
        "shtoi": 0.0,
        "estoi": 11.0,
        "fw": 0.0,
        "fl": 0.0,
        "fo%": 0.0
    },
    "J. Barron": {
        "g": 0.0,
        "a": 0.0,
        "+/-": -1.0,
        "s": 3.0,
        "sm": 1.0,
        "bs": 0.0,
        "pn": 0.0,
        "pim": 0.0,
        "ht": 0.0,
        "tk": 1.0,
        "gv": 1.0,
        "shft": 18.0,
        "toi": 16.78,
        "pptoi": 2.4699999999999998,
        "shtoi": 0.1,
        "estoi": 14.22,
        "fw": 0.0,
        "fl": 0.0,
        "fo%": 0.0
    },
    "K. Guhle": {
        "g": 0.0,
        "a": 0.0,
        "+/-": -1.0,
        "s": 0.0,
        "sm": 0.0,
        "bs": 1.0,
        "pn": 0.0,
        "pim": 0.0,
        "ht": 1.0,
        "tk": 0.0,
        "gv": 1.0,
        "shft": 20.0,
        "toi": 18.9,
        "pptoi": 0.0,
        "shtoi": 1.45,
        "estoi": 17.45,
        "fw": 0.0,
        "fl": 0.0,
        "fo%": 0.0
    },
    "J. Harris": {
        "g": 0.0,
        "a": 0.0,
        "+/-": -1.0,
        "s": 1.0,
        "sm": 3.0,
        "bs": 1.0,
        "pn": 0.0,
        "pim": 0.0,
        "ht": 0.0,
        "tk": 0.0,
        "gv": 0.0,
        "shft": 16.0,
        "toi": 15.57,
        "pptoi": 0.0,
        "shtoi": 1.02,
        "estoi": 14.55,
        "fw": 0.0,
        "fl": 0.0,
        "fo%": 0.0
    },
    "J. Kovacevic": {
        "g": 0.0,
        "a": 0.0,
        "+/-": 0.0,
        "s": 0.0,
        "sm": 0.0,
        "bs": 4.0,
        "pn": 0.0,
        "pim": 0.0,
        "ht": 0.0,
        "tk": 0.0,
        "gv": 2.0,
        "shft": 7.0,
        "toi": 8.12,
        "pptoi": 0.0,
        "shtoi": 1.18,
        "estoi": 6.93,
        "fw": 0.0,
        "fl": 0.0,
        "fo%": 0.0
    },
    "M. Matheson": {
        "g": 0.0,
        "a": 0.0,
        "+/-": 0.0,
        "s": 3.0,
        "sm": 0.0,
        "bs": 0.0,
        "pn": 1.0,
        "pim": 2.0,
        "ht": 0.0,
        "tk": 1.0,
        "gv": 0.0,
        "shft": 20.0,
        "toi": 19.95,
        "pptoi": 3.5300000000000002,
        "shtoi": 3.62,
        "estoi": 12.8,
        "fw": 0.0,
        "fl": 0.0,
        "fo%": 0.0
    },
    "D. Savard": {
        "g": 0.0,
        "a": 0.0,
        "+/-": -1.0,
        "s": 0.0,
        "sm": 0.0,
        "bs": 5.0,
        "pn": 2.0,
        "pim": 4.0,
        "ht": 0.0,
        "tk": 1.0,
        "gv": 0.0,
        "shft": 19.0,
        "toi": 16.75,
        "pptoi": 0.0,
        "shtoi": 3.05,
        "estoi": 13.7,
        "fw": 0.0,
        "fl": 0.0,
        "fo%": 0.0
    },
    "J. Struble": {
        "g": 0.0,
        "a": 0.0,
        "+/-": -1.0,
        "s": 1.0,
        "sm": 1.0,
        "bs": 0.0,
        "pn": 0.0,
        "pim": 0.0,
        "ht": 3.0,
        "tk": 0.0,
        "gv": 2.0,
        "shft": 17.0,
        "toi": 17.75,
        "pptoi": 0.0,
        "shtoi": 0.22,
        "estoi": 17.53,
        "fw": 0.0,
        "fl": 0.0,
        "fo%": 0.0
    },
    "J. Allen": {
        "sa": 37.0,
        "ga": 5.0,
        "sv": 32.0,
        "sv%": 0.865,
        "essv": 26.0,
        "ppsv": 3.0,
        "shsv": 3.0,
        "sosa": 0.0,
        "sos": 0.0,
        "toi": 59.43,
        "pim": 0.0
    }
}