{
    "pit": {
        "ttoi": 3905.99,
        "ttoiL10": 599.76,
        "ttoiL5": 301.21,
        "ttoiL3": 181.32,
        "ttoiL1": 59.77,
        "oppTTOI": 3911.06,
        "oppTTOIL10": 603.9,
        "oppTTOIL5": 297.87,
        "oppTTOIL3": 178.32,
        "oppTTOIL1": 59.5
    },
    "sj": {
        "ttoi": 3902.7300000000005,
        "ttoiL10": 600.19,
        "ttoiL5": 298.79,
        "ttoiL3": 176.97,
        "ttoiL1": 59.55,
        "oppTTOI": 3909.18,
        "oppTTOIL10": 604.75,
        "oppTTOIL5": 307.32,
        "oppTTOIL3": 183.87,
        "oppTTOIL1": 59.77
    },
    "ott": {
        "ttoi": 3843.6600000000003,
        "ttoiL10": 608.21,
        "ttoiL5": 306.13,
        "ttoiL3": 185.35,
        "ttoiL1": 65.0,
        "oppTTOI": 3839.939999999999,
        "oppTTOIL10": 602.84,
        "oppTTOIL5": 303.0,
        "oppTTOIL3": 183.42000000000002,
        "oppTTOIL1": 62.25
    },
    "edm": {
        "ttoi": 3839.9500000000003,
        "ttoiL10": 607.3499999999999,
        "ttoiL5": 303.97999999999996,
        "ttoiL3": 183.53,
        "ttoiL1": 59.8,
        "oppTTOI": 3843.6200000000003,
        "oppTTOIL10": 595.47,
        "oppTTOIL5": 296.22,
        "oppTTOIL3": 178.55,
        "oppTTOIL1": 59.3
    },
    "bos": {
        "ttoi": 4125.830000000001,
        "ttoiL10": 607.6700000000001,
        "ttoiL5": 301.1,
        "ttoiL3": 178.8,
        "ttoiL1": 60.42,
        "oppTTOI": 4102.1,
        "oppTTOIL10": 596.5799999999999,
        "oppTTOIL5": 297.54,
        "oppTTOIL3": 179.43,
        "oppTTOIL1": 60.0
    },
    "wsh": {
        "ttoi": 3876.0199999999995,
        "ttoiL10": 600.26,
        "ttoiL5": 299.28,
        "ttoiL3": 179.65,
        "ttoiL1": 59.83,
        "oppTTOI": 3914.9900000000007,
        "oppTTOIL10": 591.1,
        "oppTTOIL5": 295.9,
        "oppTTOIL3": 177.37,
        "oppTTOIL1": 59.89
    },
    "cbj": {
        "ttoi": 3896.9900000000007,
        "ttoiL10": 596.64,
        "ttoiL5": 301.77,
        "ttoiL3": 183.05,
        "ttoiL1": 65.0,
        "oppTTOI": 3971.9100000000003,
        "oppTTOIL10": 598.06,
        "oppTTOIL5": 296.73,
        "oppTTOIL3": 179.72,
        "oppTTOIL1": 60.0
    },
    "cgy": {
        "ttoi": 3963.1400000000003,
        "ttoiL10": 601.9,
        "ttoiL5": 300.0,
        "ttoiL3": 180.0,
        "ttoiL1": 60.0,
        "oppTTOI": 3958.729999999999,
        "oppTTOIL10": 593.8,
        "oppTTOIL5": 295.90000000000003,
        "oppTTOIL3": 176.65,
        "oppTTOIL1": 59.25
    },
    "sea": {
        "ttoi": 3936.7299999999996,
        "ttoiL10": 603.23,
        "ttoiL5": 299.96,
        "ttoiL3": 180.84,
        "ttoiL1": 58.55,
        "oppTTOI": 3928.14,
        "oppTTOIL10": 601.26,
        "oppTTOIL5": 297.48,
        "oppTTOIL3": 177.6,
        "oppTTOIL1": 57.6
    },
    "van": {
        "ttoi": 4028.7000000000003,
        "ttoiL10": 600.01,
        "ttoiL5": 301.24,
        "ttoiL3": 180.19,
        "ttoiL1": 60.5,
        "oppTTOI": 4006.4900000000002,
        "oppTTOIL10": 591.52,
        "oppTTOIL5": 296.72,
        "oppTTOIL3": 180.54,
        "oppTTOIL1": 61.7
    },
    "phi": {
        "ttoi": 4041.0699999999997,
        "ttoiL10": 598.18,
        "ttoiL5": 303.63,
        "ttoiL3": 178.70999999999998,
        "ttoiL1": 59.52,
        "oppTTOI": 4029.5000000000005,
        "oppTTOIL10": 600.27,
        "oppTTOIL5": 305.53999999999996,
        "oppTTOIL3": 183.85,
        "oppTTOIL1": 60.0
    },
    "mtl": {
        "ttoi": 3997.6400000000012,
        "ttoiL10": 605.0,
        "ttoiL5": 298.1,
        "ttoiL3": 178.3,
        "ttoiL1": 60.42,
        "oppTTOI": 3999.4900000000002,
        "oppTTOIL10": 605.7700000000001,
        "oppTTOIL5": 303.8,
        "oppTTOIL3": 187.72,
        "oppTTOIL1": 60.0
    },
    "nyi": {
        "ttoi": 3917.979999999999,
        "ttoiL10": 595.5699999999999,
        "ttoiL5": 296.94,
        "ttoiL3": 176.94,
        "ttoiL1": 57.87,
        "oppTTOI": 3855.3899999999994,
        "oppTTOIL10": 601.49,
        "oppTTOIL5": 300.14,
        "oppTTOIL3": 180.95,
        "oppTTOIL1": 60.95
    },
    "la": {
        "ttoi": 3912.290000000001,
        "ttoiL10": 599.3900000000001,
        "ttoiL5": 298.49000000000007,
        "ttoiL3": 175.47000000000003,
        "ttoiL1": 56.77,
        "oppTTOI": 3922.929999999999,
        "oppTTOIL10": 612.19,
        "oppTTOIL5": 310.07000000000005,
        "oppTTOIL3": 186.12,
        "oppTTOIL1": 57.37
    },
    "chi": {
        "ttoi": 3943.0,
        "ttoiL10": 598.21,
        "ttoiL5": 299.65,
        "ttoiL3": 179.82999999999998,
        "ttoiL1": 59.83,
        "oppTTOI": 3953.2799999999997,
        "oppTTOIL10": 599.4300000000001,
        "oppTTOIL5": 299.96000000000004,
        "oppTTOIL3": 176.68,
        "oppTTOIL1": 59.98
    },
    "fla": {
        "ttoi": 4014.4199999999996,
        "ttoiL10": 606.86,
        "ttoiL5": 298.93,
        "ttoiL3": 179.3,
        "ttoiL1": 59.3,
        "oppTTOI": 3946.669999999999,
        "oppTTOIL10": 593.12,
        "oppTTOIL5": 300.37,
        "oppTTOIL3": 182.44,
        "oppTTOIL1": 59.97
    },
    "wpg": {
        "ttoi": 3901.4000000000005,
        "ttoiL10": 595.24,
        "ttoiL5": 296.24,
        "ttoiL3": 178.36,
        "ttoiL1": 58.53,
        "oppTTOI": 3871.5999999999995,
        "oppTTOIL10": 590.3599999999999,
        "oppTTOIL5": 298.96,
        "oppTTOIL3": 177.57999999999998,
        "oppTTOIL1": 58.58
    },
    "min": {
        "ttoi": 4036.8499999999995,
        "ttoiL10": 602.7799999999999,
        "ttoiL5": 305.78999999999996,
        "ttoiL3": 183.26,
        "ttoiL1": 60.0,
        "oppTTOI": 3968.510000000001,
        "oppTTOIL10": 588.6999999999999,
        "oppTTOIL5": 292.53999999999996,
        "oppTTOIL3": 175.27999999999997,
        "oppTTOIL1": 57.73
    },
    "ari": {
        "ttoi": 4012.34,
        "ttoiL10": 592.43,
        "ttoiL5": 297.96999999999997,
        "ttoiL3": 179.17,
        "ttoiL1": 60.0,
        "oppTTOI": 4014.56,
        "oppTTOIL10": 593.9,
        "oppTTOIL5": 299.43,
        "oppTTOIL3": 179.43,
        "oppTTOIL1": 59.58
    },
    "vgk": {
        "ttoi": 3969.559999999999,
        "ttoiL10": 599.92,
        "ttoiL5": 297.27,
        "ttoiL3": 181.47,
        "ttoiL1": 59.72,
        "oppTTOI": 3974.669999999999,
        "oppTTOIL10": 604.0200000000001,
        "oppTTOIL5": 301.1,
        "oppTTOIL3": 181.1,
        "oppTTOIL1": 58.83
    },
    "car": {
        "ttoi": 3963.480000000001,
        "ttoiL10": 596.5400000000001,
        "ttoiL5": 296.75,
        "ttoiL3": 178.0,
        "ttoiL1": 60.0,
        "oppTTOI": 3967.3200000000006,
        "oppTTOIL10": 604.25,
        "oppTTOIL5": 304.6,
        "oppTTOIL3": 185.23,
        "oppTTOIL1": 60.83
    },
    "buf": {
        "ttoi": 4006.57,
        "ttoiL10": 610.67,
        "ttoiL5": 304.82,
        "ttoiL3": 184.17000000000002,
        "ttoiL1": 60.0,
        "oppTTOI": 4018.9100000000003,
        "oppTTOIL10": 598.5300000000001,
        "oppTTOIL5": 294.83000000000004,
        "oppTTOIL3": 177.05,
        "oppTTOIL1": 58.3
    },
    "stl": {
        "ttoi": 3945.2400000000002,
        "ttoiL10": 602.51,
        "ttoiL5": 297.26,
        "ttoiL3": 179.92000000000002,
        "ttoiL1": 60.0,
        "oppTTOI": 3952.8900000000012,
        "oppTTOIL10": 597.6800000000001,
        "oppTTOIL5": 296.6,
        "oppTTOIL3": 177.4,
        "oppTTOIL1": 60.0
    },
    "tor": {
        "ttoi": 3929.0099999999998,
        "ttoiL10": 606.89,
        "ttoiL5": 302.64,
        "ttoiL3": 179.93,
        "ttoiL1": 60.0,
        "oppTTOI": 3936.839999999999,
        "oppTTOIL10": 603.98,
        "oppTTOIL5": 303.33000000000004,
        "oppTTOIL3": 183.33,
        "oppTTOIL1": 58.95
    },
    "tb": {
        "ttoi": 3946.2000000000007,
        "ttoiL10": 595.16,
        "ttoiL5": 304.81,
        "ttoiL3": 179.13,
        "ttoiL1": 59.95,
        "oppTTOI": 3959.580000000001,
        "oppTTOIL10": 594.9799999999999,