{
    "pit": {
        "ttoi": 3186.23,
        "ttoiL10": 600.93,
        "ttoiL5": 296.84999999999997,
        "ttoiL3": 178.29999999999998,
        "ttoiL1": 60.95,
        "oppTTOI": 3195.09,
        "oppTTOIL10": 602.1700000000001,
        "oppTTOIL5": 298.27,
        "oppTTOIL3": 178.32,
        "oppTTOIL1": 59.5
    },
    "nyi": {
        "ttoi": 3322.41,
        "ttoiL10": 600.24,
        "ttoiL5": 302.24,
        "ttoiL3": 186.12,
        "ttoiL1": 60.95,
        "oppTTOI": 3255.33,
        "oppTTOIL10": 603.84,
        "oppTTOIL5": 300.09,
        "oppTTOIL3": 180.95,
        "oppTTOIL1": 60.95
    },
    "la": {
        "ttoi": 3254.780000000001,
        "ttoiL10": 600.59,
        "ttoiL5": 302.57,
        "ttoiL3": 183.34,
        "ttoiL1": 60.0,
        "oppTTOI": 3259.5399999999995,
        "oppTTOIL10": 606.0,
        "oppTTOIL5": 305.07000000000005,
        "oppTTOIL3": 180.64000000000001,
        "oppTTOIL1": 57.37
    },
    "chi": {
        "ttoi": 3344.7899999999995,
        "ttoiL10": 591.05,
        "ttoiL5": 298.37,
        "ttoiL3": 178.76999999999998,
        "ttoiL1": 59.37,
        "oppTTOI": 3354.94,
        "oppTTOIL10": 598.31,
        "oppTTOIL5": 300.76,
        "oppTTOIL3": 175.85999999999999,
        "oppTTOIL1": 59.98
    },
    "fla": {
        "ttoi": 3347.8800000000006,
        "ttoiL10": 605.16,
        "ttoiL5": 301.03999999999996,
        "ttoiL3": 181.51999999999998,
        "ttoiL1": 61.6,
        "oppTTOI": 3284.0199999999995,
        "oppTTOIL10": 592.84,
        "oppTTOIL5": 300.37,
        "oppTTOIL3": 182.44,
        "oppTTOIL1": 59.97
    },
    "wpg": {
        "ttoi": 3245.9400000000005,
        "ttoiL10": 601.2600000000001,
        "ttoiL5": 298.84000000000003,
        "ttoiL3": 179.19,
        "ttoiL1": 59.75,
        "oppTTOI": 3220.2799999999997,
        "oppTTOIL10": 591.36,
        "oppTTOIL5": 298.18,
        "oppTTOIL3": 177.71,
        "oppTTOIL1": 58.58
    },
    "min": {
        "ttoi": 3374.07,
        "ttoiL10": 596.6800000000001,
        "ttoiL5": 300.06,
        "ttoiL3": 180.93,
        "ttoiL1": 59.67,
        "oppTTOI": 3309.1600000000003,
        "oppTTOIL10": 597.8399999999999,
        "oppTTOIL5": 295.05999999999995,
        "oppTTOIL3": 175.27999999999997,
        "oppTTOIL1": 57.73
    },
    "mtl": {
        "ttoi": 3334.390000000001,
        "ttoiL10": 596.12,
        "ttoiL5": 295.65,
        "ttoiL3": 177.22,
        "ttoiL1": 57.67,
        "oppTTOI": 3331.8599999999997,
        "oppTTOIL10": 606.9,
        "oppTTOIL5": 303.79999999999995,
        "oppTTOIL3": 185.7,
        "oppTTOIL1": 62.72
    },
    "ari": {
        "ttoi": 3299.36,
        "ttoiL10": 592.18,
        "ttoiL5": 292.83,
        "ttoiL3": 176.27,
        "ttoiL1": 58.32,
        "oppTTOI": 3297.94,
        "oppTTOIL10": 593.9,
        "oppTTOIL5": 299.71,
        "oppTTOIL3": 179.43,
        "oppTTOIL1": 59.58
    },
    "vgk": {
        "ttoi": 3369.64,
        "ttoiL10": 595.5500000000001,
        "ttoiL5": 294.5,
        "ttoiL3": 176.78,
        "ttoiL1": 58.8,
        "oppTTOI": 3369.1499999999996,
        "oppTTOIL10": 604.0200000000001,
        "oppTTOIL5": 301.1,
        "oppTTOIL3": 181.1,
        "oppTTOIL1": 58.83
    },
    "sea": {
        "ttoi": 3333.5,
        "ttoiL10": 603.1,
        "ttoiL5": 301.95000000000005,
        "ttoiL3": 185.55,
        "ttoiL1": 60.83,
        "oppTTOI": 3330.6099999999997,
        "oppTTOIL10": 601.56,
        "oppTTOIL5": 299.53,
        "oppTTOIL3": 180.0,
        "oppTTOIL1": 60.0
    },
    "car": {
        "ttoi": 3306.9900000000002,
        "ttoiL10": 598.54,
        "ttoiL5": 301.17,
        "ttoiL3": 180.0,
        "ttoiL1": 60.0,
        "oppTTOI": 3309.8700000000013,
        "oppTTOIL10": 603.9,
        "oppTTOIL5": 304.6,
        "oppTTOIL3": 185.23,
        "oppTTOIL1": 60.83
    },
    "van": {
        "ttoi": 3487.9700000000003,
        "ttoiL10": 602.4799999999999,
        "ttoiL5": 293.33,
        "ttoiL3": 174.1,
        "ttoiL1": 59.28,
        "oppTTOI": 3465.67,
        "oppTTOIL10": 588.57,
        "oppTTOIL5": 294.62,
        "oppTTOIL3": 177.02,
        "oppTTOIL1": 61.12
    },
    "phi": {
        "ttoi": 3382.8899999999994,
        "ttoiL10": 595.2,
        "ttoiL5": 299.17,
        "ttoiL3": 179.32,
        "ttoiL1": 58.42,
        "oppTTOI": 3376.34,
        "oppTTOIL10": 600.4300000000001,
        "oppTTOIL5": 304.65,
        "oppTTOIL3": 187.42,
        "oppTTOIL1": 60.0
    },
    "buf": {
        "ttoi": 3276.0,
        "ttoiL10": 591.5,
        "ttoiL5": 296.04,
        "ttoiL3": 177.74,
        "ttoiL1": 58.88,
        "oppTTOI": 3291.39,
        "oppTTOIL10": 593.5300000000001,
        "oppTTOIL5": 294.83000000000004,
        "oppTTOIL3": 177.05,
        "oppTTOIL1": 58.3
    },
    "bos": {
        "ttoi": 3391.3099999999995,
        "ttoiL10": 607.1999999999999,
        "ttoiL5": 308.6,
        "ttoiL3": 186.76,
        "ttoiL1": 64.58,
        "oppTTOI": 3370.93,
        "oppTTOIL10": 590.4499999999999,
        "oppTTOIL5": 296.12,
        "oppTTOIL3": 178.61,
        "oppTTOIL1": 60.0
    },
    "wsh": {
        "ttoi": 3215.8599999999997,
        "ttoiL10": 602.9,
        "ttoiL5": 302.79,
        "ttoiL3": 177.87,
        "ttoiL1": 60.0,
        "oppTTOI": 3255.62,
        "oppTTOIL10": 600.93,
        "oppTTOIL5": 291.71,
        "oppTTOIL3": 176.01,
        "oppTTOIL1": 57.480000000000004
    },
    "stl": {
        "ttoi": 3282.729999999999,
        "ttoiL10": 597.42,
        "ttoiL5": 293.26,
        "ttoiL3": 174.13,
        "ttoiL1": 56.63,
        "oppTTOI": 3289.5200000000004,
        "oppTTOIL10": 597.6800000000001,
        "oppTTOIL5": 296.6,
        "oppTTOIL3": 177.4,
        "oppTTOIL1": 60.0
    },
    "ott": {
        "ttoi": 3175.45,
        "ttoiL10": 604.8199999999999,
        "ttoiL5": 299.36,
        "ttoiL3": 179.63,
        "ttoiL1": 61.6,
        "oppTTOI": 3167.1399999999994,
        "oppTTOIL10": 602.82,
        "oppTTOIL5": 300.99,
        "oppTTOIL3": 181.07,
        "oppTTOIL1": 61.17
    },
    "tor": {
        "ttoi": 3262.4699999999993,
        "ttoiL10": 601.64,
        "ttoiL5": 299.28000000000003,
        "ttoiL3": 180.65,
        "ttoiL1": 60.0,
        "oppTTOI": 3274.9500000000003,
        "oppTTOIL10": 603.98,
        "oppTTOIL5": 303.33000000000004,
        "oppTTOIL3": 183.33,
        "oppTTOIL1": 58.95
    },
    "tb": {
        "ttoi": 3407.4100000000003,
        "ttoiL10": 599.06,
        "ttoiL5": 301.1,
        "ttoiL3": 176.1,
        "ttoiL1": 56.37,
        "oppTTOI": 3417.440000000001,
        "oppTTOIL10": 594.9799999999999,
        "oppTTOIL5": 296.75,
        "oppTTOIL3": 177.18,
        "oppTTOIL1": 58.43
    },
    "nsh": {
        "ttoi": 3337.3499999999995,
        "ttoiL10": 599.76,
        "ttoiL5": 300.42,
        "ttoiL3": 179.87,
        "ttoiL1": 59.87,
        "oppTTOI": 3346.53,
        "oppTTOIL10": 601.9599999999999,
        "oppTTOIL5": 301.78,
        "oppTTOIL3": 184.1,
        "oppTTOIL1": 59.92
    },
    "nyr": {
        "ttoi": 3294.2199999999993,
        "ttoiL10": 597.36,
        "ttoiL5": 298.5,
        "ttoiL3": 176.32,
        "ttoiL1": 59.75,
        "oppTTOI": 3353.7400000000002,
        "oppTTOIL10": 596.39,
        "oppTTOIL5": 299.4,
        "oppTTOIL3": 181.38,
        "oppTTOIL1": 59.5
    },
    "nj": {
        "ttoi": 3282.209999999999,
        "ttoiL10": 595.11,
        "ttoiL5": 297.58,
        "ttoiL3": 177.85,
        "ttoiL1": 59.78,
        "oppTTOI": 3284.8,
        "oppTTOIL10": 595.7499999999999,
        "oppTTOIL5": 296.15,
        "oppTTOIL3": 176.15,
        "oppTTOIL1": 60.0
    },
    "cbj": {
        "ttoi": 3187.980000000001,
        "ttoiL10": 595.51,
        "ttoiL5": 293.94,
        "ttoiL3": 175.74,
        "ttoiL1": 60.0,
        "oppTTOI": 3256.310000000001,
        "oppTTOIL10": 599.14,
        "oppTTOIL5": 301.99,
        "oppTTOIL3": 182.26999999999998,
        "oppTTOIL1": 60.0
    },