{
    "pit": {
        "ttoi": 238.62,
        "ttoiL10": 238.62,
        "ttoiL5": 238.62,
        "ttoiL3": 178.62,
        "ttoiL1": 60.0,
        "oppTTOI": 236.85,
        "oppTTOIL10": 236.85,
        "oppTTOIL5": 236.85,
        "oppTTOIL3": 179.55,
        "oppTTOIL1": 60.0
    },
    "mtl": {
        "ttoi": 234.48,
        "ttoiL10": 234.48,
        "ttoiL5": 234.48,
        "ttoiL3": 174.48,
        "ttoiL1": 57.3,
        "oppTTOI": 233.57999999999998,
        "oppTTOIL10": 233.57999999999998,
        "oppTTOIL5": 233.57999999999998,
        "oppTTOIL3": 177.23,
        "oppTTOIL1": 60.0
    },
    "tor": {
        "ttoi": 176.26,
        "ttoiL10": 176.26,
        "ttoiL5": 176.26,
        "ttoiL3": 176.26,
        "ttoiL1": 59.55,
        "oppTTOI": 176.95,
        "oppTTOIL10": 176.95,
        "oppTTOIL5": 176.95,
        "oppTTOIL3": 176.95,
        "oppTTOIL1": 58.85
    },
    "det": {
        "ttoi": 177.78,
        "ttoiL10": 177.78,
        "ttoiL5": 177.78,
        "ttoiL3": 177.78,
        "ttoiL1": 57.78,
        "oppTTOI": 176.92000000000002,
        "oppTTOIL10": 176.92000000000002,
        "oppTTOIL5": 176.92000000000002,
        "oppTTOIL3": 176.92000000000002,
        "oppTTOIL1": 59.77
    },
    "nyr": {
        "ttoi": 183.82999999999998,
        "ttoiL10": 183.82999999999998,
        "ttoiL5": 183.82999999999998,
        "ttoiL3": 183.82999999999998,
        "ttoiL1": 59.8,
        "oppTTOI": 181.86,
        "oppTTOIL10": 181.86,
        "oppTTOIL5": 181.86,
        "oppTTOIL3": 181.86,
        "oppTTOIL1": 60.0
    },
    "chi": {
        "ttoi": 179.33,
        "ttoiL10": 179.33,
        "ttoiL5": 179.33,
        "ttoiL3": 179.33,
        "ttoiL1": 60.0,
        "oppTTOI": 177.6,
        "oppTTOIL10": 177.6,
        "oppTTOIL5": 177.6,
        "oppTTOIL3": 177.6,
        "oppTTOIL1": 60.0
    },
    "edm": {
        "ttoi": 175.35,
        "ttoiL10": 175.35,
        "ttoiL5": 175.35,
        "ttoiL3": 175.35,
        "ttoiL1": 57.82,
        "oppTTOI": 180.0,
        "oppTTOIL10": 180.0,
        "oppTTOIL5": 180.0,
        "oppTTOIL3": 180.0,
        "oppTTOIL1": 60.0
    },
    "wpg": {
        "ttoi": 180.9,
        "ttoiL10": 180.9,
        "ttoiL5": 180.9,
        "ttoiL3": 180.9,
        "ttoiL1": 60.83,
        "oppTTOI": 181.48000000000002,
        "oppTTOIL10": 181.48000000000002,
        "oppTTOIL5": 181.48000000000002,
        "oppTTOIL3": 181.48000000000002,
        "oppTTOIL1": 60.63
    },
    "utah": {
        "ttoi": 244.56,
        "ttoiL10": 244.56,
        "ttoiL5": 244.56,
        "ttoiL3": 184.56,
        "ttoiL1": 58.18,
        "oppTTOI": 245.03,
        "oppTTOIL10": 245.03,
        "oppTTOIL5": 245.03,
        "oppTTOIL3": 185.03,
        "oppTTOIL1": 58.7
    },
    "ana": {
        "ttoi": 119.83,
        "ttoiL10": 119.83,
        "ttoiL5": 119.83,
        "ttoiL3": 119.83,
        "ttoiL1": 60.0,
        "oppTTOI": 117.97999999999999,
        "oppTTOIL10": 117.97999999999999,
        "oppTTOIL5": 117.97999999999999,
        "oppTTOIL3": 117.97999999999999,
        "oppTTOIL1": 57.98
    },
    "vgk": {
        "ttoi": 180.0,
        "ttoiL10": 180.0,
        "ttoiL5": 180.0,
        "ttoiL3": 180.0,
        "ttoiL1": 60.0,
        "oppTTOI": 174.64,
        "oppTTOIL10": 174.64,
        "oppTTOIL5": 174.64,
        "oppTTOIL3": 174.64,
        "oppTTOIL1": 60.0
    },
    "sj": {
        "ttoi": 118.72999999999999,
        "ttoiL10": 118.72999999999999,
        "ttoiL5": 118.72999999999999,
        "ttoiL3": 118.72999999999999,
        "ttoiL1": 57.98,
        "oppTTOI": 118.86,
        "oppTTOIL10": 118.86,
        "oppTTOIL5": 118.86,
        "oppTTOIL3": 118.86,
        "oppTTOIL1": 59.83
    },
    "stl": {
        "ttoi": 178.4,
        "ttoiL10": 178.4,
        "ttoiL5": 178.4,
        "ttoiL3": 178.4,
        "ttoiL1": 59.37,
        "oppTTOI": 179.05,
        "oppTTOIL10": 179.05,
        "oppTTOIL5": 179.05,
        "oppTTOIL3": 179.05,
        "oppTTOIL1": 60.75
    },
    "car": {
        "ttoi": 58.13,
        "ttoiL10": 58.13,
        "ttoiL5": 58.13,
        "ttoiL3": 58.13,
        "ttoiL1": 58.13,
        "oppTTOI": 60.0,
        "oppTTOIL10": 60.0,
        "oppTTOIL5": 60.0,
        "oppTTOIL3": 60.0,
        "oppTTOIL1": 60.0
    },
    "tb": {
        "ttoi": 60.0,
        "ttoiL10": 60.0,
        "ttoiL5": 60.0,
        "ttoiL3": 60.0,
        "ttoiL1": 60.0,
        "oppTTOI": 58.13,
        "oppTTOIL10": 58.13,
        "oppTTOIL5": 58.13,
        "oppTTOIL3": 58.13,
        "oppTTOIL1": 58.13
    },
    "cgy": {
        "ttoi": 180.6,
        "ttoiL10": 180.6,
        "ttoiL5": 180.6,
        "ttoiL3": 180.6,
        "ttoiL1": 60.0,
        "oppTTOI": 177.04,
        "oppTTOIL10": 177.04,
        "oppTTOIL5": 177.04,
        "oppTTOIL3": 177.04,
        "oppTTOIL1": 60.62
    },
    "phi": {
        "ttoi": 123.6,
        "ttoiL10": 123.6,
        "ttoiL5": 123.6,
        "ttoiL3": 123.6,
        "ttoiL1": 58.6,
        "oppTTOI": 124.05,
        "oppTTOIL10": 124.05,
        "oppTTOIL5": 124.05,
        "oppTTOIL3": 124.05,
        "oppTTOIL1": 59.05
    },
    "van": {
        "ttoi": 125.62,
        "ttoiL10": 125.62,
        "ttoiL5": 125.62,
        "ttoiL3": 125.62,
        "ttoiL1": 65.0,
        "oppTTOI": 126.55,
        "oppTTOIL10": 126.55,
        "oppTTOIL5": 126.55,
        "oppTTOIL3": 126.55,
        "oppTTOIL1": 61.55
    },
    "nsh": {
        "ttoi": 114.42,
        "ttoiL10": 114.42,
        "ttoiL5": 114.42,
        "ttoiL3": 114.42,
        "ttoiL1": 57.35,
        "oppTTOI": 119.32,
        "oppTTOIL10": 119.32,
        "oppTTOIL5": 119.32,
        "oppTTOIL3": 119.32,
        "oppTTOIL1": 60.0
    },
    "nj": {
        "ttoi": 177.62,
        "ttoiL10": 177.62,
        "ttoiL5": 177.62,
        "ttoiL3": 177.62,
        "ttoiL1": 60.0,
        "oppTTOI": 175.32999999999998,
        "oppTTOIL10": 175.32999999999998,
        "oppTTOIL5": 175.32999999999998,
        "oppTTOIL3": 175.32999999999998,
        "oppTTOIL1": 58.18
    },
    "nyi": {
        "ttoi": 179.22,
        "ttoiL10": 179.22,
        "ttoiL5": 179.22,
        "ttoiL3": 179.22,
        "ttoiL1": 59.87,
        "oppTTOI": 178.93,
        "oppTTOIL10": 178.93,
        "oppTTOIL5": 178.93,
        "oppTTOIL3": 178.93,
        "oppTTOIL1": 62.3
    },
    "dal": {
        "ttoi": 178.97,
        "ttoiL10": 178.97,
        "ttoiL5": 178.97,
        "ttoiL3": 178.97,
        "ttoiL1": 59.65,
        "oppTTOI": 171.79,
        "oppTTOIL10": 171.79,
        "oppTTOIL5": 171.79,
        "oppTTOIL3": 171.79,
        "oppTTOIL1": 57.07
    },
    "buf": {
        "ttoi": 118.28,
        "ttoiL10": 118.28,
        "ttoiL5": 118.28,
        "ttoiL3": 118.28,
        "ttoiL1": 60.0,
        "oppTTOI": 117.75,
        "oppTTOIL10": 117.75,
        "oppTTOIL5": 117.75,
        "oppTTOIL3": 117.75,
        "oppTTOIL1": 58.15
    },
    "fla": {
        "ttoi": 236.72,
        "ttoiL10": 236.72,
        "ttoiL5": 236.72,
        "ttoiL3": 176.72,
        "ttoiL1": 60.0,
        "oppTTOI": 236.5,
        "oppTTOIL10": 236.5,
        "oppTTOIL5": 236.5,
        "oppTTOIL3": 176.5,
        "oppTTOIL1": 60.0
    },
    "la": {
        "ttoi": 183.64,
        "ttoiL10": 183.64,
        "ttoiL5": 183.64,
        "ttoiL3": 183.64,
        "ttoiL1": 60.92,
        "oppTTOI": 181.71,
        "oppTTOIL10": 181.71,
        "oppTTOIL5": 181.71,
        "oppTTOIL3": 181.71,
        "oppTTOIL1": 58.28
    },
    "col": {
        "ttoi": 169.71,
        "ttoiL10": 169.71,
        "ttoiL5": 169.71,
        "ttoiL3": 169.71,
        "ttoiL1": 56.63,
        "oppTTOI": 179.87,
        "oppTTOIL10": 179.87,
        "oppTTOIL5": 179.87,
        "oppTTOIL3": 179.87,
        "oppTTOIL1": 60.0
    },
    "sea": {
        "ttoi": 180.72,
        "ttoiL10": 180.72,
        "ttoiL5": 180.72,
        "ttoiL3": 180.72,
        "ttoiL1": 57.67,
        "oppTTOI": 184.22,
        "oppTTOIL10": 184.22,