{
    "pit": {
        "ttoi": 3246.23,
        "ttoiL10": 601.3499999999999,
        "ttoiL5": 298.27,
        "ttoiL3": 178.32,
        "ttoiL1": 60.0,
        "oppTTOI": 3254.27,
        "oppTTOIL10": 602.1700000000001,
        "oppTTOIL5": 298.27,
        "oppTTOIL3": 178.32,
        "oppTTOIL1": 59.5
    },
    "mtl": {
        "ttoi": 3451.8200000000015,
        "ttoiL10": 595.08,
        "ttoiL5": 294.65000000000003,
        "ttoiL3": 175.10000000000002,
        "ttoiL1": 59.18,
        "oppTTOI": 3451.86,
        "oppTTOIL10": 606.9000000000001,
        "oppTTOIL5": 303.8,
        "oppTTOIL3": 187.72,
        "oppTTOIL1": 60.0
    },
    "nyi": {
        "ttoi": 3381.5899999999992,
        "ttoiL10": 598.74,
        "ttoiL5": 301.42,
        "ttoiL3": 180.3,
        "ttoiL1": 59.18,
        "oppTTOI": 3315.33,
        "oppTTOIL10": 603.84,
        "oppTTOIL5": 300.09,
        "oppTTOIL3": 180.95,
        "oppTTOIL1": 60.95
    },
    "la": {
        "ttoi": 3312.9000000000005,
        "ttoiL10": 601.31,
        "ttoiL5": 300.69,
        "ttoiL3": 177.99,
        "ttoiL1": 58.12,
        "oppTTOI": 3319.359999999999,
        "oppTTOIL10": 606.0,
        "oppTTOIL5": 305.07000000000005,
        "oppTTOIL3": 180.64000000000001,
        "oppTTOIL1": 57.37
    },
    "chi": {
        "ttoi": 3402.9099999999994,
        "ttoiL10": 590.99,
        "ttoiL5": 294.61,
        "ttoiL3": 177.39,
        "ttoiL1": 58.12,
        "oppTTOI": 3414.94,
        "oppTTOIL10": 598.31,
        "oppTTOIL5": 300.76,
        "oppTTOIL3": 175.85999999999999,
        "oppTTOIL1": 59.98
    },
    "fla": {
        "ttoi": 3407.560000000001,
        "ttoiL10": 604.84,
        "ttoiL5": 301.2,
        "ttoiL3": 181.28,
        "ttoiL1": 59.68,
        "oppTTOI": 3343.9699999999993,
        "oppTTOIL10": 593.07,
        "oppTTOIL5": 300.37,
        "oppTTOIL3": 182.44,
        "oppTTOIL1": 59.97
    },
    "wpg": {
        "ttoi": 3245.9400000000005,
        "ttoiL10": 601.2600000000001,
        "ttoiL5": 298.84000000000003,
        "ttoiL3": 179.19,
        "ttoiL1": 59.75,
        "oppTTOI": 3220.2799999999997,
        "oppTTOIL10": 591.36,
        "oppTTOIL5": 298.18,
        "oppTTOIL3": 177.71,
        "oppTTOIL1": 58.58
    },
    "min": {
        "ttoi": 3374.07,
        "ttoiL10": 596.6800000000001,
        "ttoiL5": 300.06,
        "ttoiL3": 180.93,
        "ttoiL1": 59.67,
        "oppTTOI": 3309.1600000000003,
        "oppTTOIL10": 597.8399999999999,
        "oppTTOIL5": 295.05999999999995,
        "oppTTOIL3": 175.27999999999997,
        "oppTTOIL1": 57.73
    },
    "ari": {
        "ttoi": 3359.36,
        "ttoiL10": 592.31,
        "ttoiL5": 293.9,
        "ttoiL3": 176.37,
        "ttoiL1": 60.0,
        "oppTTOI": 3357.59,
        "oppTTOIL10": 593.9,
        "oppTTOIL5": 299.71,
        "oppTTOIL3": 179.43,
        "oppTTOIL1": 59.58
    },
    "vgk": {
        "ttoi": 3429.64,
        "ttoiL10": 592.97,
        "ttoiL5": 294.5,
        "ttoiL3": 178.63,
        "ttoiL1": 60.0,
        "oppTTOI": 3429.1499999999996,
        "oppTTOIL10": 604.0200000000001,
        "oppTTOIL5": 301.1,
        "oppTTOIL3": 181.1,
        "oppTTOIL1": 58.83
    },
    "sea": {
        "ttoi": 3393.5,
        "ttoiL10": 603.43,
        "ttoiL5": 303.7,
        "ttoiL3": 180.55,
        "ttoiL1": 60.0,
        "oppTTOI": 3388.4799999999996,
        "oppTTOIL10": 601.56,
        "oppTTOIL5": 299.53,
        "oppTTOIL3": 180.0,
        "oppTTOIL1": 60.0
    },
    "car": {
        "ttoi": 3366.9400000000005,
        "ttoiL10": 598.49,
        "ttoiL5": 297.55,
        "ttoiL3": 179.95,
        "ttoiL1": 59.95,
        "oppTTOI": 3369.550000000001,
        "oppTTOIL10": 603.9,
        "oppTTOIL5": 304.6,
        "oppTTOIL3": 185.23,
        "oppTTOIL1": 60.83
    },
    "van": {
        "ttoi": 3545.8400000000006,
        "ttoiL10": 596.4200000000001,
        "ttoiL5": 291.57,
        "ttoiL3": 175.32,
        "ttoiL1": 57.87,
        "oppTTOI": 3525.67,
        "oppTTOIL10": 588.57,
        "oppTTOIL5": 294.62,
        "oppTTOIL3": 177.02,
        "oppTTOIL1": 61.12
    },
    "phi": {
        "ttoi": 3442.8899999999994,
        "ttoiL10": 596.7800000000001,
        "ttoiL5": 299.32,
        "ttoiL3": 179.32,
        "ttoiL1": 60.0,
        "oppTTOI": 3434.4600000000005,
        "oppTTOIL10": 600.85,
        "oppTTOIL5": 303.03999999999996,
        "oppTTOIL3": 187.42,
        "oppTTOIL1": 60.0
    },
    "buf": {
        "ttoi": 3336.0,
        "ttoiL10": 592.62,
        "ttoiL5": 297.74,
        "ttoiL3": 178.66,
        "ttoiL1": 60.0,
        "oppTTOI": 3349.64,
        "oppTTOIL10": 593.5300000000001,
        "oppTTOIL5": 294.83000000000004,
        "oppTTOIL3": 177.05,
        "oppTTOIL1": 58.3
    },
    "bos": {
        "ttoi": 3518.16,
        "ttoiL10": 614.7,
        "ttoiL5": 313.61,
        "ttoiL3": 191.43,
        "ttoiL1": 63.68,
        "oppTTOI": 3498.0299999999997,
        "oppTTOIL10": 596.5799999999999,
        "oppTTOIL5": 296.12,
        "oppTTOIL3": 178.61,
        "oppTTOIL1": 60.0
    },
    "wsh": {
        "ttoi": 3275.7599999999998,
        "ttoiL10": 604.03,
        "ttoiL5": 302.69,
        "ttoiL3": 179.72,
        "ttoiL1": 59.9,
        "oppTTOI": 3313.9700000000003,
        "oppTTOIL10": 600.93,
        "oppTTOIL5": 291.71,
        "oppTTOIL3": 176.01,
        "oppTTOIL1": 57.480000000000004
    },
    "stl": {
        "ttoi": 3342.7299999999996,
        "ttoiL10": 595.52,
        "ttoiL5": 293.26,
        "ttoiL3": 174.45999999999998,
        "ttoiL1": 60.0,
        "oppTTOI": 3348.7000000000003,
        "oppTTOIL10": 597.6800000000001,
        "oppTTOIL5": 296.6,
        "oppTTOIL3": 177.4,
        "oppTTOIL1": 60.0
    },
    "ott": {
        "ttoi": 3235.45,
        "ttoiL10": 603.02,
        "ttoiL5": 299.63,
        "ttoiL3": 181.6,
        "ttoiL1": 60.0,
        "oppTTOI": 3227.1399999999994,
        "oppTTOIL10": 602.82,
        "oppTTOIL5": 300.99,
        "oppTTOIL3": 181.07,
        "oppTTOIL1": 61.17
    },
    "tor": {
        "ttoi": 3382.12,
        "ttoiL10": 597.2,
        "ttoiL5": 300.3,
        "ttoiL3": 179.65,
        "ttoiL1": 60.0,
        "oppTTOI": 3394.95,
        "oppTTOIL10": 603.98,
        "oppTTOIL5": 303.33000000000004,
        "oppTTOIL3": 183.33,
        "oppTTOIL1": 58.95
    },
    "tb": {
        "ttoi": 3465.7600000000007,
        "ttoiL10": 597.41,
        "ttoiL5": 299.45,
        "ttoiL3": 174.6,
        "ttoiL1": 58.35,
        "oppTTOI": 3477.340000000001,
        "oppTTOIL10": 594.9799999999999,
        "oppTTOIL5": 296.75,
        "oppTTOIL3": 177.18,
        "oppTTOIL1": 58.43
    },
    "nsh": {
        "ttoi": 3397.1699999999996,
        "ttoiL10": 601.4,
        "ttoiL5": 298.67,
        "ttoiL3": 179.69,
        "ttoiL1": 59.82,
        "oppTTOI": 3404.65,
        "oppTTOIL10": 601.9599999999999,
        "oppTTOIL5": 301.78,
        "oppTTOIL3": 184.1,
        "oppTTOIL1": 59.92
    },
    "nyr": {
        "ttoi": 3353.869999999999,
        "ttoiL10": 595.5300000000001,
        "ttoiL5": 295.97,
        "ttoiL3": 176.5,
        "ttoiL1": 59.65,
        "oppTTOI": 3413.4100000000003,
        "oppTTOIL10": 596.39,
        "oppTTOIL5": 299.4,
        "oppTTOIL3": 181.38,
        "oppTTOIL1": 59.5
    },
    "nj": {
        "ttoi": 3341.879999999999,
        "ttoiL10": 597.3,
        "ttoiL5": 297.52,
        "ttoiL3": 179.45,
        "ttoiL1": 59.67,
        "oppTTOI": 3344.4500000000003,
        "oppTTOIL10": 595.7499999999999,
        "oppTTOIL5": 296.15,
        "oppTTOIL3": 176.15,
        "oppTTOIL1": 60.0
    },
    "cbj": {
        "ttoi": 3243.850000000001,
        "ttoiL10": 591.38,
        "ttoiL5": 290.04,
        "ttoiL3": 174.74,
        "ttoiL1": 55.87,
        "oppTTOI": 3313.3800000000006,
        "oppTTOIL10": 596.2099999999999,
        "oppTTOIL5": 299.05999999999995,
        "oppTTOIL3": 177.01,
        "oppTTOIL1": 60.0
    },
    "ana": {
        "ttoi": 3333.41,