{
    "pit": {
        "ttoi": 2947.9599999999996,
        "ttoiL10": 603.4399999999999,
        "ttoiL5": 303.08,
        "ttoiL3": 176.31,
        "ttoiL1": 58.58,
        "oppTTOI": 2954.7700000000004,
        "oppTTOIL10": 602.6700000000001,
        "oppTTOIL5": 300.45,
        "oppTTOIL3": 178.82,
        "oppTTOIL1": 60.0
    },
    "wpg": {
        "ttoi": 3007.100000000001,
        "ttoiL10": 603.1500000000001,
        "ttoiL5": 303.44,
        "ttoiL3": 179.5,
        "ttoiL1": 60.0,
        "oppTTOI": 2984.93,
        "oppTTOIL10": 590.2299999999999,
        "oppTTOIL5": 298.18,
        "oppTTOIL3": 177.71,
        "oppTTOIL1": 58.58
    },
    "min": {
        "ttoi": 3134.01,
        "ttoiL10": 596.59,
        "ttoiL5": 296.62,
        "ttoiL3": 179.78,
        "ttoiL1": 60.0,
        "oppTTOI": 3073.8300000000004,
        "oppTTOIL10": 597.8399999999999,
        "oppTTOIL5": 295.05999999999995,
        "oppTTOIL3": 175.27999999999997,
        "oppTTOIL1": 57.73
    },
    "mtl": {
        "ttoi": 3157.1700000000005,
        "ttoiL10": 597.95,
        "ttoiL5": 300.43,
        "ttoiL3": 178.43,
        "ttoiL1": 60.0,
        "oppTTOI": 3152.57,
        "oppTTOIL10": 607.77,
        "oppTTOIL5": 302.21999999999997,
        "oppTTOIL3": 185.7,
        "oppTTOIL1": 62.72
    },
    "fla": {
        "ttoi": 3106.36,
        "ttoiL10": 602.5099999999999,
        "ttoiL5": 303.64,
        "ttoiL3": 176.69,
        "ttoiL1": 59.52,
        "oppTTOI": 3043.4899999999993,
        "oppTTOIL10": 592.87,
        "oppTTOIL5": 301.2,
        "oppTTOIL3": 180.4,
        "oppTTOIL1": 64.05
    },
    "ari": {
        "ttoi": 3065.46,
        "ttoiL10": 601.85,
        "ttoiL5": 298.40999999999997,
        "ttoiL3": 178.41,
        "ttoiL1": 58.93,
        "oppTTOI": 3058.98,
        "oppTTOIL10": 598.62,
        "oppTTOIL5": 299.71,
        "oppTTOIL3": 179.43,
        "oppTTOIL1": 59.58
    },
    "vgk": {
        "ttoi": 3192.8599999999997,
        "ttoiL10": 598.52,
        "ttoiL5": 296.19,
        "ttoiL3": 177.72,
        "ttoiL1": 57.72,
        "oppTTOI": 3189.66,
        "oppTTOIL10": 604.4000000000001,
        "oppTTOIL5": 301.1,
        "oppTTOIL3": 181.1,
        "oppTTOIL1": 58.83
    },
    "sea": {
        "ttoi": 3147.9500000000003,
        "ttoiL10": 596.33,
        "ttoiL5": 297.88,
        "ttoiL3": 174.83,
        "ttoiL1": 58.15,
        "oppTTOI": 3146.8599999999997,
        "oppTTOIL10": 601.56,
        "oppTTOIL5": 299.53,
        "oppTTOIL3": 180.0,
        "oppTTOIL1": 60.0
    },
    "car": {
        "ttoi": 3069.3900000000003,
        "ttoiL10": 599.0699999999999,
        "ttoiL5": 300.94,
        "ttoiL3": 180.99,
        "ttoiL1": 63.57,
        "oppTTOI": 3072.4500000000007,
        "oppTTOIL10": 603.4,
        "oppTTOIL5": 304.88,
        "oppTTOIL3": 185.23,
        "oppTTOIL1": 60.83
    },
    "van": {
        "ttoi": 3194.640000000001,
        "ttoiL10": 613.63,
        "ttoiL5": 309.15,
        "ttoiL3": 185.22,
        "ttoiL1": 64.92,
        "oppTTOI": 3172.39,
        "oppTTOIL10": 588.9,
        "oppTTOIL5": 294.9,
        "oppTTOIL3": 177.3,
        "oppTTOIL1": 61.12
    },
    "phi": {
        "ttoi": 3263.5699999999993,
        "ttoiL10": 593.53,
        "ttoiL5": 299.83,
        "ttoiL3": 179.85,
        "ttoiL1": 60.0,
        "oppTTOI": 3255.44,
        "oppTTOIL10": 600.4300000000001,
        "oppTTOIL5": 304.65,
        "oppTTOIL3": 187.42,
        "oppTTOIL1": 60.0
    },
    "buf": {
        "ttoi": 3038.26,
        "ttoiL10": 591.67,
        "ttoiL5": 294.88,
        "ttoiL3": 177.57999999999998,
        "ttoiL1": 58.3,
        "oppTTOI": 3049.99,
        "oppTTOIL10": 594.6300000000001,
        "oppTTOIL5": 294.83000000000004,
        "oppTTOIL3": 177.05,
        "oppTTOIL1": 58.3
    },
    "bos": {
        "ttoi": 3140.1299999999997,
        "ttoiL10": 595.8000000000001,
        "ttoiL5": 298.35,
        "ttoiL3": 176.67000000000002,
        "ttoiL1": 57.42,
        "oppTTOI": 3117.7600000000007,
        "oppTTOIL10": 590.4499999999999,
        "oppTTOIL5": 296.12,
        "oppTTOIL3": 178.61,
        "oppTTOIL1": 60.0
    },
    "wsh": {
        "ttoi": 3037.99,
        "ttoiL10": 604.66,
        "ttoiL5": 306.43,
        "ttoiL3": 184.44,
        "ttoiL1": 64.92,
        "oppTTOI": 3078.17,
        "oppTTOIL10": 600.93,
        "oppTTOIL5": 291.71,
        "oppTTOIL3": 176.01,
        "oppTTOIL1": 57.480000000000004
    },
    "nyi": {
        "ttoi": 3136.2899999999995,
        "ttoiL10": 592.76,
        "ttoiL5": 296.04,
        "ttoiL3": 176.12,
        "ttoiL1": 56.12,
        "oppTTOI": 3072.2799999999997,
        "oppTTOIL10": 607.89,
        "oppTTOIL5": 302.67,
        "oppTTOIL3": 180.37,
        "oppTTOIL1": 60.0
    },
    "stl": {
        "ttoi": 3049.47,
        "ttoiL10": 600.7199999999999,
        "ttoiL5": 302.26,
        "ttoiL3": 178.17000000000002,
        "ttoiL1": 60.0,
        "oppTTOI": 3049.8900000000003,
        "oppTTOIL10": 597.6800000000001,
        "oppTTOIL5": 296.6,
        "oppTTOIL3": 177.4,
        "oppTTOIL1": 60.0
    },
    "ott": {
        "ttoi": 2876.09,
        "ttoiL10": 607.7400000000001,
        "ttoiL5": 305.46000000000004,
        "ttoiL3": 185.68,
        "ttoiL1": 60.0,
        "oppTTOI": 2872.3999999999996,
        "oppTTOIL10": 607.26,
        "oppTTOIL5": 301.09000000000003,
        "oppTTOIL3": 181.09,
        "oppTTOIL1": 61.17
    },
    "tor": {
        "ttoi": 3021.8199999999993,
        "ttoiL10": 594.6700000000001,
        "ttoiL5": 301.12,
        "ttoiL3": 176.9,
        "ttoiL1": 58.63,
        "oppTTOI": 3038.29,
        "oppTTOIL10": 608.98,
        "oppTTOIL5": 305.53000000000003,
        "oppTTOIL3": 183.33,
        "oppTTOIL1": 58.95
    },
    "tb": {
        "ttoi": 3166.31,
        "ttoiL10": 593.66,
        "ttoiL5": 297.96,
        "ttoiL3": 177.95999999999998,
        "ttoiL1": 60.0,
        "oppTTOI": 3175.390000000001,
        "oppTTOIL10": 594.9799999999999,
        "oppTTOIL5": 296.75,
        "oppTTOIL3": 177.18,
        "oppTTOIL1": 58.43
    },
    "nsh": {
        "ttoi": 3098.499999999999,
        "ttoiL10": 594.51,
        "ttoiL5": 302.73,
        "ttoiL3": 183.45,
        "ttoiL1": 61.57,
        "oppTTOI": 3109.9000000000005,
        "oppTTOIL10": 601.9599999999999,
        "oppTTOIL5": 301.78,
        "oppTTOIL3": 184.1,
        "oppTTOIL1": 59.92
    },
    "nyr": {
        "ttoi": 3117.899999999999,
        "ttoiL10": 597.12,
        "ttoiL5": 303.73,
        "ttoiL3": 182.18,
        "ttoiL1": 60.0,
        "oppTTOI": 3176.3500000000004,
        "oppTTOIL10": 596.39,
        "oppTTOIL5": 299.4,
        "oppTTOIL3": 181.38,
        "oppTTOIL1": 59.5
    },
    "nj": {
        "ttoi": 3044.359999999999,
        "ttoiL10": 597.54,
        "ttoiL5": 299.78,
        "ttoiL3": 181.5,
        "ttoiL1": 59.73,
        "oppTTOI": 3048.17,
        "oppTTOIL10": 595.7499999999999,
        "oppTTOIL5": 296.15,
        "oppTTOIL3": 176.15,
        "oppTTOIL1": 60.0
    },
    "cbj": {
        "ttoi": 3012.2400000000007,
        "ttoiL10": 602.4,
        "ttoiL5": 300.0,
        "ttoiL3": 175.98000000000002,
        "ttoiL1": 58.43,
        "oppTTOI": 3076.8600000000006,
        "oppTTOIL10": 599.42,
        "oppTTOIL5": 301.54999999999995,
        "oppTTOIL3": 182.26999999999998,
        "oppTTOIL1": 60.0
    },
    "la": {
        "ttoi": 2952.2100000000005,
        "ttoiL10": 599.89,
        "ttoiL5": 298.02,
        "ttoiL3": 180.62,
        "ttoiL1": 60.0,
        "oppTTOI": 2959.5499999999993,
        "oppTTOIL10": 613.6300000000001,
        "oppTTOIL5": 306.72,
        "oppTTOIL3": 187.70000000000002,
        "oppTTOIL1": 63.75
    },
    "ana": {
        "ttoi": 3036.3399999999997,
        "ttoiL10": 597.9699999999999,
        "ttoiL5": 303.29999999999995,
        "ttoiL3": 182.7,
        "ttoiL1": 59.25,
        "oppTTOI": 3052.270000000001,
        "oppTTOIL10": 602.9000000000001,
        "oppTTOIL5": 303.55,