{
    "pit": {
        "ttoi": 4137.679999999999,
        "ttoiL10": 592.9,
        "ttoiL5": 291.46,
        "ttoiL3": 174.79,
        "ttoiL1": 57.54,
        "oppTTOI": 4146.63,
        "oppTTOIL10": 603.9,
        "oppTTOIL5": 297.87,
        "oppTTOIL3": 178.32,
        "oppTTOIL1": 59.5
    },
    "dal": {
        "ttoi": 4265.669999999999,
        "ttoiL10": 603.23,
        "ttoiL5": 296.52,
        "ttoiL3": 179.2,
        "ttoiL1": 59.92,
        "oppTTOI": 4276.099999999998,
        "oppTTOIL10": 605.75,
        "oppTTOIL5": 300.59000000000003,
        "oppTTOIL3": 175.72,
        "oppTTOIL1": 57.54
    },
    "nj": {
        "ttoi": 4227.509999999999,
        "ttoiL10": 593.66,
        "ttoiL5": 296.95,
        "ttoiL3": 180.0,
        "ttoiL1": 60.0,
        "oppTTOI": 4233.56,
        "oppTTOIL10": 597.57,
        "oppTTOIL5": 294.18,
        "oppTTOIL3": 176.3,
        "oppTTOIL1": 58.03
    },
    "det": {
        "ttoi": 4251.9,
        "ttoiL10": 591.14,
        "ttoiL5": 293.53,
        "ttoiL3": 177.52999999999997,
        "ttoiL1": 57.98,
        "oppTTOI": 4265.449999999999,
        "oppTTOIL10": 597.5799999999999,
        "oppTTOIL5": 299.16,
        "oppTTOIL3": 180.36,
        "oppTTOIL1": 59.22
    },
    "nyr": {
        "ttoi": 4194.259999999999,
        "ttoiL10": 599.7099999999999,
        "ttoiL5": 301.76,
        "ttoiL3": 182.57999999999998,
        "ttoiL1": 65.0,
        "oppTTOI": 4250.950000000001,
        "oppTTOIL10": 593.76,
        "oppTTOIL5": 296.85,
        "oppTTOIL3": 178.28,
        "oppTTOIL1": 56.900000000000006
    },
    "sj": {
        "ttoi": 4198.540000000001,
        "ttoiL10": 594.6,
        "ttoiL5": 295.81,
        "ttoiL3": 180.07999999999998,
        "ttoiL1": 60.08,
        "oppTTOI": 4208.2,
        "oppTTOIL10": 604.48,
        "oppTTOIL5": 303.25,
        "oppTTOIL3": 178.25,
        "oppTTOIL1": 59.77
    },
    "ott": {
        "ttoi": 4146.799999999999,
        "ttoiL10": 609.27,
        "ttoiL5": 303.14,
        "ttoiL3": 178.59,
        "ttoiL1": 59.87,
        "oppTTOI": 4143.07,
        "oppTTOIL10": 602.84,
        "oppTTOIL5": 303.0,
        "oppTTOIL3": 183.42000000000002,
        "oppTTOIL1": 62.25
    },
    "edm": {
        "ttoi": 4083.1700000000005,
        "ttoiL10": 607.2,
        "ttoiL5": 303.02000000000004,
        "ttoiL3": 178.24,
        "ttoiL1": 55.34,
        "oppTTOI": 4091.27,
        "oppTTOIL10": 595.47,
        "oppTTOIL5": 296.22,
        "oppTTOIL3": 178.55,
        "oppTTOIL1": 59.3
    },
    "bos": {
        "ttoi": 4362.650000000002,
        "ttoiL10": 597.92,
        "ttoiL5": 297.24,
        "ttoiL3": 177.0,
        "ttoiL1": 58.52,
        "oppTTOI": 4339.379999999999,
        "oppTTOIL10": 596.5799999999999,
        "oppTTOIL5": 297.54,
        "oppTTOIL3": 179.43,
        "oppTTOIL1": 60.0
    },
    "wsh": {
        "ttoi": 4120.92,
        "ttoiL10": 602.11,
        "ttoiL5": 304.73,
        "ttoiL3": 184.9,
        "ttoiL1": 64.9,
        "oppTTOI": 4155.120000000001,
        "oppTTOIL10": 595.78,
        "oppTTOIL5": 295.9,
        "oppTTOIL3": 177.37,
        "oppTTOIL1": 59.89
    },
    "cbj": {
        "ttoi": 4197.29,
        "ttoiL10": 602.07,
        "ttoiL5": 300.3,
        "ttoiL3": 180.8,
        "ttoiL1": 60.0,
        "oppTTOI": 4270.31,
        "oppTTOIL10": 597.63,
        "oppTTOIL5": 296.73,
        "oppTTOIL3": 179.72,
        "oppTTOIL1": 60.0
    },
    "cgy": {
        "ttoi": 4138.799999999999,
        "ttoiL10": 593.76,
        "ttoiL5": 295.65999999999997,
        "ttoiL3": 175.66,
        "ttoiL1": 58.45,
        "oppTTOI": 4138.659999999999,
        "oppTTOIL10": 593.8,
        "oppTTOIL5": 295.90000000000003,
        "oppTTOIL3": 176.65,
        "oppTTOIL1": 59.25
    },
    "sea": {
        "ttoi": 4178.35,
        "ttoiL10": 599.93,
        "ttoiL5": 300.17,
        "ttoiL3": 183.5,
        "ttoiL1": 64.2,
        "oppTTOI": 4172.09,
        "oppTTOIL10": 601.26,
        "oppTTOIL5": 297.48,
        "oppTTOIL3": 177.6,
        "oppTTOIL1": 57.6
    },
    "van": {
        "ttoi": 4265.85,
        "ttoiL10": 598.39,
        "ttoiL5": 297.65,
        "ttoiL3": 179.13,
        "ttoiL1": 60.0,
        "oppTTOI": 4243.31,
        "oppTTOIL10": 591.52,
        "oppTTOIL5": 296.72,
        "oppTTOIL3": 180.54,
        "oppTTOIL1": 61.7
    },
    "phi": {
        "ttoi": 4279.6900000000005,
        "ttoiL10": 602.25,
        "ttoiL5": 298.14,
        "ttoiL3": 181.34,
        "ttoiL1": 60.0,
        "oppTTOI": 4266.370000000001,
        "oppTTOIL10": 601.47,
        "oppTTOIL5": 305.53999999999996,
        "oppTTOIL3": 183.85,
        "oppTTOIL1": 60.0
    },
    "mtl": {
        "ttoi": 4180.790000000001,
        "ttoiL10": 611.17,
        "ttoiL5": 303.57,
        "ttoiL3": 183.15,
        "ttoiL1": 60.0,
        "oppTTOI": 4182.570000000001,
        "oppTTOIL10": 605.7700000000001,
        "oppTTOIL5": 303.8,
        "oppTTOIL3": 187.72,
        "oppTTOIL1": 60.0
    },
    "nyi": {
        "ttoi": 4218.739999999999,
        "ttoiL10": 597.7,
        "ttoiL5": 300.76,
        "ttoiL3": 177.79999999999998,
        "ttoiL1": 60.0,
        "oppTTOI": 4159.94,
        "oppTTOIL10": 600.41,
        "oppTTOIL5": 300.14,
        "oppTTOIL3": 180.95,
        "oppTTOIL1": 60.95
    },
    "la": {
        "ttoi": 4211.489999999999,
        "ttoiL10": 597.6899999999999,
        "ttoiL5": 299.2,
        "ttoiL3": 179.65,
        "ttoiL1": 59.65,
        "oppTTOI": 4219.8099999999995,
        "oppTTOIL10": 607.19,
        "oppTTOIL5": 306.12,
        "oppTTOIL3": 181.12,
        "oppTTOIL1": 57.37
    },
    "chi": {
        "ttoi": 4242.380000000001,
        "ttoiL10": 599.0300000000001,
        "ttoiL5": 299.38,
        "ttoiL3": 179.38,
        "ttoiL1": 59.38,
        "oppTTOI": 4249.56,
        "oppTTOIL10": 596.6899999999999,
        "oppTTOIL5": 294.83,
        "oppTTOIL3": 177.25,
        "oppTTOIL1": 59.98
    },
    "fla": {
        "ttoi": 4196.14,
        "ttoiL10": 600.27,
        "ttoiL5": 301.02,
        "ttoiL3": 181.72,
        "ttoiL1": 65.0,
        "oppTTOI": 4131.67,
        "oppTTOIL10": 593.12,
        "oppTTOIL5": 300.37,
        "oppTTOIL3": 182.44,
        "oppTTOIL1": 59.97
    },
    "wpg": {
        "ttoi": 4198.540000000001,
        "ttoiL10": 593.38,
        "ttoiL5": 297.14,
        "ttoiL3": 177.14,
        "ttoiL1": 60.0,
        "oppTTOI": 4168.41,
        "oppTTOIL10": 591.9599999999999,
        "oppTTOIL5": 298.96,
        "oppTTOIL3": 177.57999999999998,
        "oppTTOIL1": 58.58
    },
    "min": {
        "ttoi": 4282.699999999999,
        "ttoiL10": 611.64,
        "ttoiL5": 305.85,
        "ttoiL3": 180.88,
        "ttoiL1": 62.08,
        "oppTTOI": 4215.110000000001,
        "oppTTOIL10": 588.7900000000001,
        "oppTTOIL5": 294.58,
        "oppTTOIL3": 175.27999999999997,
        "oppTTOIL1": 57.73
    },
    "ari": {
        "ttoi": 4195.5199999999995,
        "ttoiL10": 598.88,
        "ttoiL5": 302.53000000000003,
        "ttoiL3": 183.18,
        "ttoiL1": 63.95,
        "oppTTOI": 4196.609999999999,
        "oppTTOIL10": 593.9,
        "oppTTOIL5": 299.43,
        "oppTTOIL3": 179.43,
        "oppTTOIL1": 59.58
    },
    "vgk": {
        "ttoi": 4208.959999999999,
        "ttoiL10": 596.6400000000001,
        "ttoiL5": 299.12,
        "ttoiL3": 179.7,
        "ttoiL1": 60.0,
        "oppTTOI": 4212.65,
        "oppTTOIL10": 604.0200000000001,
        "oppTTOIL5": 301.1,
        "oppTTOIL3": 181.1,
        "oppTTOIL1": 58.83
    },
    "car": {
        "ttoi": 4270.790000000001,
        "ttoiL10": 604.0600000000001,
        "ttoiL5": 307.31,
        "ttoiL3": 185.88,
        "ttoiL1": 64.68,
        "oppTTOI": 4277.92,
        "oppTTOIL10": 604.25,
        "oppTTOIL5": 304.6,
        "oppTTOIL3": 185.23,
        "oppTTOIL1": 60.83
    },
    "buf": {
        "ttoi": 4241.61,
        "ttoiL10": 599.34,
        "ttoiL5": 295.03999999999996,
        "ttoiL3": 177.82,