{
    "ana": {
        "ttoi": 4705.110000000001,
        "ttoiL10": 593.48,
        "ttoiL5": 298.47,
        "ttoiL3": 178.55,
        "ttoiL1": 59.78,
        "oppTTOI": 4706.579999999999,
        "oppTTOIL10": 602.97,
        "oppTTOIL5": 307.77,
        "oppTTOIL3": 183.05,
        "oppTTOIL1": 63.57
    },
    "edm": {
        "ttoi": 4751.119999999999,
        "ttoiL10": 608.41,
        "ttoiL5": 299.9,
        "ttoiL3": 180.0,
        "ttoiL1": 60.0,
        "oppTTOI": 4736.009999999999,
        "oppTTOIL10": 594.56,
        "oppTTOIL5": 297.03,
        "oppTTOIL3": 179.78,
        "oppTTOIL1": 59.78
    },
    "cgy": {
        "ttoi": 4764.73,
        "ttoiL10": 602.48,
        "ttoiL5": 300.03,
        "ttoiL3": 176.57999999999998,
        "ttoiL1": 59.8,
        "oppTTOI": 4769.32,
        "oppTTOIL10": 605.99,
        "oppTTOIL5": 304.34000000000003,
        "oppTTOIL3": 178.77,
        "oppTTOIL1": 58.77
    },
    "sea": {
        "ttoi": 4641.040000000001,
        "ttoiL10": 605.63,
        "ttoiL5": 297.87,
        "ttoiL3": 178.0,
        "ttoiL1": 59.18,
        "oppTTOI": 4586.13,
        "oppTTOIL10": 593.27,
        "oppTTOIL5": 298.67,
        "oppTTOIL3": 177.75,
        "oppTTOIL1": 59.92
    },
    "col": {
        "ttoi": 4564.310000000001,
        "ttoiL10": 600.7,
        "ttoiL5": 305.77,
        "ttoiL3": 181.07,
        "ttoiL1": 63.22,
        "oppTTOI": 4590.450000000001,
        "oppTTOIL10": 604.7700000000001,
        "oppTTOIL5": 305.6,
        "oppTTOIL3": 185.0,
        "oppTTOIL1": 60.0
    },
    "stl": {
        "ttoi": 4684.51,
        "ttoiL10": 606.48,
        "ttoiL5": 303.63,
        "ttoiL3": 183.43,
        "ttoiL1": 60.0,
        "oppTTOI": 4681.709999999999,
        "oppTTOIL10": 601.67,
        "oppTTOIL5": 298.15,
        "oppTTOIL3": 177.75,
        "oppTTOIL1": 59.55
    },
    "wpg": {
        "ttoi": 4660.100000000001,
        "ttoiL10": 595.58,
        "ttoiL5": 298.68,
        "ttoiL3": 178.76,
        "ttoiL1": 58.83,
        "oppTTOI": 4652.469999999999,
        "oppTTOIL10": 592.16,
        "oppTTOIL5": 294.06,
        "oppTTOIL3": 175.67,
        "oppTTOIL1": 57.52
    },
    "van": {
        "ttoi": 4625.03,
        "ttoiL10": 599.75,
        "ttoiL5": 298.28999999999996,
        "ttoiL3": 179.57,
        "ttoiL1": 58.07,
        "oppTTOI": 4648.39,
        "oppTTOIL10": 603.81,
        "oppTTOIL5": 300.88,
        "oppTTOIL3": 177.5,
        "oppTTOIL1": 58.12
    },
    "cbj": {
        "ttoi": 4612.430000000001,
        "ttoiL10": 599.5600000000001,
        "ttoiL5": 298.69,
        "ttoiL3": 179.22,
        "ttoiL1": 58.95,
        "oppTTOI": 4624.740000000001,
        "oppTTOIL10": 600.9,
        "oppTTOIL5": 302.46999999999997,
        "oppTTOIL3": 181.82,
        "oppTTOIL1": 59.82
    },
    "nyi": {
        "ttoi": 4685.31,
        "ttoiL10": 601.13,
        "ttoiL5": 302.51,
        "ttoiL3": 184.18,
        "ttoiL1": 59.18,
        "oppTTOI": 4680.700000000001,
        "oppTTOIL10": 600.5699999999999,
        "oppTTOIL5": 300.0,
        "oppTTOIL3": 180.0,
        "oppTTOIL1": 60.0
    },
    "nsh": {
        "ttoi": 4633.0,
        "ttoiL10": 606.27,
        "ttoiL5": 302.74,
        "ttoiL3": 183.37,
        "ttoiL1": 63.37,
        "oppTTOI": 4628.200000000002,
        "oppTTOIL10": 605.3199999999999,
        "oppTTOIL5": 303.12,
        "oppTTOIL3": 183.14999999999998,
        "oppTTOIL1": 59.32
    },
    "mtl": {
        "ttoi": 4627.0599999999995,
        "ttoiL10": 600.95,
        "ttoiL5": 303.75,
        "ttoiL3": 178.75,
        "ttoiL1": 59.77,
        "oppTTOI": 4643.86,
        "oppTTOIL10": 603.9399999999999,
        "oppTTOIL5": 299.89,
        "oppTTOIL3": 180.42000000000002,
        "oppTTOIL1": 60.0
    },
    "wsh": {
        "ttoi": 4615.280000000002,
        "ttoiL10": 602.7800000000001,
        "ttoiL5": 303.22,
        "ttoiL3": 184.35,
        "ttoiL1": 60.0,
        "oppTTOI": 4642.629999999999,
        "oppTTOIL10": 606.65,
        "oppTTOIL5": 298.65,
        "oppTTOIL3": 180.57,
        "oppTTOIL1": 61.15
    },
    "chi": {
        "ttoi": 4539.349999999999,
        "ttoiL10": 593.42,
        "ttoiL5": 295.62,
        "ttoiL3": 177.25,
        "ttoiL1": 60.0,
        "oppTTOI": 4629.189999999999,
        "oppTTOIL10": 604.98,
        "oppTTOIL5": 300.26,
        "oppTTOIL3": 180.38,
        "oppTTOIL1": 59.83
    },
    "car": {
        "ttoi": 4655.26,
        "ttoiL10": 603.01,
        "ttoiL5": 302.02,
        "ttoiL3": 184.32,
        "ttoiL1": 64.32,
        "oppTTOI": 4645.4400000000005,
        "oppTTOIL10": 606.54,
        "oppTTOIL5": 306.05,
        "oppTTOIL3": 181.05,
        "oppTTOIL1": 60.0
    },
    "tb": {
        "ttoi": 4685.310000000001,
        "ttoiL10": 601.3699999999999,
        "ttoiL5": 298.7,
        "ttoiL3": 180.0,
        "ttoiL1": 60.0,
        "oppTTOI": 4686.219999999998,
        "oppTTOIL10": 600.5999999999999,
        "oppTTOIL5": 301.02,
        "oppTTOIL3": 182.62,
        "oppTTOIL1": 59.72
    },
    "fla": {
        "ttoi": 4652.84,
        "ttoiL10": 592.96,
        "ttoiL5": 299.61,
        "ttoiL3": 180.0,
        "ttoiL1": 60.0,
        "oppTTOI": 4665.36,
        "oppTTOIL10": 596.73,
        "oppTTOIL5": 299.03,
        "oppTTOIL3": 178.75,
        "oppTTOIL1": 61.7
    },
    "la": {
        "ttoi": 4715.0999999999985,
        "ttoiL10": 599.0,
        "ttoiL5": 295.17,
        "ttoiL3": 179.56,
        "ttoiL1": 59.58,
        "oppTTOI": 4692.41,
        "oppTTOIL10": 615.5100000000001,
        "oppTTOIL5": 307.18,
        "oppTTOIL3": 182.66,
        "oppTTOIL1": 58.63
    },
    "buf": {
        "ttoi": 4571.860000000001,
        "ttoiL10": 608.9300000000001,
        "ttoiL5": 304.83,
        "ttoiL3": 180.95999999999998,
        "ttoiL1": 59.13,
        "oppTTOI": 4562.4,
        "oppTTOIL10": 602.21,
        "oppTTOIL5": 298.46,
        "oppTTOIL3": 178.98,
        "oppTTOIL1": 60.0
    },
    "vgk": {
        "ttoi": 4710.360000000001,
        "ttoiL10": 608.15,
        "ttoiL5": 306.81,
        "ttoiL3": 185.98,
        "ttoiL1": 63.5,
        "oppTTOI": 4690.380000000001,
        "oppTTOIL10": 606.68,
        "oppTTOIL5": 304.2,
        "oppTTOIL3": 184.2,
        "oppTTOIL1": 59.28
    },
    "pit": {
        "ttoi": 4687.379999999999,
        "ttoiL10": 591.65,
        "ttoiL5": 295.84999999999997,
        "ttoiL3": 178.57999999999998,
        "ttoiL1": 60.0,
        "oppTTOI": 4685.749999999998,
        "oppTTOIL10": 600.0999999999999,
        "oppTTOIL5": 297.52,
        "oppTTOIL3": 177.92,
        "oppTTOIL1": 60.0
    },
    "dal": {
        "ttoi": 4643.84,
        "ttoiL10": 594.72,
        "ttoiL5": 292.82,
        "ttoiL3": 176.1,
        "ttoiL1": 59.07,
        "oppTTOI": 4581.53,
        "oppTTOIL10": 603.79,
        "oppTTOIL5": 300.46,
        "oppTTOIL3": 184.55,
        "oppTTOIL1": 64.9
    },
    "ari": {
        "ttoi": 4705.339999999998,
        "ttoiL10": 599.64,
        "ttoiL5": 300.1,
        "ttoiL3": 177.85,
        "ttoiL1": 60.0,
        "oppTTOI": 4710.750000000001,
        "oppTTOIL10": 599.15,
        "oppTTOIL5": 302.38,
        "oppTTOIL3": 182.81,
        "oppTTOIL1": 63.57
    },
    "phi": {
        "ttoi": 4527.84,
        "ttoiL10": 601.88,
        "ttoiL5": 298.1,
        "ttoiL3": 176.5,
        "ttoiL1": 58.85,
        "oppTTOI": 4557.570000000001,
        "oppTTOIL10": 602.29,
        "oppTTOIL5": 304.4,
        "oppTTOIL3": 179.82,
        "oppTTOIL1": 59.82
    },
    "nj": {
        "ttoi": 4699.939999999999,
        "ttoiL10": 598.3499999999999,
        "ttoiL5": 296.67,
        "ttoiL3": 179.44,
        "ttoiL1": 59.92,
        "oppTTOI": 4693.269999999999,
        "oppTTOIL10": 592.41,
        "oppTTOIL5": 296.66,
        "oppTTOIL3": 178.66,
        "oppTTOIL1": 60.0
    },
    "bos": {
        "ttoi": 4652.2,
        "ttoiL10": 607.38,
        "ttoiL5": 307.90000000000003,
        "ttoiL3": 184.95000000000002,
        "ttoiL1": 64.37,