{
    "ana": {
        "ttoi": 1606.9499999999998,
        "ttoiL10": 595.15,
        "ttoiL5": 300.06,
        "ttoiL3": 177.03,
        "ttoiL1": 59.58,
        "oppTTOI": 1621.95,
        "oppTTOIL10": 608.72,
        "oppTTOIL5": 302.23,
        "oppTTOIL3": 182.88,
        "oppTTOIL1": 62.8
    },
    "wpg": {
        "ttoi": 1622.7800000000002,
        "ttoiL10": 595.03,
        "ttoiL5": 297.25,
        "ttoiL3": 177.4,
        "ttoiL1": 57.97,
        "oppTTOI": 1616.2200000000005,
        "oppTTOIL10": 590.24,
        "oppTTOIL5": 293.60999999999996,
        "oppTTOIL3": 176.38,
        "oppTTOIL1": 59.58
    },
    "chi": {
        "ttoi": 1673.65,
        "ttoiL10": 600.19,
        "ttoiL5": 303.40999999999997,
        "ttoiL3": 178.53,
        "ttoiL1": 60.0,
        "oppTTOI": 1669.05,
        "oppTTOIL10": 597.88,
        "oppTTOIL5": 297.88,
        "oppTTOIL3": 178.0,
        "oppTTOIL1": 58.38
    },
    "col": {
        "ttoi": 1687.58,
        "ttoiL10": 606.3199999999999,
        "ttoiL5": 297.4,
        "ttoiL3": 178.93,
        "ttoiL1": 60.0,
        "oppTTOI": 1675.56,
        "oppTTOIL10": 598.68,
        "oppTTOIL5": 308.0,
        "oppTTOIL3": 183.75,
        "oppTTOIL1": 59.07
    },
    "wsh": {
        "ttoi": 1453.1000000000001,
        "ttoiL10": 606.3399999999999,
        "ttoiL5": 304.0,
        "ttoiL3": 185.0,
        "ttoiL1": 60.0,
        "oppTTOI": 1499.02,
        "oppTTOIL10": 607.9,
        "oppTTOIL5": 299.32,
        "oppTTOIL3": 182.49,
        "oppTTOIL1": 58.35
    },
    "van": {
        "ttoi": 1731.9499999999996,
        "ttoiL10": 595.1999999999999,
        "ttoiL5": 298.63,
        "ttoiL3": 179.20000000000002,
        "ttoiL1": 60.0,
        "oppTTOI": 1723.43,
        "oppTTOIL10": 586.52,
        "oppTTOIL5": 293.88,
        "oppTTOIL3": 175.2,
        "oppTTOIL1": 59.6
    },
    "edm": {
        "ttoi": 1556.1200000000001,
        "ttoiL10": 599.03,
        "ttoiL5": 298.67,
        "ttoiL3": 178.77,
        "ttoiL1": 60.0,
        "oppTTOI": 1563.07,
        "oppTTOIL10": 595.25,
        "oppTTOIL5": 298.05,
        "oppTTOIL3": 180.0,
        "oppTTOIL1": 60.0
    },
    "la": {
        "ttoi": 1506.02,
        "ttoiL10": 597.42,
        "ttoiL5": 300.77,
        "ttoiL3": 180.22,
        "ttoiL1": 60.0,
        "oppTTOI": 1503.1200000000001,
        "oppTTOIL10": 598.9200000000001,
        "oppTTOIL5": 297.18,
        "oppTTOIL3": 179.19,
        "oppTTOIL1": 59.52
    },
    "mtl": {
        "ttoi": 1704.22,
        "ttoiL10": 607.7199999999999,
        "ttoiL5": 303.57,
        "ttoiL3": 182.75,
        "ttoiL1": 58.53,
        "oppTTOI": 1702.4199999999998,
        "oppTTOIL10": 603.83,
        "oppTTOIL5": 305.64,
        "oppTTOIL3": 178.42000000000002,
        "oppTTOIL1": 58.42
    },
    "stl": {
        "ttoi": 1668.21,
        "ttoiL10": 581.95,
        "ttoiL5": 287.44,
        "ttoiL3": 170.46,
        "ttoiL1": 59.62,
        "oppTTOI": 1671.76,
        "oppTTOIL10": 587.7,
        "oppTTOIL5": 293.75,
        "oppTTOIL3": 175.82999999999998,
        "oppTTOIL1": 57.55
    },
    "fla": {
        "ttoi": 1666.25,
        "ttoiL10": 595.07,
        "ttoiL5": 293.85,
        "ttoiL3": 176.65,
        "ttoiL1": 56.7,
        "oppTTOI": 1603.8399999999997,
        "oppTTOIL10": 536.82,
        "oppTTOIL5": 241.17,
        "oppTTOIL3": 181.45,
        "oppTTOIL1": 57.85
    },
    "nsh": {
        "ttoi": 1723.1699999999996,
        "ttoiL10": 600.08,
        "ttoiL5": 303.72,
        "ttoiL3": 178.72,
        "ttoiL1": 60.17,
        "oppTTOI": 1732.9999999999998,
        "oppTTOIL10": 598.0,
        "oppTTOIL5": 295.94,
        "oppTTOIL3": 178.42000000000002,
        "oppTTOIL1": 59.63
    },
    "sj": {
        "ttoi": 1741.43,
        "ttoiL10": 608.3400000000001,
        "ttoiL5": 304.16,
        "ttoiL3": 182.65,
        "ttoiL1": 60.0,
        "oppTTOI": 1742.65,
        "oppTTOIL10": 601.47,
        "oppTTOIL5": 299.05,
        "oppTTOIL3": 179.4,
        "oppTTOIL1": 59.83
    },
    "phi": {
        "ttoi": 1686.63,
        "ttoiL10": 607.99,
        "ttoiL5": 309.22,
        "ttoiL3": 180.3,
        "ttoiL1": 60.3,
        "oppTTOI": 1683.6799999999998,
        "oppTTOIL10": 591.7099999999999,
        "oppTTOIL5": 296.71,
        "oppTTOIL3": 176.70999999999998,
        "oppTTOIL1": 57.5
    },
    "pit": {
        "ttoi": 1618.6200000000001,
        "ttoiL10": 602.1700000000001,
        "ttoiL5": 304.12,
        "ttoiL3": 176.70000000000002,
        "ttoiL1": 59.85,
        "oppTTOI": 1620.7000000000003,
        "oppTTOIL10": 592.99,
        "oppTTOIL5": 296.27,
        "oppTTOIL3": 177.42,
        "oppTTOIL1": 58.82
    },
    "vgk": {
        "ttoi": 1827.12,
        "ttoiL10": 613.22,
        "ttoiL5": 305.89,
        "ttoiL3": 185.53,
        "ttoiL1": 61.18,
        "oppTTOI": 1826.0200000000002,
        "oppTTOIL10": 609.02,
        "oppTTOIL5": 304.8,
        "oppTTOIL3": 179.85,
        "oppTTOIL1": 60.0
    },
    "ari": {
        "ttoi": 1678.34,
        "ttoiL10": 597.51,
        "ttoiL5": 294.98,
        "ttoiL3": 175.93,
        "ttoiL1": 58.6,
        "oppTTOI": 1681.9799999999998,
        "oppTTOIL10": 602.2399999999999,
        "oppTTOIL5": 297.77,
        "oppTTOIL3": 181.1,
        "oppTTOIL1": 63.45
    },
    "bos": {
        "ttoi": 1567.87,
        "ttoiL10": 598.2099999999999,
        "ttoiL5": 300.79,
        "ttoiL3": 176.35,
        "ttoiL1": 59.78,
        "oppTTOI": 1544.4399999999998,
        "oppTTOIL10": 586.4,
        "oppTTOIL5": 293.01,
        "oppTTOIL3": 175.19,
        "oppTTOIL1": 58.93
    },
    "cbj": {
        "ttoi": 1730.3500000000001,
        "ttoiL10": 535.6300000000001,
        "ttoiL5": 237.83,
        "ttoiL3": 120.0,
        "ttoiL1": 0,
        "oppTTOI": 1792.1899999999998,
        "oppTTOIL10": 598.69,
        "oppTTOIL5": 301.31,
        "oppTTOIL3": 182.32999999999998,
        "oppTTOIL1": 62.33
    },
    "dal": {
        "ttoi": 1623.2500000000002,
        "ttoiL10": 603.87,
        "ttoiL5": 302.85,
        "ttoiL3": 184.75,
        "ttoiL1": 59.75,
        "oppTTOI": 1623.36,
        "oppTTOIL10": 591.67,
        "oppTTOIL5": 293.65,
        "oppTTOIL3": 178.0,
        "oppTTOIL1": 57.78
    },
    "car": {
        "ttoi": 1677.58,
        "ttoiL10": 594.8299999999999,
        "ttoiL5": 293.84999999999997,
        "ttoiL3": 175.95,
        "ttoiL1": 60.0,
        "oppTTOI": 1687.6,
        "oppTTOIL10": 603.1999999999999,
        "oppTTOIL5": 299.72,
        "oppTTOIL3": 180.8,
        "oppTTOIL1": 59.65
    },
    "buf": {
        "ttoi": 1731.4500000000005,
        "ttoiL10": 595.66,
        "ttoiL5": 301.0,
        "ttoiL3": 185.0,
        "ttoiL1": 60.0,
        "oppTTOI": 1735.4900000000005,
        "oppTTOIL10": 591.9200000000001,
        "oppTTOIL5": 296.67,
        "oppTTOIL3": 175.57,
        "oppTTOIL1": 59.65
    },
    "tb": {
        "ttoi": 1792.7099999999998,
        "ttoiL10": 596.7,
        "ttoiL5": 300.22,
        "ttoiL3": 180.22000000000003,
        "ttoiL1": 58.6,
        "oppTTOI": 1801.73,
        "oppTTOIL10": 599.88,
        "oppTTOIL5": 302.74,
        "oppTTOIL3": 182.94,
        "oppTTOIL1": 60.0
    },
    "sea": {
        "ttoi": 1823.2399999999998,
        "ttoiL10": 596.3100000000001,
        "ttoiL5": 297.07,
        "ttoiL3": 180.1,
        "ttoiL1": 60.0,
        "oppTTOI": 1830.1,
        "oppTTOIL10": 616.6,
        "oppTTOIL5": 312.6,
        "oppTTOIL3": 189.13,
        "oppTTOIL1": 65.0
    },
    "nyi": {
        "ttoi": 1638.5799999999997,
        "ttoiL10": 611.58,
        "ttoiL5": 305.09000000000003,
        "ttoiL3": 180.51000000000002,
        "ttoiL1": 60.77,
        "oppTTOI": 1570.3200000000002,
        "oppTTOIL10": 601.47,
        "oppTTOIL5": 298.64,
        "oppTTOIL3": 178.03,
        "oppTTOIL1": 58.03
    },
    "nyr": {
        "ttoi": 1564.8500000000001,
        "ttoiL10": 594.84,
        "ttoiL5": 296.84000000000003,