{
    "pit": {
        "ttoi": 3440.97,
        "ttoiL10": 601.01,
        "ttoiL5": 303.2,
        "ttoiL3": 178.2,
        "ttoiL1": 60.0,
        "oppTTOI": 3440.44,
        "oppTTOIL10": 611.98,
        "oppTTOIL5": 308.58,
        "oppTTOIL3": 182.07999999999998,
        "oppTTOIL1": 59.5
    },
    "wsh": {
        "ttoi": 3253.91,
        "ttoiL10": 601.16,
        "ttoiL5": 302.47,
        "ttoiL3": 179.0,
        "ttoiL1": 59.93,
        "oppTTOI": 3224.08,
        "oppTTOIL10": 592.45,
        "oppTTOIL5": 298.93,
        "oppTTOIL3": 179.26,
        "oppTTOIL1": 60.0
    },
    "phi": {
        "ttoi": 3370.7,
        "ttoiL10": 593.2,
        "ttoiL5": 298.29,
        "ttoiL3": 177.82999999999998,
        "ttoiL1": 60.0,
        "oppTTOI": 3378.94,
        "oppTTOIL10": 601.03,
        "oppTTOIL5": 296.98,
        "oppTTOIL3": 179.11,
        "oppTTOIL1": 58.3
    },
    "nyr": {
        "ttoi": 3288.06,
        "ttoiL10": 596.97,
        "ttoiL5": 297.43,
        "ttoiL3": 177.43,
        "ttoiL1": 60.0,
        "oppTTOI": 3285.13,
        "oppTTOIL10": 592.9,
        "oppTTOIL5": 297.98,
        "oppTTOIL3": 178.38,
        "oppTTOIL1": 59.9
    },
    "nj": {
        "ttoi": 3285.6,
        "ttoiL10": 598.58,
        "ttoiL5": 300.53000000000003,
        "ttoiL3": 177.46,
        "ttoiL1": 59.02,
        "oppTTOI": 3292.52,
        "oppTTOIL10": 597.19,
        "oppTTOIL5": 304.08,
        "oppTTOIL3": 184.07999999999998,
        "oppTTOIL1": 65.0
    },
    "nsh": {
        "ttoi": 3148.52,
        "ttoiL10": 588.5,
        "ttoiL5": 296.72,
        "ttoiL3": 179.01,
        "ttoiL1": 60.0,
        "oppTTOI": 3231.05,
        "oppTTOIL10": 598.47,
        "oppTTOIL5": 304.1,
        "oppTTOIL3": 181.12,
        "oppTTOIL1": 60.0
    },
    "utah": {
        "ttoi": 3375.22,
        "ttoiL10": 607.17,
        "ttoiL5": 305.8,
        "ttoiL3": 182.25,
        "ttoiL1": 58.6,
        "oppTTOI": 3387.44,
        "oppTTOIL10": 604.89,
        "oppTTOIL5": 308.35,
        "oppTTOIL3": 182.52,
        "oppTTOIL1": 63.9
    },
    "sj": {
        "ttoi": 3334.49,
        "ttoiL10": 592.88,
        "ttoiL5": 297.22,
        "ttoiL3": 177.22,
        "ttoiL1": 60.0,
        "oppTTOI": 3362.62,
        "oppTTOIL10": 599.92,
        "oppTTOIL5": 301.54,
        "oppTTOIL3": 181.61,
        "oppTTOIL1": 57.93
    },
    "sea": {
        "ttoi": 3380.4900000000002,
        "ttoiL10": 598.3100000000001,
        "ttoiL5": 302.66,
        "ttoiL3": 178.99,
        "ttoiL1": 60.0,
        "oppTTOI": 3404.22,
        "oppTTOIL10": 591.58,
        "oppTTOIL5": 296.9,
        "oppTTOIL3": 178.22,
        "oppTTOIL1": 59.6
    },
    "ana": {
        "ttoi": 3258.16,
        "ttoiL10": 605.13,
        "ttoiL5": 307.13,
        "ttoiL3": 188.38,
        "ttoiL1": 63.65,
        "oppTTOI": 3251.09,
        "oppTTOIL10": 593.69,
        "oppTTOIL5": 294.9,
        "oppTTOIL3": 177.14,
        "oppTTOIL1": 56.38
    },
    "la": {
        "ttoi": 3179.96,
        "ttoiL10": 605.4,
        "ttoiL5": 309.64,
        "ttoiL3": 189.97,
        "ttoiL1": 59.97,
        "oppTTOI": 3164.36,
        "oppTTOIL10": 601.51,
        "oppTTOIL5": 308.45,
        "oppTTOIL3": 185.04,
        "oppTTOIL1": 60.0
    },
    "buf": {
        "ttoi": 3099.66,
        "ttoiL10": 593.28,
        "ttoiL5": 298.25,
        "ttoiL3": 178.25,
        "ttoiL1": 60.0,
        "oppTTOI": 3113.55,
        "oppTTOIL10": 609.69,
        "oppTTOIL5": 302.8,
        "oppTTOIL3": 180.55,
        "oppTTOIL1": 60.0
    },
    "tb": {
        "ttoi": 3160.88,
        "ttoiL10": 589.58,
        "ttoiL5": 298.37,
        "ttoiL3": 179.82,
        "ttoiL1": 60.0,
        "oppTTOI": 3172.61,
        "oppTTOIL10": 604.94,
        "oppTTOIL5": 307.82,
        "oppTTOIL3": 182.3,
        "oppTTOIL1": 58.7
    },
    "ott": {
        "ttoi": 3339.15,
        "ttoiL10": 592.48,
        "ttoiL5": 293.39,
        "ttoiL3": 175.41,
        "ttoiL1": 60.0,
        "oppTTOI": 3344.17,
        "oppTTOIL10": 601.83,
        "oppTTOIL5": 302.99,
        "oppTTOIL3": 181.04,
        "oppTTOIL1": 59.9
    },
    "edm": {
        "ttoi": 3341.17,
        "ttoiL10": 600.06,
        "ttoiL5": 298.17,
        "ttoiL3": 178.58,
        "ttoiL1": 58.95,
        "oppTTOI": 3285.21,
        "oppTTOIL10": 599.52,
        "oppTTOIL5": 299.0,
        "oppTTOIL3": 181.2,
        "oppTTOIL1": 59.95
    },
    "cbj": {
        "ttoi": 3375.58,
        "ttoiL10": 601.37,
        "ttoiL5": 297.5,
        "ttoiL3": 183.07,
        "ttoiL1": 60.0,
        "oppTTOI": 3370.14,
        "oppTTOIL10": 610.75,
        "oppTTOIL5": 304.05,
        "oppTTOIL3": 183.35,
        "oppTTOIL1": 65.0
    },
    "car": {
        "ttoi": 3333.81,
        "ttoiL10": 592.58,
        "ttoiL5": 290.98,
        "ttoiL3": 174.16,
        "ttoiL1": 57.28,
        "oppTTOI": 3353.13,
        "oppTTOIL10": 599.11,
        "oppTTOIL5": 300.05,
        "oppTTOIL3": 181.43,
        "oppTTOIL1": 61.5
    },
    "fla": {
        "ttoi": 3360.4900000000002,
        "ttoiL10": 588.81,
        "ttoiL5": 294.78,
        "ttoiL3": 176.85,
        "ttoiL1": 57.08,
        "oppTTOI": 3359.58,
        "oppTTOIL10": 602.04,
        "oppTTOIL5": 305.64,
        "oppTTOIL3": 185.79,
        "oppTTOIL1": 64.27
    },
    "det": {
        "ttoi": 3311.15,
        "ttoiL10": 619.5,
        "ttoiL5": 309.98,
        "ttoiL3": 185.68,
        "ttoiL1": 63.58,
        "oppTTOI": 3297.47,
        "oppTTOIL10": 596.34,
        "oppTTOIL5": 298.09000000000003,
        "oppTTOIL3": 179.82,
        "oppTTOIL1": 58.55
    },
    "nyi": {
        "ttoi": 3232.69,
        "ttoiL10": 596.22,
        "ttoiL5": 294.2,
        "ttoiL3": 176.9,
        "ttoiL1": 59.23,
        "oppTTOI": 3230.28,
        "oppTTOIL10": 598.74,
        "oppTTOIL5": 300.94,
        "oppTTOIL3": 181.62,
        "oppTTOIL1": 59.37
    },
    "mtl": {
        "ttoi": 3298.21,
        "ttoiL10": 594.98,
        "ttoiL5": 297.21,
        "ttoiL3": 179.63,
        "ttoiL1": 60.0,
        "oppTTOI": 3302.08,
        "oppTTOIL10": 602.15,
        "oppTTOIL5": 300.0,
        "oppTTOIL3": 180.0,
        "oppTTOIL1": 60.0
    },
    "col": {
        "ttoi": 3375.17,
        "ttoiL10": 592.47,
        "ttoiL5": 296.41,
        "ttoiL3": 179.07,
        "ttoiL1": 59.07,
        "oppTTOI": 3387.37,
        "oppTTOIL10": 588.64,
        "oppTTOIL5": 298.17,
        "oppTTOIL3": 179.1,
        "oppTTOIL1": 59.35
    },
    "tor": {
        "ttoi": 3283.24,
        "ttoiL10": 593.43,
        "ttoiL5": 297.12,
        "ttoiL3": 177.62,
        "ttoiL1": 60.0,
        "oppTTOI": 3261.57,
        "oppTTOIL10": 589.65,
        "oppTTOIL5": 293.95,
        "oppTTOIL3": 177.65,
        "oppTTOIL1": 59.52
    },
    "cgy": {
        "ttoi": 3246.41,
        "ttoiL10": 592.15,
        "ttoiL5": 296.5,
        "ttoiL3": 178.51999999999998,
        "ttoiL1": 62.97,
        "oppTTOI": 3245.72,
        "oppTTOIL10": 598.83,
        "oppTTOIL5": 300.1,
        "oppTTOIL3": 184.3,
        "oppTTOIL1": 59.3
    },
    "bos": {
        "ttoi": 3371.64,
        "ttoiL10": 595.46,
        "ttoiL5": 299.98,
        "ttoiL3": 180.1,
        "ttoiL1": 62.85,
        "oppTTOI": 3364.92,
        "oppTTOIL10": 609.58,
        "oppTTOIL5": 302.03,
        "oppTTOIL3": 183.57,
        "oppTTOIL1": 59.92
    },
    "wpg": {
        "ttoi": 3360.31,
        "ttoiL10": 605.5,
        "ttoiL5": 306.6,
        "ttoiL3": 184.7,
        "ttoiL1": 64.78,
        "oppTTOI": 3345.35,
        "oppTTOIL10": 599.28,
        "oppTTOIL5": 300.66,
        "oppTTOIL3": 176.6,
        "oppTTOIL1": 59.05
    },
    "dal": {
        "ttoi": 3226.86,
        "ttoiL10": 600.25,
        "ttoiL5": 301.9,
        "ttoiL3": 185.0,
        "ttoiL1": 60.0,
        "oppTTOI": 3211.6,
        "oppTTOIL10": 601.11,
        "oppTTOIL5": 297.63,
        "oppTTOIL3": 179.45,
        "oppTTOIL1": 60.0
    },
    "min": {
        "ttoi": 3366.08,
        "ttoiL10": 598.79,