{
    "ana": {
        "ttoi": 4151.43,
        "ttoiL10": 594.45,
        "ttoiL5": 301.07,
        "ttoiL3": 181.07,
        "ttoiL1": 59.67,
        "oppTTOI": 4146.81,
        "oppTTOIL10": 608.67,
        "oppTTOIL5": 307.33,
        "oppTTOIL3": 186.85,
        "oppTTOIL1": 62.85
    },
    "car": {
        "ttoi": 4114.85,
        "ttoiL10": 602.97,
        "ttoiL5": 299.95,
        "ttoiL3": 179.95,
        "ttoiL1": 59.95,
        "oppTTOI": 4125.75,
        "oppTTOIL10": 608.1,
        "oppTTOIL5": 300.12,
        "oppTTOIL3": 181.22,
        "oppTTOIL1": 59.67
    },
    "nsh": {
        "ttoi": 4045.29,
        "ttoiL10": 598.23,
        "ttoiL5": 297.23,
        "ttoiL3": 173.9,
        "ttoiL1": 57.0,
        "oppTTOI": 4124.2699999999995,
        "oppTTOIL10": 594.78,
        "oppTTOIL5": 298.12,
        "oppTTOIL3": 179.57,
        "oppTTOIL1": 59.57
    },
    "dal": {
        "ttoi": 4013.14,
        "ttoiL10": 610.03,
        "ttoiL5": 307.87,
        "ttoiL3": 187.3,
        "ttoiL1": 60.15,
        "oppTTOI": 3994.24,
        "oppTTOIL10": 597.63,
        "oppTTOIL5": 299.73,
        "oppTTOIL3": 181.63,
        "oppTTOIL1": 61.83
    },
    "stl": {
        "ttoi": 4253.87,
        "ttoiL10": 606.27,
        "ttoiL5": 303.4,
        "ttoiL3": 183.6,
        "ttoiL1": 59.9,
        "oppTTOI": 4267.76,
        "oppTTOIL10": 599.81,
        "oppTTOIL5": 301.48,
        "oppTTOIL3": 178.6,
        "oppTTOIL1": 60.0
    },
    "utah": {
        "ttoi": 4159.46,
        "ttoiL10": 604.62,
        "ttoiL5": 298.55,
        "ttoiL3": 179.82999999999998,
        "ttoiL1": 60.0,
        "oppTTOI": 4164.0,
        "oppTTOIL10": 607.47,
        "oppTTOIL5": 307.03,
        "oppTTOIL3": 184.41,
        "oppTTOIL1": 58.58
    },
    "wsh": {
        "ttoi": 4095.2,
        "ttoiL10": 608.24,
        "ttoiL5": 299.29,
        "ttoiL3": 179.52,
        "ttoiL1": 59.52,
        "oppTTOI": 4065.04,
        "oppTTOIL10": 598.24,
        "oppTTOIL5": 301.79,
        "oppTTOIL3": 176.79,
        "oppTTOIL1": 58.62
    },
    "nyi": {
        "ttoi": 4071.73,
        "ttoiL10": 601.62,
        "ttoiL5": 311.25,
        "ttoiL3": 187.37,
        "ttoiL1": 63.88,
        "oppTTOI": 4070.69,
        "oppTTOIL10": 592.25,
        "oppTTOIL5": 301.07,
        "oppTTOIL3": 177.9,
        "oppTTOIL1": 59.7
    },
    "van": {
        "ttoi": 4159.05,
        "ttoiL10": 600.57,
        "ttoiL5": 298.65,
        "ttoiL3": 179.23,
        "ttoiL1": 57.55,
        "oppTTOI": 4153.51,
        "oppTTOIL10": 599.59,
        "oppTTOIL5": 296.5,
        "oppTTOIL3": 177.88,
        "oppTTOIL1": 57.879999999999995
    },
    "edm": {
        "ttoi": 4183.78,
        "ttoiL10": 604.48,
        "ttoiL5": 304.79,
        "ttoiL3": 181.22,
        "ttoiL1": 60.0,
        "oppTTOI": 4126.12,
        "oppTTOIL10": 598.62,
        "oppTTOIL5": 297.32,
        "oppTTOIL3": 177.02,
        "oppTTOIL1": 59.92
    },
    "chi": {
        "ttoi": 4181.97,
        "ttoiL10": 602.66,
        "ttoiL5": 298.37,
        "ttoiL3": 178.37,
        "ttoiL1": 59.77,
        "oppTTOI": 4190.26,
        "oppTTOIL10": 599.28,
        "oppTTOIL5": 298.3,
        "oppTTOIL3": 178.53,
        "oppTTOIL1": 60.0
    },
    "buf": {
        "ttoi": 3935.35,
        "ttoiL10": 597.71,
        "ttoiL5": 304.65999999999997,
        "ttoiL3": 176.29,
        "ttoiL1": 60.0,
        "oppTTOI": 3957.68,
        "oppTTOIL10": 601.29,
        "oppTTOIL5": 306.42,
        "oppTTOIL3": 186.64,
        "oppTTOIL1": 57.82
    },
    "det": {
        "ttoi": 4080.9,
        "ttoiL10": 588.95,
        "ttoiL5": 297.13,
        "ttoiL3": 178.18,
        "ttoiL1": 58.18,
        "oppTTOI": 4076.45,
        "oppTTOIL10": 604.77,
        "oppTTOIL5": 302.66,
        "oppTTOIL3": 182.66,
        "oppTTOIL1": 61.08
    },
    "bos": {
        "ttoi": 4209.51,
        "ttoiL10": 597.27,
        "ttoiL5": 301.73,
        "ttoiL3": 178.93,
        "ttoiL1": 60.0,
        "oppTTOI": 4206.79,
        "oppTTOIL10": 611.64,
        "oppTTOIL5": 307.46999999999997,
        "oppTTOIL3": 188.47,
        "oppTTOIL1": 63.65
    },
    "la": {
        "ttoi": 4085.92,
        "ttoiL10": 605.34,
        "ttoiL5": 300.64,
        "ttoiL3": 180.0,
        "ttoiL1": 60.0,
        "oppTTOI": 4069.04,
        "oppTTOIL10": 603.72,
        "oppTTOIL5": 305.49,
        "oppTTOIL3": 182.79000000000002,
        "oppTTOIL1": 64.93
    },
    "mtl": {
        "ttoi": 4033.08,
        "ttoiL10": 611.67,
        "ttoiL5": 308.34,
        "ttoiL3": 188.62,
        "ttoiL1": 65.0,
        "oppTTOI": 4031.21,
        "oppTTOIL10": 602.3,
        "oppTTOIL5": 305.4,
        "oppTTOIL3": 185.0,
        "oppTTOIL1": 60.0
    },
    "cgy": {
        "ttoi": 4100.23,
        "ttoiL10": 614.25,
        "ttoiL5": 301.75,
        "ttoiL3": 183.77,
        "ttoiL1": 63.77,
        "oppTTOI": 4087.96,
        "oppTTOIL10": 616.08,
        "oppTTOIL5": 308.88,
        "oppTTOIL3": 185.2,
        "oppTTOIL1": 58.75
    },
    "sea": {
        "ttoi": 4150.19,
        "ttoiL10": 591.67,
        "ttoiL5": 298.2,
        "ttoiL3": 176.42000000000002,
        "ttoiL1": 58.0,
        "oppTTOI": 4182.19,
        "oppTTOIL10": 588.35,
        "oppTTOIL5": 292.8,
        "oppTTOIL3": 175.32999999999998,
        "oppTTOIL1": 60.0
    },
    "pit": {
        "ttoi": 4282.98,
        "ttoiL10": 604.64,
        "ttoiL5": 304.25,
        "ttoiL3": 184.25,
        "ttoiL1": 65.0,
        "oppTTOI": 4278.22,
        "oppTTOIL10": 597.47,
        "oppTTOIL5": 296.53999999999996,
        "oppTTOIL3": 182.07999999999998,
        "oppTTOIL1": 59.5
    },
    "fla": {
        "ttoi": 4136.88,
        "ttoiL10": 596.89,
        "ttoiL5": 300.03999999999996,
        "ttoiL3": 185.29999999999998,
        "ttoiL1": 64.82,
        "oppTTOI": 4137.32,
        "oppTTOIL10": 595.46,
        "oppTTOIL5": 301.36,
        "oppTTOIL3": 178.07,
        "oppTTOIL1": 59.85
    },
    "tb": {
        "ttoi": 4065.06,
        "ttoiL10": 605.78,
        "ttoiL5": 301.4,
        "ttoiL3": 181.42000000000002,
        "ttoiL1": 58.47,
        "oppTTOI": 4071.07,
        "oppTTOIL10": 596.34,
        "oppTTOIL5": 302.53,
        "oppTTOIL3": 182.53,
        "oppTTOIL1": 64.55
    },
    "phi": {
        "ttoi": 4212.74,
        "ttoiL10": 597.48,
        "ttoiL5": 296.06,
        "ttoiL3": 176.43,
        "ttoiL1": 59.68,
        "oppTTOI": 4229.67,
        "oppTTOIL10": 602.04,
        "oppTTOIL5": 293.54,
        "oppTTOIL3": 180.07,
        "oppTTOIL1": 60.0
    },
    "wpg": {
        "ttoi": 4198.39,
        "ttoiL10": 595.47,
        "ttoiL5": 298.98,
        "ttoiL3": 177.24,
        "ttoiL1": 58.32,
        "oppTTOI": 4190.79,
        "oppTTOIL10": 603.07,
        "oppTTOIL5": 299.46,
        "oppTTOIL3": 179.46,
        "oppTTOIL1": 63.43
    },
    "nj": {
        "ttoi": 4056.3,
        "ttoiL10": 592.67,
        "ttoiL5": 293.12,
        "ttoiL3": 175.1,
        "ttoiL1": 57.3,
        "oppTTOI": 4065.55,
        "oppTTOIL10": 590.45,
        "oppTTOIL5": 299.35,
        "oppTTOIL3": 179.67000000000002,
        "oppTTOIL1": 60.0
    },
    "vgk": {
        "ttoi": 4131.18,
        "ttoiL10": 601.28,
        "ttoiL5": 305.0,
        "ttoiL3": 180.0,
        "ttoiL1": 60.0,
        "oppTTOI": 4108.46,
        "oppTTOIL10": 596.34,
        "oppTTOIL5": 295.88,
        "oppTTOIL3": 175.88,
        "oppTTOIL1": 57.480000000000004
    },
    "col": {
        "ttoi": 4160.55,
        "ttoiL10": 607.98,
        "ttoiL5": 303.72,
        "ttoiL3": 183.15,
        "ttoiL1": 64.95,
        "oppTTOI": 4169.37,
        "oppTTOIL10": 594.28,
        "oppTTOIL5": 299.87,
        "oppTTOIL3": 179.07,
        "oppTTOIL1": 57.65
    },
    "cbj": {
        "ttoi": 4087.88,
        "ttoiL10": 592.3,
        "ttoiL5": 296.13,
        "ttoiL3": 177.26999999999998,
        "ttoiL1": 58.32,
        "oppTTOI": 4080.32,
        "oppTTOIL10": 603.26,
        "oppTTOIL5": 300.93,
        "oppTTOIL3": 181.53,