{
    "ana": {
        "ttoi": 1069.35,
        "ttoiL10": 594.63,
        "ttoiL5": 294.86,
        "ttoiL3": 175.4,
        "ttoiL1": 57.55,
        "oppTTOI": 1079.8400000000001,
        "oppTTOIL10": 602.8000000000001,
        "oppTTOIL5": 302.23,
        "oppTTOIL3": 182.88,
        "oppTTOIL1": 62.8
    },
    "stl": {
        "ttoi": 1026.26,
        "ttoiL10": 597.71,
        "ttoiL5": 298.8,
        "ttoiL3": 178.8,
        "ttoiL1": 59.43,
        "oppTTOI": 1018.8199999999999,
        "oppTTOIL10": 597.47,
        "oppTTOIL5": 294.89,
        "oppTTOIL3": 175.47,
        "oppTTOIL1": 57.55
    },
    "fla": {
        "ttoi": 1071.1800000000003,
        "ttoiL10": 593.7200000000001,
        "ttoiL5": 297.55,
        "ttoiL3": 177.55,
        "ttoiL1": 60.0,
        "oppTTOI": 1062.2800000000002,
        "oppTTOIL10": 595.9,
        "oppTTOIL5": 300.53000000000003,
        "oppTTOIL3": 181.17000000000002,
        "oppTTOIL1": 57.85
    },
    "col": {
        "ttoi": 1021.26,
        "ttoiL10": 597.53,
        "ttoiL5": 298.84,
        "ttoiL3": 179.10999999999999,
        "ttoiL1": 59.23,
        "oppTTOI": 1014.1599999999999,
        "oppTTOIL10": 589.9799999999999,
        "oppTTOIL5": 294.34999999999997,
        "oppTTOIL3": 176.95,
        "oppTTOIL1": 60.0
    },
    "nsh": {
        "ttoi": 1003.26,
        "ttoiL10": 591.42,
        "ttoiL5": 293.85999999999996,
        "ttoiL3": 177.85999999999999,
        "ttoiL1": 58.73,
        "oppTTOI": 1015.0300000000001,
        "oppTTOIL10": 595.35,
        "oppTTOIL5": 296.25,
        "oppTTOIL3": 178.42000000000002,
        "oppTTOIL1": 59.63
    },
    "sj": {
        "ttoi": 1073.09,
        "ttoiL10": 595.16,
        "ttoiL5": 295.71,
        "ttoiL3": 175.70999999999998,
        "ttoiL1": 58.75,
        "oppTTOI": 1078.22,
        "oppTTOIL10": 599.75,
        "oppTTOIL5": 303.68,
        "oppTTOIL3": 179.82999999999998,
        "oppTTOIL1": 59.83
    },
    "phi": {
        "ttoi": 1078.64,
        "ttoiL10": 598.47,
        "ttoiL5": 301.0,
        "ttoiL3": 181.0,
        "ttoiL1": 60.0,
        "oppTTOI": 1072.31,
        "oppTTOIL10": 594.4499999999999,
        "oppTTOIL5": 295.31,
        "oppTTOIL3": 177.23,
        "oppTTOIL1": 57.5
    },
    "pit": {
        "ttoi": 1016.45,
        "ttoiL10": 601.8000000000001,
        "ttoiL5": 299.4,
        "ttoiL3": 179.4,
        "ttoiL1": 60.0,
        "oppTTOI": 1018.04,
        "oppTTOIL10": 594.56,
        "oppTTOIL5": 296.74,
        "oppTTOIL3": 177.84,
        "oppTTOIL1": 58.82
    },
    "vgk": {
        "ttoi": 1151.9500000000003,
        "ttoiL10": 601.5400000000001,
        "ttoiL5": 299.35,
        "ttoiL3": 180.87,
        "ttoiL1": 59.9,
        "oppTTOI": 1154.2600000000002,
        "oppTTOIL10": 615.11,
        "oppTTOIL5": 302.12,
        "oppTTOIL3": 182.12,
        "oppTTOIL1": 60.0
    },
    "ari": {
        "ttoi": 1080.83,
        "ttoiL10": 603.1399999999999,
        "ttoiL5": 299.4,
        "ttoiL3": 178.93,
        "ttoiL1": 60.0,
        "oppTTOI": 1083.2200000000003,
        "oppTTOIL10": 600.4300000000001,
        "oppTTOIL5": 298.69,
        "oppTTOIL3": 177.99,
        "oppTTOIL1": 63.45
    },
    "bos": {
        "ttoi": 1030.8300000000002,
        "ttoiL10": 610.66,
        "ttoiL5": 302.74,
        "ttoiL3": 180.52,
        "ttoiL1": 61.17,
        "oppTTOI": 1009.83,
        "oppTTOIL10": 590.81,
        "oppTTOIL5": 293.94,
        "oppTTOIL3": 175.32999999999998,
        "oppTTOIL1": 58.93
    },
    "cbj": {
        "ttoi": 1134.72,
        "ttoiL10": 594.14,
        "ttoiL5": 298.25,
        "ttoiL3": 174.35000000000002,
        "ttoiL1": 58.9,
        "oppTTOI": 1143.1099999999997,
        "oppTTOIL10": 606.1099999999999,
        "oppTTOIL5": 299.77,
        "oppTTOIL3": 180.2,
        "oppTTOIL1": 62.33
    },
    "dal": {
        "ttoi": 1019.38,
        "ttoiL10": 591.2099999999999,
        "ttoiL5": 297.9,
        "ttoiL3": 177.89999999999998,
        "ttoiL1": 59.8,
        "oppTTOI": 1019.11,
        "oppTTOIL10": 589.28,
        "oppTTOIL5": 293.65,
        "oppTTOIL3": 178.0,
        "oppTTOIL1": 57.78
    },
    "car": {
        "ttoi": 1022.75,
        "ttoiL10": 603.6,
        "ttoiL5": 298.8,
        "ttoiL3": 177.98,
        "ttoiL1": 60.0,
        "oppTTOI": 1028.13,
        "oppTTOIL10": 605.3000000000002,
        "oppTTOIL5": 305.45000000000005,
        "oppTTOIL3": 181.05,
        "oppTTOIL1": 59.65
    },
    "la": {
        "ttoi": 1028.3,
        "ttoiL10": 606.91,
        "ttoiL5": 303.12,
        "ttoiL3": 179.37,
        "ttoiL1": 59.7,
        "oppTTOI": 1025.16,
        "oppTTOIL10": 598.27,
        "oppTTOIL5": 302.65999999999997,
        "oppTTOIL3": 177.66,
        "oppTTOIL1": 60.0
    },
    "wpg": {
        "ttoi": 1027.75,
        "ttoiL10": 606.95,
        "ttoiL5": 298.47,
        "ttoiL3": 179.85,
        "ttoiL1": 60.0,
        "oppTTOI": 1021.42,
        "oppTTOIL10": 601.37,
        "oppTTOIL5": 295.86,
        "oppTTOIL3": 176.13,
        "oppTTOIL1": 58.93
    },
    "sea": {
        "ttoi": 1226.9299999999998,
        "ttoiL10": 614.37,
        "ttoiL5": 310.77,
        "ttoiL3": 188.47,
        "ttoiL1": 63.47,
        "oppTTOI": 1225.52,
        "oppTTOIL10": 618.47,
        "oppTTOIL5": 312.6,
        "oppTTOIL3": 189.13,
        "oppTTOIL1": 65.0
    },
    "mtl": {
        "ttoi": 1096.4999999999998,
        "ttoiL10": 605.3699999999999,
        "ttoiL5": 298.59999999999997,
        "ttoiL3": 177.64999999999998,
        "ttoiL1": 60.0,
        "oppTTOI": 1095.8600000000001,
        "oppTTOIL10": 604.36,
        "oppTTOIL5": 303.38,
        "oppTTOIL3": 182.22,
        "oppTTOIL1": 60.0
    },
    "chi": {
        "ttoi": 949.02,
        "ttoiL10": 591.74,
        "ttoiL5": 292.16,
        "ttoiL3": 174.66,
        "ttoiL1": 57.78,
        "oppTTOI": 948.2400000000001,
        "oppTTOIL10": 596.49,
        "oppTTOIL5": 299.5,
        "oppTTOIL3": 179.5,
        "oppTTOIL1": 59.8
    },
    "nyi": {
        "ttoi": 1027.0,
        "ttoiL10": 607.78,
        "ttoiL5": 308.67999999999995,
        "ttoiL3": 192.17999999999998,
        "ttoiL1": 65.0,
        "oppTTOI": 968.41,
        "oppTTOIL10": 601.81,
        "oppTTOIL5": 298.73,
        "oppTTOIL3": 178.03,
        "oppTTOIL1": 58.03
    },
    "nyr": {
        "ttoi": 910.01,
        "ttoiL10": 553.6500000000001,
        "ttoiL5": 241.88,
        "ttoiL3": 181.88,
        "ttoiL1": 58.95,
        "oppTTOI": 964.55,
        "oppTTOIL10": 594.83,
        "oppTTOIL5": 301.32,
        "oppTTOIL3": 176.42000000000002,
        "oppTTOIL1": 58.72
    },
    "nj": {
        "ttoi": 951.8200000000002,
        "ttoiL10": 591.6600000000001,
        "ttoiL5": 293.91,
        "ttoiL3": 177.32000000000002,
        "ttoiL1": 57.6,
        "oppTTOI": 952.93,
        "oppTTOIL10": 593.9799999999999,
        "oppTTOIL5": 298.58,
        "oppTTOIL3": 180.78,
        "oppTTOIL1": 65.0
    },
    "tb": {
        "ttoi": 1134.3600000000001,
        "ttoiL10": 591.55,
        "ttoiL5": 297.42,
        "ttoiL3": 179.07,
        "ttoiL1": 59.07,
        "oppTTOI": 1139.27,
        "oppTTOIL10": 599.06,
        "oppTTOIL5": 301.74,
        "oppTTOIL3": 182.84,
        "oppTTOIL1": 61.17
    },
    "buf": {
        "ttoi": 1071.22,
        "ttoiL10": 597.5699999999999,
        "ttoiL5": 296.16999999999996,
        "ttoiL3": 177.14999999999998,
        "ttoiL1": 60.0,
        "oppTTOI": 1073.1999999999998,
        "oppTTOIL10": 594.67,
        "oppTTOIL5": 297.45,
        "oppTTOIL3": 180.45,
        "oppTTOIL1": 59.35
    },
    "det": {
        "ttoi": 1021.5799999999999,
        "ttoiL10": 599.51,
        "ttoiL5": 303.46999999999997,
        "ttoiL3": 183.44,
        "ttoiL1": 58.47,
        "oppTTOI": 1028.4,
        "oppTTOIL10": 602.38,
        "oppTTOIL5": 296.90000000000003,
        "oppTTOIL3": 177.78,
        "oppTTOIL1": 59.8
    },
    "tor": {
        "ttoi": 1034.89,
        "ttoiL10": 615.1800000000001,