{
    "ana": {
        "ttoi": 3377.06,
        "ttoiL10": 605.53,
        "ttoiL5": 307.28,
        "ttoiL3": 182.55,
        "ttoiL1": 57.82,
        "oppTTOI": 3374.72,
        "oppTTOIL10": 606.83,
        "oppTTOIL5": 309.1,
        "oppTTOIL3": 186.85,
        "oppTTOIL1": 62.85
    },
    "buf": {
        "ttoi": 3159.66,
        "ttoiL10": 595.43,
        "ttoiL5": 298.25,
        "ttoiL3": 178.25,
        "ttoiL1": 60.0,
        "oppTTOI": 3171.37,
        "oppTTOIL10": 601.6,
        "oppTTOIL5": 299.32,
        "oppTTOIL3": 181.6,
        "oppTTOIL1": 57.82
    },
    "det": {
        "ttoi": 3434.78,
        "ttoiL10": 618.56,
        "ttoiL5": 309.31,
        "ttoiL3": 187.21,
        "ttoiL1": 60.0,
        "oppTTOI": 3416.45,
        "oppTTOIL10": 600.75,
        "oppTTOIL5": 307.44,
        "oppTTOIL3": 182.66,
        "oppTTOIL1": 61.08
    },
    "bos": {
        "ttoi": 3435.77,
        "ttoiL10": 599.92,
        "ttoiL5": 304.11,
        "ttoiL3": 186.20999999999998,
        "ttoiL1": 64.13,
        "oppTTOI": 3427.79,
        "oppTTOIL10": 611.42,
        "oppTTOIL5": 302.53,
        "oppTTOIL3": 182.65,
        "oppTTOIL1": 63.65
    },
    "la": {
        "ttoi": 3239.96,
        "ttoiL10": 605.4,
        "ttoiL5": 309.64,
        "ttoiL3": 184.97,
        "ttoiL1": 60.0,
        "oppTTOI": 3224.08,
        "oppTTOIL10": 602.32,
        "oppTTOIL5": 305.29,
        "oppTTOIL3": 182.79000000000002,
        "oppTTOIL1": 64.93
    },
    "dal": {
        "ttoi": 3343.21,
        "ttoiL10": 598.58,
        "ttoiL5": 301.35,
        "ttoiL3": 176.35,
        "ttoiL1": 56.35,
        "oppTTOI": 3329.72,
        "oppTTOIL10": 592.8,
        "oppTTOIL5": 295.9,
        "oppTTOIL3": 179.8,
        "oppTTOIL1": 59.8
    },
    "mtl": {
        "ttoi": 3358.06,
        "ttoiL10": 594.83,
        "ttoiL5": 299.08,
        "ttoiL3": 179.85,
        "ttoiL1": 59.85,
        "oppTTOI": 3361.88,
        "oppTTOIL10": 602.47,
        "oppTTOIL5": 305.0,
        "oppTTOIL3": 185.0,
        "oppTTOIL1": 60.0
    },
    "cgy": {
        "ttoi": 3366.41,
        "ttoiL10": 592.15,
        "ttoiL5": 298.52,
        "ttoiL3": 182.97,
        "ttoiL1": 60.0,
        "oppTTOI": 3360.29,
        "oppTTOIL10": 612.81,
        "oppTTOIL5": 308.88,
        "oppTTOIL3": 185.2,
        "oppTTOIL1": 58.75
    },
    "sea": {
        "ttoi": 3498.52,
        "ttoiL10": 597.24,
        "ttoiL5": 297.02,
        "ttoiL3": 178.03,
        "ttoiL1": 59.7,
        "oppTTOI": 3524.22,
        "oppTTOIL10": 588.35,
        "oppTTOIL5": 292.8,
        "oppTTOIL3": 175.32999999999998,
        "oppTTOIL1": 60.0
    },
    "nsh": {
        "ttoi": 3268.29,
        "ttoiL10": 588.35,
        "ttoiL5": 298.78000000000003,
        "ttoiL3": 179.77,
        "ttoiL1": 59.77,
        "oppTTOI": 3350.8,
        "oppTTOIL10": 596.34,
        "oppTTOIL5": 297.35,
        "oppTTOIL3": 177.93,
        "oppTTOIL1": 60.0
    },
    "pit": {
        "ttoi": 3559.39,
        "ttoiL10": 603.05,
        "ttoiL5": 296.62,
        "ttoiL3": 178.42000000000002,
        "ttoiL1": 60.0,
        "oppTTOI": 3560.44,
        "oppTTOIL10": 603.8199999999999,
        "oppTTOIL5": 298.17,
        "oppTTOIL3": 180.06,
        "oppTTOIL1": 59.5
    },
    "fla": {
        "ttoi": 3420.2400000000002,
        "ttoiL10": 591.16,
        "ttoiL5": 294.63,
        "ttoiL3": 176.6,
        "ttoiL1": 59.75,
        "oppTTOI": 3419.35,
        "oppTTOIL10": 595.87,
        "oppTTOIL5": 299.97,
        "oppTTOIL3": 183.47,
        "oppTTOIL1": 59.85
    },
    "tb": {
        "ttoi": 3280.88,
        "ttoiL10": 593.25,
        "ttoiL5": 299.82,
        "ttoiL3": 180.0,
        "ttoiL1": 60.0,
        "oppTTOI": 3290.14,
        "oppTTOIL10": 599.51,
        "oppTTOIL5": 302.6,
        "oppTTOIL3": 184.55,
        "oppTTOIL1": 64.55
    },
    "wsh": {
        "ttoi": 3369.41,
        "ttoiL10": 596.84,
        "ttoiL5": 294.5,
        "ttoiL3": 175.43,
        "ttoiL1": 55.5,
        "oppTTOI": 3343.78,
        "oppTTOIL10": 599.62,
        "oppTTOIL5": 300.47,
        "oppTTOIL3": 178.17000000000002,
        "oppTTOIL1": 60.0
    },
    "car": {
        "ttoi": 3393.61,
        "ttoiL10": 592.48,
        "ttoiL5": 293.96,
        "ttoiL3": 177.07999999999998,
        "ttoiL1": 59.8,
        "oppTTOI": 3412.98,
        "oppTTOIL10": 608.04,
        "oppTTOIL5": 305.32,
        "oppTTOIL3": 181.87,
        "oppTTOIL1": 61.87
    },
    "phi": {
        "ttoi": 3430.7,
        "ttoiL10": 594.62,
        "ttoiL5": 302.81,
        "ttoiL3": 179.8,
        "ttoiL1": 60.0,
        "oppTTOI": 3438.94,
        "oppTTOIL10": 602.04,
        "oppTTOIL5": 293.54,
        "oppTTOIL3": 180.07,
        "oppTTOIL1": 60.0
    },
    "stl": {
        "ttoi": 3473.45,
        "ttoiL10": 605.02,
        "ttoiL5": 309.34,
        "ttoiL3": 184.87,
        "ttoiL1": 60.0,
        "oppTTOI": 3488.88,
        "oppTTOIL10": 600.58,
        "oppTTOIL5": 303.31,
        "oppTTOIL3": 182.88,
        "oppTTOIL1": 60.0
    },
    "edm": {
        "ttoi": 3460.07,
        "ttoiL10": 601.85,
        "ttoiL5": 297.48,
        "ttoiL3": 177.85000000000002,
        "ttoiL1": 59.2,
        "oppTTOI": 3405.21,
        "oppTTOIL10": 598.65,
        "oppTTOIL5": 295.48,
        "oppTTOIL3": 176.32999999999998,
        "oppTTOIL1": 58.35
    },
    "wpg": {
        "ttoi": 3420.71,
        "ttoiL10": 606.5,
        "ttoiL5": 307.05,
        "ttoiL3": 185.18,
        "ttoiL1": 60.4,
        "oppTTOI": 3406.82,
        "oppTTOIL10": 602.47,
        "oppTTOIL5": 303.44,
        "oppTTOIL3": 179.46,
        "oppTTOIL1": 63.43
    },
    "nj": {
        "ttoi": 3345.6,
        "ttoiL10": 600.98,
        "ttoiL5": 301.71000000000004,
        "ttoiL3": 178.44,
        "ttoiL1": 60.0,
        "oppTTOI": 3352.52,
        "oppTTOIL10": 592.81,
        "oppTTOIL5": 299.35,
        "oppTTOIL3": 179.67000000000002,
        "oppTTOIL1": 60.0
    },
    "vgk": {
        "ttoi": 3410.69,
        "ttoiL10": 595.85,
        "ttoiL5": 297.85,
        "ttoiL3": 179.72,
        "ttoiL1": 59.72,
        "oppTTOI": 3390.54,
        "oppTTOIL10": 591.29,
        "oppTTOIL5": 295.11,
        "oppTTOIL3": 175.88,
        "oppTTOIL1": 57.480000000000004
    },
    "utah": {
        "ttoi": 3495.22,
        "ttoiL10": 608.32,
        "ttoiL5": 302.25,
        "ttoiL3": 178.6,
        "ttoiL1": 60.0,
        "oppTTOI": 3504.13,
        "oppTTOIL10": 610.12,
        "oppTTOIL5": 308.45,
        "oppTTOIL3": 185.82999999999998,
        "oppTTOIL1": 65.0
    },
    "col": {
        "ttoi": 3432.57,
        "ttoiL10": 589.59,
        "ttoiL5": 294.14,
        "ttoiL3": 176.47,
        "ttoiL1": 57.4,
        "oppTTOI": 3447.37,
        "oppTTOIL10": 594.52,
        "oppTTOIL5": 299.87,
        "oppTTOIL3": 179.07,
        "oppTTOIL1": 57.65
    },
    "cbj": {
        "ttoi": 3435.58,
        "ttoiL10": 601.37,
        "ttoiL5": 300.5,
        "ttoiL3": 178.62,
        "ttoiL1": 60.0,
        "oppTTOI": 3426.49,
        "oppTTOIL10": 603.26,
        "oppTTOIL5": 300.93,
        "oppTTOIL3": 181.53,
        "oppTTOIL1": 61.53
    },
    "tor": {
        "ttoi": 3405.76,
        "ttoiL10": 595.95,
        "ttoiL5": 300.14,
        "ttoiL3": 182.51999999999998,
        "ttoiL1": 62.87,
        "oppTTOI": 3383.13,
        "oppTTOIL10": 595.84,
        "oppTTOIL5": 303.08,
        "oppTTOIL3": 181.13,
        "oppTTOIL1": 59.02
    },
    "ott": {
        "ttoi": 3339.15,
        "ttoiL10": 592.48,
        "ttoiL5": 293.39,
        "ttoiL3": 175.41,
        "ttoiL1": 60.0,
        "oppTTOI": 3344.17,
        "oppTTOIL10": 606.82,
        "oppTTOIL5": 309.4,
        "oppTTOIL3": 184.05,
        "oppTTOIL1": 59.37
    },
    "min": {
        "ttoi": 3423.98,
        "ttoiL10": 596.69,
        "ttoiL5": 298.27,
        "ttoiL3": 180.42000000000002,
        "ttoiL1": 57.9,
        "oppTTOI": 3406.62,
        "oppTTOIL10": 594.38,
        "oppTTOIL5": 294.25,
        "oppTTOIL3": 177.75,