{
    "pit": {
        "ttoi": 2284.52,
        "ttoiL10": 600.9000000000001,
        "ttoiL5": 295.78,
        "ttoiL3": 175.78,
        "ttoiL1": 58.3,
        "oppTTOI": 2283.8,
        "oppTTOIL10": 599.5899999999999,
        "oppTTOIL5": 303.16999999999996,
        "oppTTOIL3": 178.82,
        "oppTTOIL1": 60.0
    },
    "buf": {
        "ttoi": 2386.59,
        "ttoiL10": 595.14,
        "ttoiL5": 296.41999999999996,
        "ttoiL3": 178.07,
        "ttoiL1": 60.0,
        "oppTTOI": 2395.9999999999995,
        "oppTTOIL10": 595.58,
        "oppTTOIL5": 294.83000000000004,
        "oppTTOIL3": 177.05,
        "oppTTOIL1": 58.3
    },
    "bos": {
        "ttoi": 2295.2899999999995,
        "ttoiL10": 599.6399999999999,
        "ttoiL5": 297.2,
        "ttoiL3": 177.2,
        "ttoiL1": 60.0,
        "oppTTOI": 2269.29,
        "oppTTOIL10": 590.1500000000001,
        "oppTTOIL5": 296.12,
        "oppTTOIL3": 178.61,
        "oppTTOIL1": 60.0
    },
    "wsh": {
        "ttoi": 2254.8999999999996,
        "ttoiL10": 614.65,
        "ttoiL5": 303.85,
        "ttoiL3": 178.95000000000002,
        "ttoiL1": 60.0,
        "oppTTOI": 2300.4599999999996,
        "oppTTOIL10": 603.1500000000001,
        "oppTTOIL5": 294.36,
        "oppTTOIL3": 176.01,
        "oppTTOIL1": 57.480000000000004
    },
    "nyi": {
        "ttoi": 2363.47,
        "ttoiL10": 599.8900000000001,
        "ttoiL5": 299.57,
        "ttoiL3": 180.54,
        "ttoiL1": 60.0,
        "oppTTOI": 2291.87,
        "oppTTOIL10": 608.7199999999999,
        "oppTTOIL5": 300.27,
        "oppTTOIL3": 178.77,
        "oppTTOIL1": 60.0
    },
    "stl": {
        "ttoi": 2270.4600000000005,
        "ttoiL10": 602.25,
        "ttoiL5": 302.27,
        "ttoiL3": 183.44,
        "ttoiL1": 64.97,
        "oppTTOI": 2269.63,
        "oppTTOIL10": 598.3000000000001,
        "oppTTOIL5": 296.6,
        "oppTTOIL3": 177.4,
        "oppTTOIL1": 60.0
    },
    "ott": {
        "ttoi": 2090.5099999999998,
        "ttoiL10": 594.98,
        "ttoiL5": 296.19,
        "ttoiL3": 176.19,
        "ttoiL1": 58.03,
        "oppTTOI": 2086.6500000000005,
        "oppTTOIL10": 604.44,
        "oppTTOIL5": 300.92,
        "oppTTOIL3": 181.17000000000002,
        "oppTTOIL1": 61.17
    },
    "car": {
        "ttoi": 2410.3199999999997,
        "ttoiL10": 612.1899999999999,
        "ttoiL5": 305.0,
        "ttoiL3": 185.0,
        "ttoiL1": 65.0,
        "oppTTOI": 2416.02,
        "oppTTOIL10": 601.74,
        "oppTTOIL5": 304.05,
        "oppTTOIL3": 184.05,
        "oppTTOIL1": 65.0
    },
    "min": {
        "ttoi": 2293.8500000000004,
        "ttoiL10": 601.9499999999999,
        "ttoiL5": 296.68,
        "ttoiL3": 181.01999999999998,
        "ttoiL1": 63.02,
        "oppTTOI": 2244.0299999999997,
        "oppTTOIL10": 608.37,
        "oppTTOIL5": 304.21000000000004,
        "oppTTOIL3": 179.21,
        "oppTTOIL1": 60.0
    },
    "tor": {
        "ttoi": 2248.35,
        "ttoiL10": 598.47,
        "ttoiL5": 302.91,
        "ttoiL3": 181.43,
        "ttoiL1": 59.93,
        "oppTTOI": 2260.6100000000006,
        "oppTTOIL10": 609.77,
        "oppTTOIL5": 305.53000000000003,
        "oppTTOIL3": 183.33,
        "oppTTOIL1": 58.95
    },
    "mtl": {
        "ttoi": 2376.42,
        "ttoiL10": 607.7,
        "ttoiL5": 301.76,
        "ttoiL3": 184.43,
        "ttoiL1": 65.0,
        "oppTTOI": 2368.7200000000003,
        "oppTTOIL10": 608.38,
        "oppTTOIL5": 304.18,
        "oppTTOIL3": 181.07999999999998,
        "oppTTOIL1": 65.0
    },
    "ari": {
        "ttoi": 2279.89,
        "ttoiL10": 601.55,
        "ttoiL5": 301.91999999999996,
        "ttoiL3": 178.48999999999998,
        "ttoiL1": 59.48,
        "oppTTOI": 2274.03,
        "oppTTOIL10": 588.52,
        "oppTTOIL5": 298.0,
        "oppTTOIL3": 176.68,
        "oppTTOIL1": 59.85
    },
    "fla": {
        "ttoi": 2321.8799999999997,
        "ttoiL10": 595.9300000000001,
        "ttoiL5": 299.18,
        "ttoiL3": 179.55,
        "ttoiL1": 59.7,
        "oppTTOI": 2256.33,
        "oppTTOIL10": 585.32,
        "oppTTOIL5": 291.43,
        "oppTTOIL3": 176.35,
        "oppTTOIL1": 58.42
    },
    "tb": {
        "ttoi": 2449.1199999999994,
        "ttoiL10": 596.41,
        "ttoiL5": 295.01,
        "ttoiL3": 177.04,
        "ttoiL1": 58.43,
        "oppTTOI": 2458.25,
        "oppTTOIL10": 594.9799999999999,
        "oppTTOIL5": 296.28,
        "oppTTOIL3": 177.18,
        "oppTTOIL1": 58.43
    },
    "phi": {
        "ttoi": 2361.7599999999993,
        "ttoiL10": 610.33,
        "ttoiL5": 304.55,
        "ttoiL3": 184.87,
        "ttoiL1": 60.0,
        "oppTTOI": 2357.5699999999993,
        "oppTTOIL10": 600.43,
        "oppTTOIL5": 304.65,
        "oppTTOIL3": 184.92000000000002,
        "oppTTOIL1": 63.85
    },
    "nsh": {
        "ttoi": 2386.66,
        "ttoiL10": 603.1700000000001,
        "ttoiL5": 307.14,
        "ttoiL3": 179.92000000000002,
        "ttoiL1": 60.0,
        "oppTTOI": 2391.5499999999997,
        "oppTTOIL10": 602.2300000000001,
        "oppTTOIL5": 301.86,
        "oppTTOIL3": 184.1,
        "oppTTOIL1": 59.92
    },
    "nyr": {
        "ttoi": 2226.42,
        "ttoiL10": 601.9699999999999,
        "ttoiL5": 303.2,
        "ttoiL3": 185.0,
        "ttoiL1": 65.0,
        "oppTTOI": 2279.6799999999994,
        "oppTTOIL10": 588.85,
        "oppTTOIL5": 296.92999999999995,
        "oppTTOIL3": 178.95,
        "oppTTOIL1": 59.5
    },
    "vgk": {
        "ttoi": 2415.59,
        "ttoiL10": 588.47,
        "ttoiL5": 293.95,
        "ttoiL3": 177.0,
        "ttoiL1": 60.0,
        "oppTTOI": 2423.84,
        "oppTTOIL10": 605.4699999999999,
        "oppTTOIL5": 302.27,
        "oppTTOIL3": 182.27,
        "oppTTOIL1": 60.0
    },
    "nj": {
        "ttoi": 2266.87,
        "ttoiL10": 601.0799999999999,
        "ttoiL5": 297.86,
        "ttoiL3": 177.98,
        "ttoiL1": 58.78,
        "oppTTOI": 2267.2899999999995,
        "oppTTOIL10": 594.9799999999999,
        "oppTTOIL5": 296.15,
        "oppTTOIL3": 176.15,
        "oppTTOIL1": 60.0
    },
    "cbj": {
        "ttoi": 2409.8400000000006,
        "ttoiL10": 616.06,
        "ttoiL5": 312.34,
        "ttoiL3": 188.07999999999998,
        "ttoiL1": 63.08,
        "oppTTOI": 2470.7300000000005,
        "oppTTOIL10": 599.25,
        "oppTTOIL5": 300.14,
        "oppTTOIL3": 182.26999999999998,
        "oppTTOIL1": 60.0
    },
    "la": {
        "ttoi": 2168.94,
        "ttoiL10": 606.6,
        "ttoiL5": 304.55,
        "ttoiL3": 181.9,
        "ttoiL1": 59.22,
        "oppTTOI": 2175.8999999999996,
        "oppTTOIL10": 608.88,
        "oppTTOIL5": 307.29,
        "oppTTOIL3": 183.27,
        "oppTTOIL1": 63.75
    },
    "ana": {
        "ttoi": 2318.82,
        "ttoiL10": 593.65,
        "ttoiL5": 294.7,
        "ttoiL3": 177.87,
        "ttoiL1": 59.1,
        "oppTTOI": 2334.8700000000003,
        "oppTTOIL10": 598.42,
        "oppTTOIL5": 298.78000000000003,
        "oppTTOIL3": 179.43,
        "oppTTOIL1": 59.85
    },
    "sj": {
        "ttoi": 2390.5900000000006,
        "ttoiL10": 592.8399999999999,
        "ttoiL5": 296.14,
        "ttoiL3": 177.22,
        "ttoiL1": 60.0,
        "oppTTOI": 2401.8099999999995,
        "oppTTOIL10": 598.83,
        "oppTTOIL5": 298.58000000000004,
        "oppTTOIL3": 178.93,
        "oppTTOIL1": 59.1
    },
    "col": {
        "ttoi": 2408.44,
        "ttoiL10": 604.59,
        "ttoiL5": 302.3,
        "ttoiL3": 182.5,
        "ttoiL1": 59.75,
        "oppTTOI": 2400.1000000000004,
        "oppTTOIL10": 604.1700000000001,
        "oppTTOIL5": 303.62,
        "oppTTOIL3": 179.87,
        "oppTTOIL1": 60.0
    },
    "dal": {
        "ttoi": 2278.7200000000003,
        "ttoiL10": 603.52,
        "ttoiL5": 300.53,
        "ttoiL3": 175.66,
        "ttoiL1": 58.02,
        "oppTTOI": 2295.5699999999997,
        "oppTTOIL10": 601.37,
        "oppTTOIL5": 303.67,
        "oppTTOIL3": 184.87,