{
    "ana": {
        "ttoi": 4454.79,
        "ttoiL10": 604.43,
        "ttoiL5": 303.36,
        "ttoiL3": 182.38,
        "ttoiL1": 59.68,
        "oppTTOI": 4452.37,
        "oppTTOIL10": 606.64,
        "oppTTOIL5": 306.8,
        "oppTTOIL3": 182.85,
        "oppTTOIL1": 60.0
    },
    "cgy": {
        "ttoi": 4469.13,
        "ttoiL10": 612.67,
        "ttoiL5": 305.62,
        "ttoiL3": 184.3,
        "ttoiL1": 60.0,
        "oppTTOI": 4456.96,
        "oppTTOIL10": 615.76,
        "oppTTOIL5": 309.46,
        "oppTTOIL3": 180.51,
        "oppTTOIL1": 59.68
    },
    "sj": {
        "ttoi": 4420.6,
        "ttoiL10": 601.77,
        "ttoiL5": 306.95,
        "ttoiL3": 181.95,
        "ttoiL1": 57.25,
        "oppTTOI": 4451.43,
        "oppTTOIL10": 600.66,
        "oppTTOIL5": 303.76,
        "oppTTOIL3": 184.82999999999998,
        "oppTTOIL1": 65.0
    },
    "tor": {
        "ttoi": 4429.33,
        "ttoiL10": 596.67,
        "ttoiL5": 302.26,
        "ttoiL3": 179.88,
        "ttoiL1": 60.0,
        "oppTTOI": 4405.2,
        "oppTTOIL10": 593.54,
        "oppTTOIL5": 298.35,
        "oppTTOIL3": 180.85,
        "oppTTOIL1": 57.7
    },
    "nyr": {
        "ttoi": 4418.79,
        "ttoiL10": 593.38,
        "ttoiL5": 299.46,
        "ttoiL3": 181.38,
        "ttoiL1": 60.4,
        "oppTTOI": 4425.08,
        "oppTTOIL10": 592.56,
        "oppTTOIL5": 294.98,
        "oppTTOIL3": 176.95,
        "oppTTOIL1": 60.98
    },
    "bos": {
        "ttoi": 4444.71,
        "ttoiL10": 594.35,
        "ttoiL5": 295.2,
        "ttoiL3": 175.2,
        "ttoiL1": 59.0,
        "oppTTOI": 4446.79,
        "oppTTOIL10": 607.27,
        "oppTTOIL5": 307.46999999999997,
        "oppTTOIL3": 188.47,
        "oppTTOIL1": 60.0
    },
    "car": {
        "ttoi": 4409.36,
        "ttoiL10": 594.46,
        "ttoiL5": 294.51,
        "ttoiL3": 177.88,
        "ttoiL1": 57.88,
        "oppTTOI": 4422.2,
        "oppTTOIL10": 608.1,
        "oppTTOIL5": 300.12,
        "oppTTOIL3": 181.22,
        "oppTTOIL1": 59.67
    },
    "nsh": {
        "ttoi": 4400.89,
        "ttoiL10": 589.5,
        "ttoiL5": 295.6,
        "ttoiL3": 178.37,
        "ttoiL1": 60.0,
        "oppTTOI": 4480.25,
        "oppTTOIL10": 592.05,
        "oppTTOIL5": 298.12,
        "oppTTOIL3": 179.57,
        "oppTTOIL1": 59.57
    },
    "dal": {
        "ttoi": 4372.96,
        "ttoiL10": 607.69,
        "ttoiL5": 299.82,
        "ttoiL3": 179.82,
        "ttoiL1": 59.82,
        "oppTTOI": 4347.23,
        "oppTTOIL10": 597.63,
        "oppTTOIL5": 299.73,
        "oppTTOIL3": 181.63,
        "oppTTOIL1": 61.83
    },
    "stl": {
        "ttoi": 4556.44,
        "ttoiL10": 605.97,
        "ttoiL5": 302.57,
        "ttoiL3": 182.75,
        "ttoiL1": 62.2,
        "oppTTOI": 4567.85,
        "oppTTOIL10": 599.81,
        "oppTTOIL5": 301.48,
        "oppTTOIL3": 178.6,
        "oppTTOIL1": 60.0
    },
    "utah": {
        "ttoi": 4523.25,
        "ttoiL10": 603.62,
        "ttoiL5": 304.07,
        "ttoiL3": 179.77,
        "ttoiL1": 59.77,
        "oppTTOI": 4526.82,
        "oppTTOIL10": 607.47,
        "oppTTOIL5": 307.03,
        "oppTTOIL3": 184.41,
        "oppTTOIL1": 58.58
    },
    "wsh": {
        "ttoi": 4452.89,
        "ttoiL10": 596.98,
        "ttoiL5": 296.22,
        "ttoiL3": 180.0,
        "ttoiL1": 60.0,
        "oppTTOI": 4423.95,
        "oppTTOIL10": 593.98,
        "oppTTOIL5": 295.09,
        "oppTTOIL3": 176.92,
        "oppTTOIL1": 58.62
    },
    "nyi": {
        "ttoi": 4430.16,
        "ttoiL10": 605.8,
        "ttoiL5": 293.43,
        "ttoiL3": 177.72,
        "ttoiL1": 60.0,
        "oppTTOI": 4432.44,
        "oppTTOIL10": 596.15,
        "oppTTOIL5": 301.07,
        "oppTTOIL3": 177.9,
        "oppTTOIL1": 59.7
    },
    "van": {
        "ttoi": 4462.5,
        "ttoiL10": 602.1,
        "ttoiL5": 303.45,
        "ttoiL3": 179.85,
        "ttoiL1": 58.18,
        "oppTTOI": 4460.79,
        "oppTTOIL10": 605.87,
        "oppTTOIL5": 296.5,
        "oppTTOIL3": 177.88,
        "oppTTOIL1": 57.879999999999995
    },
    "edm": {
        "ttoi": 4482.19,
        "ttoiL10": 603.2,
        "ttoiL5": 298.41,
        "ttoiL3": 180.72,
        "ttoiL1": 59.13,
        "oppTTOI": 4423.91,
        "oppTTOIL10": 598.62,
        "oppTTOIL5": 297.32,
        "oppTTOIL3": 177.02,
        "oppTTOIL1": 59.92
    },
    "chi": {
        "ttoi": 4481.17,
        "ttoiL10": 597.57,
        "ttoiL5": 299.2,
        "ttoiL3": 183.87,
        "ttoiL1": 59.62,
        "oppTTOI": 4494.28,
        "oppTTOIL10": 599.28,
        "oppTTOIL5": 298.3,
        "oppTTOIL3": 178.53,
        "oppTTOIL1": 60.0
    },
    "buf": {
        "ttoi": 4235.17,
        "ttoiL10": 604.48,
        "ttoiL5": 299.82,
        "ttoiL3": 179.82,
        "ttoiL1": 60.0,
        "oppTTOI": 4250.17,
        "oppTTOIL10": 601.29,
        "oppTTOIL5": 306.42,
        "oppTTOIL3": 186.64,
        "oppTTOIL1": 57.82
    },
    "det": {
        "ttoi": 4441.25,
        "ttoiL10": 597.48,
        "ttoiL5": 300.35,
        "ttoiL3": 182.73,
        "ttoiL1": 59.48,
        "oppTTOI": 4432.18,
        "oppTTOIL10": 600.55,
        "oppTTOIL5": 300.56,
        "oppTTOIL3": 178.68,
        "oppTTOIL1": 61.08
    },
    "la": {
        "ttoi": 4443.59,
        "ttoiL10": 595.44,
        "ttoiL5": 297.67,
        "ttoiL3": 180.0,
        "ttoiL1": 60.0,
        "oppTTOI": 4425.64,
        "oppTTOIL10": 603.72,
        "oppTTOIL5": 305.49,
        "oppTTOIL3": 182.79000000000002,
        "oppTTOIL1": 64.93
    },
    "mtl": {
        "ttoi": 4388.15,
        "ttoiL10": 603.34,
        "ttoiL5": 295.42,
        "ttoiL3": 179.42000000000002,
        "ttoiL1": 60.0,
        "oppTTOI": 4389.21,
        "oppTTOIL10": 601.68,
        "oppTTOIL5": 304.0,
        "oppTTOIL3": 184.0,
        "oppTTOIL1": 60.0
    },
    "sea": {
        "ttoi": 4450.04,
        "ttoiL10": 598.05,
        "ttoiL5": 299.85,
        "ttoiL3": 177.57,
        "ttoiL1": 60.0,
        "oppTTOI": 4483.65,
        "oppTTOIL10": 588.35,
        "oppTTOIL5": 292.8,
        "oppTTOIL3": 175.32999999999998,
        "oppTTOIL1": 60.0
    },
    "pit": {
        "ttoi": 4524.33,
        "ttoiL10": 606.42,
        "ttoiL5": 306.35,
        "ttoiL3": 181.35,
        "ttoiL1": 60.42,
        "oppTTOI": 4521.51,
        "oppTTOIL10": 599.15,
        "oppTTOIL5": 300.06,
        "oppTTOIL3": 182.07999999999998,
        "oppTTOIL1": 59.5
    },
    "fla": {
        "ttoi": 4377.97,
        "ttoiL10": 601.13,
        "ttoiL5": 305.90999999999997,
        "ttoiL3": 177.12,
        "ttoiL1": 57.67,
        "oppTTOI": 4381.04,
        "oppTTOIL10": 595.46,
        "oppTTOIL5": 301.36,
        "oppTTOIL3": 178.07,
        "oppTTOIL1": 59.85
    },
    "tb": {
        "ttoi": 4361.75,
        "ttoiL10": 598.09,
        "ttoiL5": 296.69,
        "ttoiL3": 176.87,
        "ttoiL1": 57.15,
        "oppTTOI": 4368.59,
        "oppTTOIL10": 596.34,
        "oppTTOIL5": 302.53,
        "oppTTOIL3": 182.53,
        "oppTTOIL1": 64.55
    },
    "phi": {
        "ttoi": 4452.37,
        "ttoiL10": 600.69,
        "ttoiL5": 299.31,
        "ttoiL3": 179.63,
        "ttoiL1": 60.0,
        "oppTTOI": 4465.22,
        "oppTTOIL10": 598.54,
        "oppTTOIL5": 298.47,
        "oppTTOIL3": 180.07,
        "oppTTOIL1": 60.0
    },
    "wpg": {
        "ttoi": 4498.03,
        "ttoiL10": 598.62,
        "ttoiL5": 299.64,
        "ttoiL3": 178.47,
        "ttoiL1": 60.0,
        "oppTTOI": 4484.16,
        "oppTTOIL10": 603.07,
        "oppTTOIL5": 299.46,
        "oppTTOIL3": 179.46,
        "oppTTOIL1": 63.43
    },
    "nj": {
        "ttoi": 4366.1,
        "ttoiL10": 602.92,
        "ttoiL5": 309.8,
        "ttoiL3": 184.8,
        "ttoiL1": 65.0,
        "oppTTOI": 4371.23,
        "oppTTOIL10": 590.45,
        "oppTTOIL5": 299.35,
        "oppTTOIL3": 179.67000000000002,
        "oppTTOIL1": 60.0
    },
    "vgk": {
        "ttoi": 4424.7,