{
    "pit": {
        "ttoi": 1395.66,
        "ttoiL10": 612.48,
        "ttoiL5": 306.57,
        "ttoiL3": 182.94,
        "ttoiL1": 59.92,
        "oppTTOI": 1394.36,
        "oppTTOIL10": 616.25,
        "oppTTOIL5": 310.98,
        "oppTTOIL3": 187.57999999999998,
        "oppTTOIL1": 62.58
    },
    "utah": {
        "ttoi": 1326.75,
        "ttoiL10": 597.16,
        "ttoiL5": 300.58,
        "ttoiL3": 182.29999999999998,
        "ttoiL1": 64.1,
        "oppTTOI": 1330.98,
        "oppTTOIL10": 603.72,
        "oppTTOIL5": 297.87,
        "oppTTOIL3": 179.45,
        "oppTTOIL1": 59.92
    },
    "wpg": {
        "ttoi": 1316.67,
        "ttoiL10": 596.53,
        "ttoiL5": 298.83,
        "ttoiL3": 178.93,
        "ttoiL1": 60.0,
        "oppTTOI": 1307.38,
        "oppTTOIL10": 595.41,
        "oppTTOIL5": 297.48,
        "oppTTOIL3": 179.03,
        "oppTTOIL1": 59.05
    },
    "tb": {
        "ttoi": 1197.91,
        "ttoiL10": 599.84,
        "ttoiL5": 301.32,
        "ttoiL3": 177.78,
        "ttoiL1": 60.0,
        "oppTTOI": 1203.28,
        "oppTTOIL10": 602.94,
        "oppTTOIL5": 303.54,
        "oppTTOIL3": 181.45,
        "oppTTOIL1": 63.97
    },
    "sj": {
        "ttoi": 1441.74,
        "ttoiL10": 606.87,
        "ttoiL5": 300.67,
        "ttoiL3": 181.52,
        "ttoiL1": 60.0,
        "oppTTOI": 1455.63,
        "oppTTOIL10": 605.57,
        "oppTTOIL5": 303.44,
        "oppTTOIL3": 183.61,
        "oppTTOIL1": 65.0
    },
    "cbj": {
        "ttoi": 1196.15,
        "ttoiL10": 603.9300000000001,
        "ttoiL5": 304.84000000000003,
        "ttoiL3": 185.96,
        "ttoiL1": 64.53,
        "oppTTOI": 1199.52,
        "oppTTOIL10": 602.96,
        "oppTTOIL5": 306.53,
        "oppTTOIL3": 181.68,
        "oppTTOIL1": 58.63
    },
    "det": {
        "ttoi": 1252.28,
        "ttoiL10": 595.67,
        "ttoiL5": 297.44,
        "ttoiL3": 178.05,
        "ttoiL1": 60.0,
        "oppTTOI": 1246.28,
        "oppTTOIL10": 594.42,
        "oppTTOIL5": 301.24,
        "oppTTOIL3": 180.97,
        "oppTTOIL1": 61.5
    },
    "dal": {
        "ttoi": 1130.59,
        "ttoiL10": 594.79,
        "ttoiL5": 295.82,
        "ttoiL3": 178.45,
        "ttoiL1": 58.52,
        "oppTTOI": 1125.1,
        "oppTTOIL10": 595.71,
        "oppTTOIL5": 296.41,
        "oppTTOIL3": 177.83,
        "oppTTOIL1": 60.0
    },
    "wsh": {
        "ttoi": 1256.63,
        "ttoiL10": 597.31,
        "ttoiL5": 295.82,
        "ttoiL3": 175.82,
        "ttoiL1": 60.0,
        "oppTTOI": 1249.95,
        "oppTTOIL10": 591.83,
        "oppTTOIL5": 298.08,
        "oppTTOIL3": 179.57999999999998,
        "oppTTOIL1": 59.58
    },
    "car": {
        "ttoi": 1256.84,
        "ttoiL10": 595.9,
        "ttoiL5": 300.62,
        "ttoiL3": 180.65,
        "ttoiL1": 60.0,
        "oppTTOI": 1262.75,
        "oppTTOIL10": 604.19,
        "oppTTOIL5": 299.5,
        "oppTTOIL3": 179.5,
        "oppTTOIL1": 59.93
    },
    "nyi": {
        "ttoi": 1327.72,
        "ttoiL10": 609.07,
        "ttoiL5": 299.92,
        "ttoiL3": 176.51,
        "ttoiL1": 57.23,
        "oppTTOI": 1331.16,
        "oppTTOIL10": 605.5,
        "oppTTOIL5": 309.9,
        "oppTTOIL3": 189.9,
        "oppTTOIL1": 64.9
    },
    "mtl": {
        "ttoi": 1254.39,
        "ttoiL10": 598.9,
        "ttoiL5": 302.6,
        "ttoiL3": 184.25,
        "ttoiL1": 64.55,
        "oppTTOI": 1253.8,
        "oppTTOIL10": 603.81,
        "oppTTOIL5": 302.82,
        "oppTTOIL3": 180.12,
        "oppTTOIL1": 60.0
    },
    "ana": {
        "ttoi": 1201.27,
        "ttoiL10": 599.28,
        "ttoiL5": 301.13,
        "ttoiL3": 181.43,
        "ttoiL1": 57.43,
        "oppTTOI": 1197.71,
        "oppTTOIL10": 600.18,
        "oppTTOIL5": 296.5,
        "oppTTOIL3": 180.69,
        "oppTTOIL1": 62.58
    },
    "min": {
        "ttoi": 1265.65,
        "ttoiL10": 600.15,
        "ttoiL5": 299.6,
        "ttoiL3": 181.88,
        "ttoiL1": 58.73,
        "oppTTOI": 1259.71,
        "oppTTOIL10": 596.69,
        "oppTTOIL5": 304.40999999999997,
        "oppTTOIL3": 180.5,
        "oppTTOIL1": 58.82
    },
    "van": {
        "ttoi": 1199.53,
        "ttoiL10": 592.26,
        "ttoiL5": 295.53,
        "ttoiL3": 176.68,
        "ttoiL1": 60.0,
        "oppTTOI": 1194.77,
        "oppTTOIL10": 595.7,
        "oppTTOIL5": 295.85,
        "oppTTOIL3": 176.98,
        "oppTTOIL1": 58.33
    },
    "edm": {
        "ttoi": 1314.25,
        "ttoiL10": 594.66,
        "ttoiL5": 295.07,
        "ttoiL3": 177.53,
        "ttoiL1": 60.0,
        "oppTTOI": 1263.56,
        "oppTTOIL10": 541.31,
        "oppTTOIL5": 303.1,
        "oppTTOIL3": 184.75,
        "oppTTOIL1": 59.93
    },
    "cgy": {
        "ttoi": 1335.07,
        "ttoiL10": 613.87,
        "ttoiL5": 306.6,
        "ttoiL3": 181.6,
        "ttoiL1": 56.97,
        "oppTTOI": 1331.08,
        "oppTTOIL10": 605.45,
        "oppTTOIL5": 302.85,
        "oppTTOIL3": 183.32,
        "oppTTOIL1": 65.0
    },
    "buf": {
        "ttoi": 1131.96,
        "ttoiL10": 600.45,
        "ttoiL5": 299.52,
        "ttoiL3": 183.75,
        "ttoiL1": 59.95,
        "oppTTOI": 1135.67,
        "oppTTOIL10": 606.3199999999999,
        "oppTTOIL5": 306.97,
        "oppTTOIL3": 182.8,
        "oppTTOIL1": 60.55
    },
    "tor": {
        "ttoi": 1255.06,
        "ttoiL10": 600.72,
        "ttoiL5": 299.67,
        "ttoiL3": 180.32,
        "ttoiL1": 59.82,
        "oppTTOI": 1253.86,
        "oppTTOIL10": 592.11,
        "oppTTOIL5": 293.67,
        "oppTTOIL3": 176.0,
        "oppTTOIL1": 58.85
    },
    "nyr": {
        "ttoi": 1191.71,
        "ttoiL10": 593.01,
        "ttoiL5": 296.13,
        "ttoiL3": 176.5,
        "ttoiL1": 59.53,
        "oppTTOI": 1187.56,
        "oppTTOIL10": 594.54,
        "oppTTOIL5": 294.47,
        "oppTTOIL3": 174.92000000000002,
        "oppTTOIL1": 60.0
    },
    "chi": {
        "ttoi": 1251.79,
        "ttoiL10": 601.2,
        "ttoiL5": 296.82,
        "ttoiL3": 179.21,
        "ttoiL1": 61.03,
        "oppTTOI": 1253.88,
        "oppTTOIL10": 593.86,
        "oppTTOIL5": 294.24,
        "oppTTOIL3": 178.53,
        "oppTTOIL1": 60.0
    },
    "phi": {
        "ttoi": 1277.29,
        "ttoiL10": 621.65,
        "ttoiL5": 303.89,
        "ttoiL3": 185.97,
        "ttoiL1": 64.92,
        "oppTTOI": 1278.24,
        "oppTTOIL10": 614.96,
        "oppTTOIL5": 305.08,
        "oppTTOIL3": 186.03,
        "oppTTOIL1": 61.03
    },
    "fla": {
        "ttoi": 1258.8,
        "ttoiL10": 595.24,
        "ttoiL5": 294.56,
        "ttoiL3": 176.73,
        "ttoiL1": 58.5,
        "oppTTOI": 1256.72,
        "oppTTOIL10": 595.44,
        "oppTTOIL5": 300.07,
        "oppTTOIL3": 181.9,
        "oppTTOIL1": 60.0
    },
    "sea": {
        "ttoi": 1299.36,
        "ttoiL10": 587.62,
        "ttoiL5": 292.57,
        "ttoiL3": 176.1,
        "ttoiL1": 59.47,
        "oppTTOI": 1307.15,
        "oppTTOIL10": 589.62,
        "oppTTOIL5": 295.49,
        "oppTTOIL3": 176.11,
        "oppTTOIL1": 58.68
    },
    "la": {
        "ttoi": 1317.16,
        "ttoiL10": 592.26,
        "ttoiL5": 296.59000000000003,
        "ttoiL3": 177.38,
        "ttoiL1": 60.0,
        "oppTTOI": 1309.68,
        "oppTTOIL10": 595.33,
        "oppTTOIL5": 299.71,
        "oppTTOIL3": 182.85,
        "oppTTOIL1": 63.47
    },
    "col": {
        "ttoi": 1302.68,
        "ttoiL10": 596.78,
        "ttoiL5": 296.85,
        "ttoiL3": 180.0,
        "ttoiL1": 60.0,
        "oppTTOI": 1306.58,
        "oppTTOIL10": 600.13,
        "oppTTOIL5": 297.4,
        "oppTTOIL3": 179.02,
        "oppTTOIL1": 60.0
    },
    "nsh": {
        "ttoi": 1249.15,
        "ttoiL10": 537.3,
        "ttoiL5": 296.52,
        "ttoiL3": 177.39,
        "ttoiL1": 58.81,
        "oppTTOI": 1318.65,
        "oppTTOIL10": 598.98,
        "oppTTOIL5": 295.38,
        "oppTTOIL3": 177.98,
        "oppTTOIL1": 57.98
    },
    "vgk": {
        "ttoi": 1322.95,