{
    "ana": {
        "ttoi": 4574.79,
        "ttoiL10": 604.43,
        "ttoiL5": 302.38,
        "ttoiL3": 179.68,
        "ttoiL1": 60.0,
        "oppTTOI": 4569.51,
        "oppTTOIL10": 606.64,
        "oppTTOIL5": 306.8,
        "oppTTOIL3": 182.85,
        "oppTTOIL1": 60.0
    },
    "edm": {
        "ttoi": 4599.24,
        "ttoiL10": 596.6800000000001,
        "ttoiL5": 297.77,
        "ttoiL3": 176.18,
        "ttoiL1": 57.42,
        "oppTTOI": 4543.51,
        "oppTTOIL10": 598.62,
        "oppTTOIL5": 296.25,
        "oppTTOIL3": 178.27,
        "oppTTOIL1": 60.0
    },
    "van": {
        "ttoi": 4580.97,
        "ttoiL10": 601.15,
        "ttoiL5": 298.32,
        "ttoiL3": 176.65,
        "ttoiL1": 58.75,
        "oppTTOI": 4580.79,
        "oppTTOIL10": 600.87,
        "oppTTOIL5": 297.88,
        "oppTTOIL3": 177.88,
        "oppTTOIL1": 60.0
    },
    "cgy": {
        "ttoi": 4593.65,
        "ttoiL10": 617.19,
        "ttoiL5": 308.82,
        "ttoiL3": 184.51999999999998,
        "ttoiL1": 60.0,
        "oppTTOI": 4577.76,
        "oppTTOIL10": 615.76,
        "oppTTOIL5": 309.46,
        "oppTTOIL3": 180.51,
        "oppTTOIL1": 59.68
    },
    "sj": {
        "ttoi": 4536.88,
        "ttoiL10": 599.9300000000001,
        "ttoiL5": 298.23,
        "ttoiL3": 173.53,
        "ttoiL1": 56.28,
        "oppTTOI": 4571.43,
        "oppTTOIL10": 600.66,
        "oppTTOIL5": 303.76,
        "oppTTOIL3": 184.82999999999998,
        "oppTTOIL1": 65.0
    },
    "tor": {
        "ttoi": 4489.33,
        "ttoiL10": 599.02,
        "ttoiL5": 302.26,
        "ttoiL3": 179.88,
        "ttoiL1": 60.0,
        "oppTTOI": 4465.2,
        "oppTTOIL10": 593.54,
        "oppTTOIL5": 298.35,
        "oppTTOIL3": 180.85,
        "oppTTOIL1": 57.7
    },
    "nyr": {
        "ttoi": 4536.7,
        "ttoiL10": 589.64,
        "ttoiL5": 299.28999999999996,
        "ttoiL3": 178.31,
        "ttoiL1": 58.98,
        "oppTTOI": 4545.0,
        "oppTTOIL10": 592.56,
        "oppTTOIL5": 294.98,
        "oppTTOIL3": 176.95,
        "oppTTOIL1": 60.98
    },
    "bos": {
        "ttoi": 4562.08,
        "ttoiL10": 596.3199999999999,
        "ttoiL5": 292.57,
        "ttoiL3": 176.37,
        "ttoiL1": 57.7,
        "oppTTOI": 4566.79,
        "oppTTOIL10": 607.35,
        "oppTTOIL5": 308.46999999999997,
        "oppTTOIL3": 183.65,
        "oppTTOIL1": 60.0
    },
    "car": {
        "ttoi": 4469.36,
        "ttoiL10": 594.46,
        "ttoiL5": 297.88,
        "ttoiL3": 177.88,
        "ttoiL1": 60.0,
        "oppTTOI": 4481.87,
        "oppTTOIL10": 603.24,
        "oppTTOIL5": 300.89,
        "oppTTOIL3": 181.21,
        "oppTTOIL1": 59.67
    },
    "nsh": {
        "ttoi": 4458.39,
        "ttoiL10": 587.0,
        "ttoiL5": 294.55,
        "ttoiL3": 177.5,
        "ttoiL1": 57.5,
        "oppTTOI": 4540.25,
        "oppTTOIL10": 592.05,
        "oppTTOIL5": 298.12,
        "oppTTOIL3": 179.57,
        "oppTTOIL1": 59.57
    },
    "dal": {
        "ttoi": 4493.6,
        "ttoiL10": 605.61,
        "ttoiL5": 300.46,
        "ttoiL3": 180.46,
        "ttoiL1": 60.97,
        "oppTTOI": 4468.2,
        "oppTTOIL10": 597.63,
        "oppTTOIL5": 299.73,
        "oppTTOIL3": 181.63,
        "oppTTOIL1": 61.83
    },
    "stl": {
        "ttoi": 4674.02,
        "ttoiL10": 603.75,
        "ttoiL5": 300.33,
        "ttoiL3": 179.78,
        "ttoiL1": 57.58,
        "oppTTOI": 4685.22,
        "oppTTOIL10": 599.81,
        "oppTTOIL5": 301.48,
        "oppTTOIL3": 178.6,
        "oppTTOIL1": 60.0
    },
    "utah": {
        "ttoi": 4583.25,
        "ttoiL10": 603.62,
        "ttoiL5": 304.07,
        "ttoiL3": 179.77,
        "ttoiL1": 60.0,
        "oppTTOI": 4585.4,
        "oppTTOIL10": 607.47,
        "oppTTOIL5": 307.03,
        "oppTTOIL3": 184.41,
        "oppTTOIL1": 58.58
    },
    "wsh": {
        "ttoi": 4512.89,
        "ttoiL10": 597.21,
        "ttoiL5": 298.37,
        "ttoiL3": 180.0,
        "ttoiL1": 60.0,
        "oppTTOI": 4483.95,
        "oppTTOIL10": 593.98,
        "oppTTOIL5": 295.09,
        "oppTTOIL3": 176.92,
        "oppTTOIL1": 58.62
    },
    "nyi": {
        "ttoi": 4490.16,
        "ttoiL10": 605.8,
        "ttoiL5": 295.67,
        "ttoiL3": 179.57,
        "ttoiL1": 60.0,
        "oppTTOI": 4492.44,
        "oppTTOIL10": 596.15,
        "oppTTOIL5": 301.07,
        "oppTTOIL3": 177.9,
        "oppTTOIL1": 59.7
    },
    "chi": {
        "ttoi": 4541.17,
        "ttoiL10": 597.57,
        "ttoiL5": 302.12,
        "ttoiL3": 184.32,
        "ttoiL1": 60.0,
        "oppTTOI": 4553.4,
        "oppTTOIL10": 599.28,
        "oppTTOIL5": 298.3,
        "oppTTOIL3": 178.53,
        "oppTTOIL1": 60.0
    },
    "buf": {
        "ttoi": 4360.17,
        "ttoiL10": 601.11,
        "ttoiL5": 304.82,
        "ttoiL3": 185.0,
        "ttoiL1": 60.0,
        "oppTTOI": 4372.85,
        "oppTTOIL10": 598.99,
        "oppTTOIL5": 304.12,
        "oppTTOIL3": 179.52,
        "oppTTOIL1": 57.82
    },
    "det": {
        "ttoi": 4500.08,
        "ttoiL10": 597.36,
        "ttoiL5": 300.13,
        "ttoiL3": 181.56,
        "ttoiL1": 58.83,
        "oppTTOI": 4489.8,
        "oppTTOIL10": 600.55,
        "oppTTOIL5": 300.56,
        "oppTTOIL3": 178.68,
        "oppTTOIL1": 61.08
    },
    "la": {
        "ttoi": 4560.97,
        "ttoiL10": 595.05,
        "ttoiL5": 297.38,
        "ttoiL3": 177.38,
        "ttoiL1": 57.78,
        "oppTTOI": 4545.27,
        "oppTTOIL10": 603.72,
        "oppTTOIL5": 305.49,
        "oppTTOIL3": 182.79000000000002,
        "oppTTOIL1": 64.93
    },
    "mtl": {
        "ttoi": 4508.15,
        "ttoiL10": 603.69,
        "ttoiL5": 299.42,
        "ttoiL3": 180.0,
        "ttoiL1": 60.0,
        "oppTTOI": 4503.34,
        "oppTTOIL10": 601.68,
        "oppTTOIL5": 304.0,
        "oppTTOIL3": 184.0,
        "oppTTOIL1": 60.0
    },
    "sea": {
        "ttoi": 4570.04,
        "ttoiL10": 596.27,
        "ttoiL5": 297.57,
        "ttoiL3": 180.0,
        "ttoiL1": 60.0,
        "oppTTOI": 4601.43,
        "oppTTOIL10": 588.35,
        "oppTTOIL5": 292.8,
        "oppTTOIL3": 175.32999999999998,
        "oppTTOIL1": 60.0
    },
    "pit": {
        "ttoi": 4643.45,
        "ttoiL10": 604.72,
        "ttoiL5": 300.46999999999997,
        "ttoiL3": 179.54,
        "ttoiL1": 59.12,
        "oppTTOI": 4641.18,
        "oppTTOIL10": 599.15,
        "oppTTOIL5": 300.06,
        "oppTTOIL3": 182.07999999999998,
        "oppTTOIL1": 59.5
    },
    "fla": {
        "ttoi": 4494.51,
        "ttoiL10": 600.8,
        "ttoiL5": 293.66,
        "ttoiL3": 174.21,
        "ttoiL1": 57.62,
        "oppTTOI": 4499.87,
        "oppTTOIL10": 595.46,
        "oppTTOIL5": 301.36,
        "oppTTOIL3": 178.07,
        "oppTTOIL1": 59.85
    },
    "tb": {
        "ttoi": 4486.73,
        "ttoiL10": 603.09,
        "ttoiL5": 301.85,
        "ttoiL3": 182.13,
        "ttoiL1": 60.0,
        "oppTTOI": 4492.57,
        "oppTTOIL10": 603.21,
        "oppTTOIL5": 302.53,
        "oppTTOIL3": 182.53,
        "oppTTOIL1": 64.55
    },
    "phi": {
        "ttoi": 4509.0,
        "ttoiL10": 592.32,
        "ttoiL5": 296.26,
        "ttoiL3": 176.63,
        "ttoiL1": 56.63,
        "oppTTOI": 4525.22,
        "oppTTOIL10": 598.54,
        "oppTTOIL5": 298.47,
        "oppTTOIL3": 180.07,
        "oppTTOIL1": 60.0
    },
    "wpg": {
        "ttoi": 4616.61,
        "ttoiL10": 595.46,
        "ttoiL5": 297.05,
        "ttoiL3": 178.57999999999998,
        "ttoiL1": 60.0,
        "oppTTOI": 4601.74,
        "oppTTOIL10": 603.07,
        "oppTTOIL5": 299.46,
        "oppTTOIL3": 179.46,
        "oppTTOIL1": 63.43
    },
    "nj": {
        "ttoi": 4426.02,
        "ttoiL10": 602.84,
        "ttoiL5": 304.72,
        "ttoiL3": 184.89,
        "ttoiL1": 59.92,
        "oppTTOI": 4430.16,
        "oppTTOIL10": 590.45,
        "oppTTOIL5": 299.35,
        "oppTTOIL3": 179.67000000000002,
        "oppTTOIL1": 60.0
    },