{
    "pit": {
        "ttoi": 3544.78,
        "ttoiL10": 596.82,
        "ttoiL5": 298.55,
        "ttoiL3": 176.85,
        "ttoiL1": 60.0,
        "oppTTOI": 3551.95,
        "oppTTOIL10": 602.1700000000001,
        "oppTTOIL5": 298.27,
        "oppTTOIL3": 178.32,
        "oppTTOIL1": 59.5
    },
    "edm": {
        "ttoi": 3535.9700000000003,
        "ttoiL10": 605.54,
        "ttoiL5": 303.36999999999995,
        "ttoiL3": 184.26999999999998,
        "ttoiL1": 60.0,
        "oppTTOI": 3537.2000000000003,
        "oppTTOIL10": 596.1700000000001,
        "oppTTOIL5": 296.17,
        "oppTTOIL3": 176.92000000000002,
        "oppTTOIL1": 60.0
    },
    "cgy": {
        "ttoi": 3663.1400000000003,
        "ttoiL10": 600.63,
        "ttoiL5": 301.9,
        "ttoiL3": 178.1,
        "ttoiL1": 58.1,
        "oppTTOI": 3659.2599999999993,
        "oppTTOIL10": 598.52,
        "oppTTOIL5": 295.90000000000003,
        "oppTTOIL3": 176.65,
        "oppTTOIL1": 59.25
    },
    "sea": {
        "ttoi": 3695.8899999999994,
        "ttoiL10": 606.0899999999999,
        "ttoiL5": 302.39,
        "ttoiL3": 177.47,
        "ttoiL1": 59.12,
        "oppTTOI": 3688.68,
        "oppTTOIL10": 601.26,
        "oppTTOIL5": 297.48,
        "oppTTOIL3": 177.6,
        "oppTTOIL1": 57.6
    },
    "van": {
        "ttoi": 3787.41,
        "ttoiL10": 592.77,
        "ttoiL5": 299.44,
        "ttoiL3": 180.7,
        "ttoiL1": 59.95,
        "oppTTOI": 3767.8900000000003,
        "oppTTOIL10": 591.52,
        "oppTTOIL5": 296.72,
        "oppTTOIL3": 180.54,
        "oppTTOIL1": 61.7
    },
    "phi": {
        "ttoi": 3802.36,
        "ttoiL10": 598.7900000000001,
        "ttoiL5": 301.85,
        "ttoiL3": 184.92000000000002,
        "ttoiL1": 64.92,
        "oppTTOI": 3792.9900000000002,
        "oppTTOIL10": 600.85,
        "oppTTOIL5": 305.53999999999996,
        "oppTTOIL3": 183.85,
        "oppTTOIL1": 60.0
    },
    "mtl": {
        "ttoi": 3699.5400000000013,
        "ttoiL10": 602.37,
        "ttoiL5": 306.90000000000003,
        "ttoiL3": 189.92000000000002,
        "ttoiL1": 65.0,
        "oppTTOI": 3699.92,
        "oppTTOIL10": 606.9000000000001,
        "oppTTOIL5": 303.8,
        "oppTTOIL3": 187.72,
        "oppTTOIL1": 60.0
    },
    "nyi": {
        "ttoi": 3621.0399999999995,
        "ttoiL10": 600.87,
        "ttoiL5": 298.63,
        "ttoiL3": 182.9,
        "ttoiL1": 60.0,
        "oppTTOI": 3557.2,
        "oppTTOIL10": 603.84,
        "oppTTOIL5": 300.09,
        "oppTTOIL3": 180.95,
        "oppTTOIL1": 60.95
    },
    "la": {
        "ttoi": 3613.8000000000006,
        "ttoiL10": 601.59,
        "ttoiL5": 300.9,
        "ttoiL3": 178.43,
        "ttoiL1": 60.0,
        "oppTTOI": 3620.3099999999995,
        "oppTTOIL10": 612.19,
        "oppTTOIL5": 310.07000000000005,
        "oppTTOIL3": 186.12,
        "oppTTOIL1": 57.37
    },
    "chi": {
        "ttoi": 3703.17,
        "ttoiL10": 594.87,
        "ttoiL5": 300.26,
        "ttoiL3": 179.54,
        "ttoiL1": 59.82,
        "oppTTOI": 3716.7999999999997,
        "oppTTOIL10": 600.03,
        "oppTTOIL5": 300.76,
        "oppTTOIL3": 175.85999999999999,
        "oppTTOIL1": 59.98
    },
    "fla": {
        "ttoi": 3715.49,
        "ttoiL10": 609.13,
        "ttoiL5": 307.93,
        "ttoiL3": 184.62,
        "ttoiL1": 60.0,
        "oppTTOI": 3650.4299999999994,
        "oppTTOIL10": 593.07,
        "oppTTOIL5": 300.37,
        "oppTTOIL3": 182.44,
        "oppTTOIL1": 59.97
    },
    "wpg": {
        "ttoi": 3605.1600000000008,
        "ttoiL10": 598.06,
        "ttoiL5": 299.0,
        "ttoiL3": 178.45,
        "ttoiL1": 59.82,
        "oppTTOI": 3572.71,
        "oppTTOIL10": 590.3599999999999,
        "oppTTOIL5": 298.96,
        "oppTTOIL3": 177.57999999999998,
        "oppTTOIL1": 58.58
    },
    "min": {
        "ttoi": 3731.059999999999,
        "ttoiL10": 597.0500000000001,
        "ttoiL5": 296.99,
        "ttoiL3": 178.47,
        "ttoiL1": 60.0,
        "oppTTOI": 3666.8300000000004,
        "oppTTOIL10": 596.2199999999999,
        "oppTTOIL5": 295.05999999999995,
        "oppTTOIL3": 175.27999999999997,
        "oppTTOIL1": 57.73
    },
    "ari": {
        "ttoi": 3656.6400000000003,
        "ttoiL10": 591.18,
        "ttoiL5": 297.28,
        "ttoiL3": 178.2,
        "ttoiL1": 60.0,
        "oppTTOI": 3655.3,
        "oppTTOIL10": 593.9,
        "oppTTOIL5": 299.71,
        "oppTTOIL3": 179.43,
        "oppTTOIL1": 59.58
    },
    "vgk": {
        "ttoi": 3730.67,
        "ttoiL10": 595.53,
        "ttoiL5": 301.03,
        "ttoiL3": 176.5,
        "ttoiL1": 58.38,
        "oppTTOI": 3733.519999999999,
        "oppTTOIL10": 604.0200000000001,
        "oppTTOIL5": 301.1,
        "oppTTOIL3": 181.1,
        "oppTTOIL1": 58.83
    },
    "car": {
        "ttoi": 3666.730000000001,
        "ttoiL10": 597.34,
        "ttoiL5": 299.79,
        "ttoiL3": 177.22,
        "ttoiL1": 57.22,
        "oppTTOI": 3669.5800000000004,
        "oppTTOIL10": 603.9,
        "oppTTOIL5": 304.6,
        "oppTTOIL3": 185.23,
        "oppTTOIL1": 60.83
    },
    "buf": {
        "ttoi": 3701.7499999999995,
        "ttoiL10": 603.49,
        "ttoiL5": 305.85,
        "ttoiL3": 181.18,
        "ttoiL1": 59.48,
        "oppTTOI": 3711.71,
        "oppTTOIL10": 598.5300000000001,
        "oppTTOIL5": 294.83000000000004,
        "oppTTOIL3": 177.05,
        "oppTTOIL1": 58.3
    },
    "bos": {
        "ttoi": 3824.730000000001,
        "ttoiL10": 620.18,
        "ttoiL5": 306.57,
        "ttoiL3": 180.0,
        "ttoiL1": 60.0,
        "oppTTOI": 3800.43,
        "oppTTOIL10": 596.5799999999999,
        "oppTTOIL5": 296.12,
        "oppTTOIL3": 178.61,
        "oppTTOIL1": 60.0
    },
    "wsh": {
        "ttoi": 3576.7399999999993,
        "ttoiL10": 603.67,
        "ttoiL5": 300.98,
        "ttoiL3": 177.71,
        "ttoiL1": 57.93,
        "oppTTOI": 3616.7500000000005,
        "oppTTOIL10": 600.93,
        "oppTTOIL5": 291.71,
        "oppTTOIL3": 176.01,
        "oppTTOIL1": 57.480000000000004
    },
    "stl": {
        "ttoi": 3647.98,
        "ttoiL10": 598.51,
        "ttoiL5": 305.25,
        "ttoiL3": 189.2,
        "ttoiL1": 65.0,
        "oppTTOI": 3656.8200000000006,
        "oppTTOIL10": 597.6800000000001,
        "oppTTOIL5": 296.6,
        "oppTTOIL3": 177.4,
        "oppTTOIL1": 60.0
    },
    "ott": {
        "ttoi": 3537.53,
        "ttoiL10": 601.71,
        "ttoiL5": 302.08,
        "ttoiL3": 177.07999999999998,
        "ttoiL1": 57.85,
        "oppTTOI": 3531.669999999999,
        "oppTTOIL10": 602.82,
        "oppTTOIL5": 300.99,
        "oppTTOIL3": 181.07,
        "oppTTOIL1": 61.17
    },
    "tor": {
        "ttoi": 3684.7499999999995,
        "ttoiL10": 602.93,
        "ttoiL5": 302.63,
        "ttoiL3": 183.18,
        "ttoiL1": 58.38,
        "oppTTOI": 3695.569999999999,
        "oppTTOIL10": 603.98,
        "oppTTOIL5": 303.33000000000004,
        "oppTTOIL3": 183.33,
        "oppTTOIL1": 58.95
    },
    "tb": {
        "ttoi": 3767.070000000001,
        "ttoiL10": 600.76,
        "ttoiL5": 301.31,
        "ttoiL3": 181.36,
        "ttoiL1": 64.53,
        "oppTTOI": 3779.860000000001,
        "oppTTOIL10": 594.9799999999999,
        "oppTTOIL5": 296.75,
        "oppTTOIL3": 177.18,
        "oppTTOIL1": 58.43
    },
    "nsh": {
        "ttoi": 3696.539999999999,
        "ttoiL10": 598.04,
        "ttoiL5": 299.37,
        "ttoiL3": 179.92000000000002,
        "ttoiL1": 59.92,
        "oppTTOI": 3699.38,
        "oppTTOIL10": 597.74,
        "oppTTOIL5": 299.61,
        "oppTTOIL3": 184.1,
        "oppTTOIL1": 59.92
    },
    "nyr": {
        "ttoi": 3653.1499999999996,
        "ttoiL10": 595.25,
        "ttoiL5": 299.28000000000003,
        "ttoiL3": 182.60000000000002,
        "ttoiL1": 58.6,
        "oppTTOI": 3714.1499999999996,
        "oppTTOIL10": 596.39,
        "oppTTOIL5": 299.4,
        "oppTTOIL3": 181.38,
        "oppTTOIL1": 59.5
    },