{
    "ana": {
        "ttoi": 953.9499999999999,
        "ttoiL10": 597.8899999999999,
        "ttoiL5": 295.78,
        "ttoiL3": 179.45999999999998,
        "ttoiL1": 60.0,
        "oppTTOI": 960.58,
        "oppTTOIL10": 602.97,
        "oppTTOIL5": 302.23,
        "oppTTOIL3": 182.88,
        "oppTTOIL1": 62.8
    },
    "col": {
        "ttoi": 902.0300000000001,
        "ttoiL10": 597.83,
        "ttoiL5": 299.08000000000004,
        "ttoiL3": 179.61,
        "ttoiL1": 59.88,
        "oppTTOI": 898.0299999999999,
        "oppTTOIL10": 593.8499999999999,
        "oppTTOIL5": 296.59999999999997,
        "oppTTOIL3": 176.95,
        "oppTTOIL1": 60.0
    },
    "nsh": {
        "ttoi": 884.5300000000001,
        "ttoiL10": 591.6400000000001,
        "ttoiL5": 293.13,
        "ttoiL3": 175.13,
        "ttoiL1": 59.13,
        "oppTTOI": 897.6700000000001,
        "oppTTOIL10": 595.86,
        "oppTTOIL5": 298.12,
        "oppTTOIL3": 178.42000000000002,
        "oppTTOIL1": 59.63
    },
    "sj": {
        "ttoi": 1014.3399999999999,
        "ttoiL10": 596.41,
        "ttoiL5": 296.96,
        "ttoiL3": 176.95999999999998,
        "ttoiL1": 59.73,
        "oppTTOI": 1018.22,
        "oppTTOIL10": 599.75,
        "oppTTOIL5": 303.68,
        "oppTTOIL3": 179.82999999999998,
        "oppTTOIL1": 59.83
    },
    "phi": {
        "ttoi": 957.6400000000001,
        "ttoiL10": 597.0,
        "ttoiL5": 298.47,
        "ttoiL3": 180.0,
        "ttoiL1": 60.0,
        "oppTTOI": 952.4399999999999,
        "oppTTOIL10": 595.55,
        "oppTTOIL5": 295.31,
        "oppTTOIL3": 177.23,
        "oppTTOIL1": 57.5
    },
    "pit": {
        "ttoi": 897.0500000000001,
        "ttoiL10": 602.4000000000001,
        "ttoiL5": 303.6,
        "ttoiL3": 180.0,
        "ttoiL1": 60.0,
        "oppTTOI": 898.14,
        "oppTTOIL10": 598.31,
        "oppTTOIL5": 294.56,
        "oppTTOIL3": 177.84,
        "oppTTOIL1": 58.82
    },
    "vgk": {
        "ttoi": 1031.08,
        "ttoiL10": 608.5,
        "ttoiL5": 296.34,
        "ttoiL3": 178.48,
        "ttoiL1": 60.0,
        "oppTTOI": 1033.26,
        "oppTTOIL10": 615.11,
        "oppTTOIL5": 302.12,
        "oppTTOIL3": 182.12,
        "oppTTOIL1": 60.0
    },
    "ari": {
        "ttoi": 961.9,
        "ttoiL10": 603.68,
        "ttoiL5": 303.53999999999996,
        "ttoiL3": 180.47,
        "ttoiL1": 60.0,
        "oppTTOI": 963.5200000000001,
        "oppTTOIL10": 598.96,
        "oppTTOIL5": 298.69,
        "oppTTOIL3": 177.99,
        "oppTTOIL1": 63.45
    },
    "bos": {
        "ttoi": 909.6600000000001,
        "ttoiL10": 610.7600000000001,
        "ttoiL5": 300.89,
        "ttoiL3": 181.57,
        "ttoiL1": 59.35,
        "oppTTOI": 890.76,
        "oppTTOIL10": 590.81,
        "oppTTOIL5": 293.94,
        "oppTTOIL3": 175.32999999999998,
        "oppTTOIL1": 58.93
    },
    "cbj": {
        "ttoi": 1017.0399999999998,
        "ttoiL10": 590.81,
        "ttoiL5": 296.97999999999996,
        "ttoiL3": 180.57,
        "ttoiL1": 56.67,
        "oppTTOI": 1023.1099999999998,
        "oppTTOIL10": 606.1099999999999,
        "oppTTOIL5": 299.77,
        "oppTTOIL3": 180.2,
        "oppTTOIL1": 62.33
    },
    "dal": {
        "ttoi": 902.1800000000001,
        "ttoiL10": 589.96,
        "ttoiL5": 298.2,
        "ttoiL3": 180.7,
        "ttoiL1": 60.7,
        "oppTTOI": 900.16,
        "oppTTOIL10": 592.55,
        "oppTTOIL5": 293.65,
        "oppTTOIL3": 178.0,
        "oppTTOIL1": 57.78
    },
    "car": {
        "ttoi": 962.75,
        "ttoiL10": 602.5,
        "ttoiL5": 299.96999999999997,
        "ttoiL3": 177.7,
        "ttoiL1": 58.08,
        "oppTTOI": 968.7300000000002,
        "oppTTOIL10": 605.3000000000002,
        "oppTTOIL5": 305.45000000000005,
        "oppTTOIL3": 181.05,
        "oppTTOIL1": 59.65
    },
    "stl": {
        "ttoi": 906.96,
        "ttoiL10": 598.3399999999999,
        "ttoiL5": 298.88,
        "ttoiL3": 179.5,
        "ttoiL1": 59.5,
        "oppTTOI": 901.27,
        "oppTTOIL10": 602.95,
        "oppTTOIL5": 297.34000000000003,
        "oppTTOIL3": 177.34,
        "oppTTOIL1": 58.07
    },
    "sea": {
        "ttoi": 1103.4599999999998,
        "ttoiL10": 612.11,
        "ttoiL5": 307.3,
        "ttoiL3": 187.3,
        "ttoiL1": 65.0,
        "oppTTOI": 1104.63,
        "oppTTOIL10": 615.0,
        "oppTTOIL5": 308.86,
        "oppTTOIL3": 189.13,
        "oppTTOIL1": 65.0
    },
    "wpg": {
        "ttoi": 907.75,
        "ttoiL10": 606.48,
        "ttoiL5": 298.0,
        "ttoiL3": 178.47,
        "ttoiL1": 59.85,
        "oppTTOI": 903.16,
        "oppTTOIL10": 600.65,
        "oppTTOIL5": 300.16,
        "oppTTOIL3": 177.6,
        "oppTTOIL1": 57.87
    },
    "mtl": {
        "ttoi": 1036.5,
        "ttoiL10": 610.37,
        "ttoiL5": 302.87,
        "ttoiL3": 176.53,
        "ttoiL1": 59.07,
        "oppTTOI": 1035.8600000000001,
        "oppTTOIL10": 604.36,
        "oppTTOIL5": 303.38,
        "oppTTOIL3": 179.1,
        "oppTTOIL1": 60.0
    },
    "chi": {
        "ttoi": 833.1099999999999,
        "ttoiL10": 595.8299999999999,
        "ttoiL5": 294.13,
        "ttoiL3": 176.25,
        "ttoiL1": 58.75,
        "oppTTOI": 828.2400000000001,
        "oppTTOIL10": 593.99,
        "oppTTOIL5": 299.5,
        "oppTTOIL3": 179.5,
        "oppTTOIL1": 59.8
    },
    "la": {
        "ttoi": 908.5999999999999,
        "ttoiL10": 606.5,
        "ttoiL5": 303.29,
        "ttoiL3": 183.42000000000002,
        "ttoiL1": 59.67,
        "oppTTOI": 905.29,
        "oppTTOIL10": 598.27,
        "oppTTOIL5": 302.65999999999997,
        "oppTTOIL3": 177.66,
        "oppTTOIL1": 59.67
    },
    "nyi": {
        "ttoi": 962.0000000000001,
        "ttoiL10": 602.7800000000001,
        "ttoiL5": 302.53000000000003,
        "ttoiL3": 186.98000000000002,
        "ttoiL1": 64.58,
        "oppTTOI": 903.41,
        "oppTTOIL10": 596.68,
        "oppTTOIL5": 298.73,
        "oppTTOIL3": 178.03,
        "oppTTOIL1": 58.03
    },
    "nyr": {
        "ttoi": 791.06,
        "ttoiL10": 554.5,
        "ttoiL5": 247.4,
        "ttoiL3": 122.93,
        "ttoiL1": 62.93,
        "oppTTOI": 847.1499999999999,
        "oppTTOIL10": 599.23,
        "oppTTOIL5": 301.32,
        "oppTTOIL3": 176.42000000000002,
        "oppTTOIL1": 58.72
    },
    "nj": {
        "ttoi": 894.22,
        "ttoiL10": 591.28,
        "ttoiL5": 296.23,
        "ttoiL3": 177.84,
        "ttoiL1": 59.95,
        "oppTTOI": 892.93,
        "oppTTOIL10": 593.9799999999999,
        "oppTTOIL5": 298.58,
        "oppTTOIL3": 180.78,
        "oppTTOIL1": 65.0
    },
    "buf": {
        "ttoi": 951.89,
        "ttoiL10": 595.84,
        "ttoiL5": 298.24,
        "ttoiL3": 176.84,
        "ttoiL1": 57.81999999999999,
        "oppTTOI": 955.42,
        "oppTTOIL10": 596.89,
        "oppTTOIL5": 297.91999999999996,
        "oppTTOIL3": 180.45,
        "oppTTOIL1": 59.35
    },
    "det": {
        "ttoi": 963.1099999999999,
        "ttoiL10": 605.9599999999999,
        "ttoiL5": 304.95,
        "ttoiL3": 188.3,
        "ttoiL1": 64.97,
        "oppTTOI": 968.47,
        "oppTTOIL10": 602.38,
        "oppTTOIL5": 296.90000000000003,
        "oppTTOIL3": 177.78,
        "oppTTOIL1": 59.8
    },
    "tor": {
        "ttoi": 911.8100000000001,
        "ttoiL10": 611.5799999999999,
        "ttoiL5": 305.15,
        "ttoiL3": 185.0,
        "ttoiL1": 60.0,
        "oppTTOI": 917.95,
        "oppTTOIL10": 613.6,
        "oppTTOIL5": 306.38,
        "oppTTOIL3": 190.0,
        "oppTTOIL1": 65.0
    },
    "fla": {
        "ttoi": 951.35,
        "ttoiL10": 597.49,
        "ttoiL5": 297.97,
        "ttoiL3": 177.72,
        "ttoiL1": 57.72,
        "oppTTOI": 946.8000000000002,
        "oppTTOIL10": 594.7500000000001,
        "oppTTOIL5": 302.68,
        "oppTTOIL3": 184.75,
        "oppTTOIL1": 63.6
    },
    "min": {
        "ttoi": 901.4599999999999,
        "ttoiL10": 600.01,
        "ttoiL5": 300.05,