{
    "pit": {
        "ttoi": 4684.589999999999,
        "ttoiL10": 604.4499999999999,
        "ttoiL5": 301.5,
        "ttoiL3": 181.5,
        "ttoiL1": 61.5,
        "oppTTOI": 4683.85,
        "oppTTOIL10": 601.97,
        "oppTTOIL5": 297.87,
        "oppTTOIL3": 178.32,
        "oppTTOIL1": 59.5
    },
    "tor": {
        "ttoi": 4709.060000000001,
        "ttoiL10": 597.72,
        "ttoiL5": 300.53,
        "ttoiL3": 180.82999999999998,
        "ttoiL1": 59.33,
        "oppTTOI": 4704.399999999998,
        "oppTTOIL10": 606.31,
        "oppTTOIL5": 304.83000000000004,
        "oppTTOIL3": 180.33,
        "oppTTOIL1": 61.5
    },
    "tb": {
        "ttoi": 4661.33,
        "ttoiL10": 595.13,
        "ttoiL5": 296.0,
        "ttoiL3": 177.62,
        "ttoiL1": 60.0,
        "oppTTOI": 4671.6100000000015,
        "oppTTOIL10": 596.91,
        "oppTTOIL5": 296.75,
        "oppTTOIL3": 178.43,
        "oppTTOIL1": 60.0
    },
    "wsh": {
        "ttoi": 4666.380000000001,
        "ttoiL10": 610.36,
        "ttoiL5": 299.26,
        "ttoiL3": 180.11,
        "ttoiL1": 60.0,
        "oppTTOI": 4698.570000000001,
        "oppTTOIL10": 591.1,
        "oppTTOIL5": 297.37,
        "oppTTOIL3": 177.37,
        "oppTTOIL1": 60.0
    },
    "nj": {
        "ttoi": 4705.7699999999995,
        "ttoiL10": 598.26,
        "ttoiL5": 300.38,
        "ttoiL3": 182.88,
        "ttoiL1": 57.88,
        "oppTTOI": 4713.75,
        "oppTTOIL10": 594.0,
        "oppTTOIL5": 294.18,
        "oppTTOIL3": 178.03,
        "oppTTOIL1": 60.0
    },
    "nyr": {
        "ttoi": 4675.820000000001,
        "ttoiL10": 606.5600000000001,
        "ttoiL5": 296.11,
        "ttoiL3": 177.49,
        "ttoiL1": 57.87,
        "oppTTOI": 4730.93,
        "oppTTOIL10": 593.76,
        "oppTTOIL5": 298.28,
        "oppTTOIL3": 176.4,
        "oppTTOIL1": 60.0
    },
    "cbj": {
        "ttoi": 4675.349999999999,
        "ttoiL10": 598.0600000000001,
        "ttoiL5": 296.1,
        "ttoiL3": 179.05,
        "ttoiL1": 59.05,
        "oppTTOI": 4752.52,
        "oppTTOIL10": 602.26,
        "oppTTOIL5": 304.35,
        "oppTTOIL3": 184.63,
        "oppTTOIL1": 65.0
    },
    "car": {
        "ttoi": 4747.46,
        "ttoiL10": 602.5500000000002,
        "ttoiL5": 299.32000000000005,
        "ttoiL3": 179.8,
        "ttoiL1": 60.0,
        "oppTTOI": 4754.47,
        "oppTTOIL10": 604.18,
        "oppTTOIL5": 304.53,
        "oppTTOIL3": 185.76,
        "oppTTOIL1": 59.93
    },
    "col": {
        "ttoi": 4751.830000000001,
        "ttoiL10": 600.1800000000001,
        "ttoiL5": 295.23,
        "ttoiL3": 176.75,
        "ttoiL1": 60.0,
        "oppTTOI": 4748.459999999998,
        "oppTTOIL10": 603.2099999999999,
        "oppTTOIL5": 300.53999999999996,
        "oppTTOIL3": 180.67,
        "oppTTOIL1": 60.85
    },
    "dal": {
        "ttoi": 4743.740000000001,
        "ttoiL10": 597.57,
        "ttoiL5": 298.55,
        "ttoiL3": 179.13,
        "ttoiL1": 61.8,
        "oppTTOI": 4749.509999999998,
        "oppTTOIL10": 599.0,
        "oppTTOIL5": 295.72,
        "oppTTOIL3": 177.54,
        "oppTTOIL1": 57.54
    },
    "det": {
        "ttoi": 4672.6900000000005,
        "ttoiL10": 598.3199999999999,
        "ttoiL5": 298.87,
        "ttoiL3": 174.12,
        "ttoiL1": 56.65,
        "oppTTOI": 4687.669999999999,
        "oppTTOIL10": 597.5799999999999,
        "oppTTOIL5": 299.16,
        "oppTTOIL3": 180.36,
        "oppTTOIL1": 59.22
    },
    "sj": {
        "ttoi": 4680.549999999999,
        "ttoiL10": 602.09,
        "ttoiL5": 302.56,
        "ttoiL3": 185.04,
        "ttoiL1": 62.97,
        "oppTTOI": 4692.4800000000005,
        "oppTTOIL10": 604.48,
        "oppTTOIL5": 303.25,
        "oppTTOIL3": 178.25,
        "oppTTOIL1": 59.77
    },
    "ott": {
        "ttoi": 4682.639999999999,
        "ttoiL10": 595.71,
        "ttoiL5": 295.84000000000003,
        "ttoiL3": 177.75,
        "ttoiL1": 58.78,
        "oppTTOI": 4677.529999999998,
        "oppTTOIL10": 600.36,
        "oppTTOIL5": 300.84000000000003,
        "oppTTOIL3": 183.42000000000002,
        "oppTTOIL1": 62.25
    },
    "edm": {
        "ttoi": 4564.24,
        "ttoiL10": 596.01,
        "ttoiL5": 301.52,
        "ttoiL3": 179.37,
        "ttoiL1": 60.0,
        "oppTTOI": 4569.509999999999,
        "oppTTOIL10": 594.59,
        "oppTTOIL5": 296.22,
        "oppTTOIL3": 178.55,
        "oppTTOIL1": 59.3
    },
    "bos": {
        "ttoi": 4788.530000000002,
        "ttoiL10": 602.88,
        "ttoiL5": 306.28,
        "ttoiL3": 181.27999999999997,
        "ttoiL1": 60.0,
        "oppTTOI": 4762.579999999999,
        "oppTTOIL10": 592.17,
        "oppTTOIL5": 297.54,
        "oppTTOIL3": 179.43,
        "oppTTOIL1": 60.0
    },
    "cgy": {
        "ttoi": 4610.8499999999985,
        "ttoiL10": 587.93,
        "ttoiL5": 299.6,
        "ttoiL3": 179.6,
        "ttoiL1": 62.48,
        "oppTTOI": 4619.83,
        "oppTTOIL10": 598.87,
        "oppTTOIL5": 296.59999999999997,
        "oppTTOIL3": 178.95,
        "oppTTOIL1": 59.25
    },
    "sea": {
        "ttoi": 4655.319999999999,
        "ttoiL10": 600.4699999999999,
        "ttoiL5": 297.29999999999995,
        "ttoiL3": 178.82999999999998,
        "ttoiL1": 60.0,
        "oppTTOI": 4649.089999999999,
        "oppTTOIL10": 594.13,
        "oppTTOIL5": 297.48,
        "oppTTOIL3": 177.6,
        "oppTTOIL1": 57.6
    },
    "van": {
        "ttoi": 4679.639999999999,
        "ttoiL10": 592.92,
        "ttoiL5": 300.0,
        "ttoiL3": 180.0,
        "ttoiL1": 60.0,
        "oppTTOI": 4654.87,
        "oppTTOIL10": 590.1700000000001,
        "oppTTOIL5": 296.72,
        "oppTTOIL3": 180.54,
        "oppTTOIL1": 61.7
    },
    "phi": {
        "ttoi": 4749.16,
        "ttoiL10": 590.94,
        "ttoiL5": 293.45,
        "ttoiL3": 175.7,
        "ttoiL1": 60.0,
        "oppTTOI": 4747.530000000002,
        "oppTTOIL10": 600.27,
        "oppTTOIL5": 307.41999999999996,
        "oppTTOIL3": 183.85,
        "oppTTOIL1": 60.0
    },
    "mtl": {
        "ttoi": 4714.070000000001,
        "ttoiL10": 593.28,
        "ttoiL5": 293.98,
        "ttoiL3": 176.68,
        "ttoiL1": 60.0,
        "oppTTOI": 4719.69,
        "oppTTOIL10": 606.9000000000001,
        "oppTTOIL5": 303.8,
        "oppTTOIL3": 187.72,
        "oppTTOIL1": 60.0
    },
    "nyi": {
        "ttoi": 4695.129999999998,
        "ttoiL10": 594.96,
        "ttoiL5": 299.78999999999996,
        "ttoiL3": 179.07999999999998,
        "ttoiL1": 59.98,
        "oppTTOI": 4625.62,
        "oppTTOIL10": 600.37,
        "oppTTOIL5": 299.25,
        "oppTTOIL3": 180.95,
        "oppTTOIL1": 60.95
    },
    "la": {
        "ttoi": 4682.949999999999,
        "ttoiL10": 591.1099999999999,
        "ttoiL5": 296.27,
        "ttoiL3": 177.54999999999998,
        "ttoiL1": 59.08,
        "oppTTOI": 4693.800000000001,
        "oppTTOIL10": 608.19,
        "oppTTOIL5": 301.12,
        "oppTTOIL3": 181.12,
        "oppTTOIL1": 57.37
    },
    "chi": {
        "ttoi": 4597.830000000002,
        "ttoiL10": 594.8299999999999,
        "ttoiL5": 295.45,
        "ttoiL3": 177.93,
        "ttoiL1": 60.0,
        "oppTTOI": 4602.050000000001,
        "oppTTOIL10": 593.1899999999999,
        "oppTTOIL5": 294.83,
        "oppTTOIL3": 177.25,
        "oppTTOIL1": 59.98
    },
    "fla": {
        "ttoi": 4736.719999999998,
        "ttoiL10": 605.58,
        "ttoiL5": 300.28000000000003,
        "ttoiL3": 182.05,
        "ttoiL1": 59.97,
        "oppTTOI": 4674.0599999999995,
        "oppTTOIL10": 593.12,
        "oppTTOIL5": 300.37,
        "oppTTOIL3": 182.44,
        "oppTTOIL1": 59.97
    },
    "wpg": {
        "ttoi": 4678.749999999999,
        "ttoiL10": 597.4300000000001,
        "ttoiL5": 300.27000000000004,
        "ttoiL3": 181.79000000000002,
        "ttoiL1": 61.87,
        "oppTTOI": 4645.210000000001,
        "oppTTOIL10": 591.9599999999999,
        "oppTTOIL5": 298.96,