{
    "ana": {
        "ttoi": 4330.11,
        "ttoiL10": 596.95,
        "ttoiL5": 297.92,
        "ttoiL3": 178.68,
        "ttoiL1": 57.7,
        "oppTTOI": 4327.67,
        "oppTTOIL10": 608.67,
        "oppTTOIL5": 306.8,
        "oppTTOIL3": 182.85,
        "oppTTOIL1": 60.0
    },
    "tor": {
        "ttoi": 4369.33,
        "ttoiL10": 594.77,
        "ttoiL5": 299.09000000000003,
        "ttoiL3": 182.26,
        "ttoiL1": 59.88,
        "oppTTOI": 4347.53,
        "oppTTOIL10": 593.54,
        "oppTTOIL5": 298.35,
        "oppTTOIL3": 180.85,
        "oppTTOIL1": 57.7
    },
    "nyr": {
        "ttoi": 4358.39,
        "ttoiL10": 590.9,
        "ttoiL5": 296.58,
        "ttoiL3": 179.06,
        "ttoiL1": 60.0,
        "oppTTOI": 4364.68,
        "oppTTOIL10": 592.56,
        "oppTTOIL5": 294.98,
        "oppTTOIL3": 176.95,
        "oppTTOIL1": 60.98
    },
    "bos": {
        "ttoi": 4327.41,
        "ttoiL10": 596.62,
        "ttoiL5": 296.83,
        "ttoiL3": 177.9,
        "ttoiL1": 57.9,
        "oppTTOI": 4326.79,
        "oppTTOIL10": 607.27,
        "oppTTOIL5": 307.46999999999997,
        "oppTTOIL3": 188.47,
        "oppTTOIL1": 60.0
    },
    "car": {
        "ttoi": 4291.48,
        "ttoiL10": 596.33,
        "ttoiL5": 296.58,
        "ttoiL3": 176.63,
        "ttoiL1": 60.0,
        "oppTTOI": 4302.72,
        "oppTTOIL10": 608.1,
        "oppTTOIL5": 300.12,
        "oppTTOIL3": 181.22,
        "oppTTOIL1": 59.67
    },
    "nsh": {
        "ttoi": 4280.89,
        "ttoiL10": 591.61,
        "ttoiL5": 292.6,
        "ttoiL3": 175.6,
        "ttoiL1": 58.37,
        "oppTTOI": 4360.8,
        "oppTTOIL10": 593.54,
        "oppTTOIL5": 298.12,
        "oppTTOIL3": 179.57,
        "oppTTOIL1": 59.57
    },
    "dal": {
        "ttoi": 4313.14,
        "ttoiL10": 607.87,
        "ttoiL5": 300.0,
        "ttoiL3": 180.0,
        "ttoiL1": 60.0,
        "oppTTOI": 4287.23,
        "oppTTOIL10": 597.63,
        "oppTTOIL5": 299.73,
        "oppTTOIL3": 181.63,
        "oppTTOIL1": 61.83
    },
    "stl": {
        "ttoi": 4433.69,
        "ttoiL10": 600.89,
        "ttoiL5": 299.72,
        "ttoiL3": 179.82,
        "ttoiL1": 60.0,
        "oppTTOI": 4444.18,
        "oppTTOIL10": 599.81,
        "oppTTOIL5": 301.48,
        "oppTTOIL3": 178.6,
        "oppTTOIL1": 60.0
    },
    "utah": {
        "ttoi": 4403.48,
        "ttoiL10": 602.5699999999999,
        "ttoiL5": 304.02,
        "ttoiL3": 184.3,
        "ttoiL1": 60.0,
        "oppTTOI": 4407.52,
        "oppTTOIL10": 607.47,
        "oppTTOIL5": 307.03,
        "oppTTOIL3": 184.41,
        "oppTTOIL1": 58.58
    },
    "wsh": {
        "ttoi": 4272.89,
        "ttoiL10": 596.98,
        "ttoiL5": 297.21,
        "ttoiL3": 177.69,
        "ttoiL1": 58.37,
        "oppTTOI": 4246.03,
        "oppTTOIL10": 598.06,
        "oppTTOIL5": 296.61,
        "oppTTOIL3": 176.79,
        "oppTTOIL1": 58.62
    },
    "nyi": {
        "ttoi": 4310.59,
        "ttoiL10": 606.56,
        "ttoiL5": 302.74,
        "ttoiL3": 173.86,
        "ttoiL1": 58.15,
        "oppTTOI": 4315.41,
        "oppTTOIL10": 596.15,
        "oppTTOIL5": 301.07,
        "oppTTOIL3": 177.9,
        "oppTTOIL1": 59.7
    },
    "van": {
        "ttoi": 4404.32,
        "ttoiL10": 608.92,
        "ttoiL5": 302.82,
        "ttoiL3": 181.67000000000002,
        "ttoiL1": 56.67,
        "oppTTOI": 4400.79,
        "oppTTOIL10": 605.87,
        "oppTTOIL5": 296.5,
        "oppTTOIL3": 177.88,
        "oppTTOIL1": 57.879999999999995
    },
    "edm": {
        "ttoi": 4363.89,
        "ttoiL10": 600.73,
        "ttoiL5": 301.33,
        "ttoiL3": 180.11,
        "ttoiL1": 62.42,
        "oppTTOI": 4308.54,
        "oppTTOIL10": 598.62,
        "oppTTOIL5": 297.32,
        "oppTTOIL3": 177.02,
        "oppTTOIL1": 59.92
    },
    "chi": {
        "ttoi": 4356.85,
        "ttoiL10": 590.95,
        "ttoiL5": 294.65,
        "ttoiL3": 174.88,
        "ttoiL1": 59.55,
        "oppTTOI": 4370.26,
        "oppTTOIL10": 599.28,
        "oppTTOIL5": 298.3,
        "oppTTOIL3": 178.53,
        "oppTTOIL1": 60.0
    },
    "buf": {
        "ttoi": 4175.17,
        "ttoiL10": 604.48,
        "ttoiL5": 299.82,
        "ttoiL3": 179.82,
        "ttoiL1": 59.82,
        "oppTTOI": 4193.25,
        "oppTTOIL10": 601.29,
        "oppTTOIL5": 306.42,
        "oppTTOIL3": 186.64,
        "oppTTOIL1": 57.82
    },
    "det": {
        "ttoi": 4318.52,
        "ttoiL10": 591.88,
        "ttoiL5": 295.8,
        "ttoiL3": 177.62,
        "ttoiL1": 60.0,
        "oppTTOI": 4313.75,
        "oppTTOIL10": 602.67,
        "oppTTOIL5": 300.56,
        "oppTTOIL3": 178.68,
        "oppTTOIL1": 61.08
    },
    "la": {
        "ttoi": 4323.59,
        "ttoiL10": 598.31,
        "ttoiL5": 297.67,
        "ttoiL3": 177.67000000000002,
        "ttoiL1": 60.0,
        "oppTTOI": 4306.92,
        "oppTTOIL10": 603.72,
        "oppTTOIL5": 305.49,
        "oppTTOIL3": 182.79000000000002,
        "oppTTOIL1": 64.93
    },
    "mtl": {
        "ttoi": 4268.73,
        "ttoiL10": 603.99,
        "ttoiL5": 300.65,
        "ttoiL3": 176.0,
        "ttoiL1": 60.0,
        "oppTTOI": 4270.04,
        "oppTTOIL10": 602.48,
        "oppTTOIL5": 305.4,
        "oppTTOIL3": 185.0,
        "oppTTOIL1": 60.0
    },
    "cgy": {
        "ttoi": 4349.83,
        "ttoiL10": 616.35,
        "ttoiL5": 313.37,
        "ttoiL3": 186.32,
        "ttoiL1": 65.0,
        "oppTTOI": 4337.28,
        "oppTTOIL10": 616.08,
        "oppTTOIL5": 308.88,
        "oppTTOIL3": 185.2,
        "oppTTOIL1": 58.75
    },
    "sea": {
        "ttoi": 4390.04,
        "ttoiL10": 597.85,
        "ttoiL5": 297.85,
        "ttoiL3": 177.57,
        "ttoiL1": 58.05,
        "oppTTOI": 4425.47,
        "oppTTOIL10": 588.35,
        "oppTTOIL5": 292.8,
        "oppTTOIL3": 175.32999999999998,
        "oppTTOIL1": 60.0
    },
    "pit": {
        "ttoi": 4463.91,
        "ttoiL10": 606.0,
        "ttoiL5": 305.93,
        "ttoiL3": 180.93,
        "ttoiL1": 61.23,
        "oppTTOI": 4459.31,
        "oppTTOIL10": 599.15,
        "oppTTOIL5": 300.06,
        "oppTTOIL3": 182.07999999999998,
        "oppTTOIL1": 59.5
    },
    "fla": {
        "ttoi": 4260.13,
        "ttoiL10": 600.29,
        "ttoiL5": 308.55,
        "ttoiL3": 188.07,
        "ttoiL1": 59.28,
        "oppTTOI": 4261.62,
        "oppTTOIL10": 595.46,
        "oppTTOIL5": 301.36,
        "oppTTOIL3": 178.07,
        "oppTTOIL1": 59.85
    },
    "tb": {
        "ttoi": 4244.6,
        "ttoiL10": 605.94,
        "ttoiL5": 295.96,
        "ttoiL3": 179.54,
        "ttoiL1": 59.72,
        "oppTTOI": 4249.02,
        "oppTTOIL10": 596.34,
        "oppTTOIL5": 302.53,
        "oppTTOIL3": 182.53,
        "oppTTOIL1": 64.55
    },
    "phi": {
        "ttoi": 4452.37,
        "ttoiL10": 600.69,
        "ttoiL5": 299.31,
        "ttoiL3": 179.63,
        "ttoiL1": 60.0,
        "oppTTOI": 4465.22,
        "oppTTOIL10": 598.54,
        "oppTTOIL5": 298.47,
        "oppTTOIL3": 180.07,
        "oppTTOIL1": 60.0
    },
    "wpg": {
        "ttoi": 4379.08,
        "ttoiL10": 597.9,
        "ttoiL5": 300.06,
        "ttoiL3": 180.69,
        "ttoiL1": 59.52,
        "oppTTOI": 4368.76,
        "oppTTOIL10": 603.07,
        "oppTTOIL5": 299.46,
        "oppTTOIL3": 179.46,
        "oppTTOIL1": 63.43
    },
    "nj": {
        "ttoi": 4366.1,
        "ttoiL10": 602.92,
        "ttoiL5": 309.8,
        "ttoiL3": 184.8,
        "ttoiL1": 65.0,
        "oppTTOI": 4371.23,
        "oppTTOIL10": 590.45,
        "oppTTOIL5": 299.35,
        "oppTTOIL3": 179.67000000000002,
        "oppTTOIL1": 60.0
    },
    "vgk": {
        "ttoi": 4311.18,
        "ttoiL10": 604.13,
        "ttoiL5": 300.0,
        "ttoiL3": 180.0,
        "ttoiL1": 60.0,
        "oppTTOI": 4285.16,
        "oppTTOIL10": 596.34,
        "oppTTOIL5": 295.88,
        "oppTTOIL3": 175.88,
        "oppTTOIL1": 57.480000000000004
    },