{
    "pit": {
        "ttoi": 4258.46,
        "ttoiL10": 593.79,
        "ttoiL5": 295.57,
        "ttoiL3": 178.32,
        "ttoiL1": 59.93,
        "oppTTOI": 4265.6,
        "oppTTOIL10": 601.97,
        "oppTTOIL5": 297.87,
        "oppTTOIL3": 178.32,
        "oppTTOIL1": 59.5
    },
    "car": {
        "ttoi": 4388.14,
        "ttoiL10": 602.6600000000001,
        "ttoiL5": 303.23,
        "ttoiL3": 182.03,
        "ttoiL1": 58.07,
        "oppTTOI": 4395.57,
        "oppTTOIL10": 604.18,
        "oppTTOIL5": 304.53,
        "oppTTOIL3": 185.76,
        "oppTTOIL1": 59.93
    },
    "col": {
        "ttoi": 4331.87,
        "ttoiL10": 607.05,
        "ttoiL5": 304.90000000000003,
        "ttoiL3": 180.22,
        "ttoiL1": 59.32,
        "oppTTOI": 4326.98,
        "oppTTOIL10": 603.2099999999999,
        "oppTTOIL5": 300.53999999999996,
        "oppTTOIL3": 180.67,
        "oppTTOIL1": 60.85
    },
    "dal": {
        "ttoi": 4385.62,
        "ttoiL10": 598.26,
        "ttoiL5": 299.15,
        "ttoiL3": 179.87,
        "ttoiL1": 60.0,
        "oppTTOI": 4395.129999999998,
        "oppTTOIL10": 600.82,
        "oppTTOIL5": 300.59000000000003,
        "oppTTOIL3": 175.72,
        "oppTTOIL1": 57.54
    },
    "nj": {
        "ttoi": 4347.009999999999,
        "ttoiL10": 594.2399999999999,
        "ttoiL5": 299.5,
        "ttoiL3": 179.5,
        "ttoiL1": 60.0,
        "oppTTOI": 4350.530000000001,
        "oppTTOIL10": 597.57,
        "oppTTOIL5": 294.18,
        "oppTTOIL3": 176.3,
        "oppTTOIL1": 58.03
    },
    "det": {
        "ttoi": 4313.82,
        "ttoiL10": 593.06,
        "ttoiL5": 295.91999999999996,
        "ttoiL3": 179.9,
        "ttoiL1": 61.92,
        "oppTTOI": 4327.369999999999,
        "oppTTOIL10": 597.5799999999999,
        "oppTTOIL5": 299.16,
        "oppTTOIL3": 180.36,
        "oppTTOIL1": 59.22
    },
    "nyr": {
        "ttoi": 4254.86,
        "ttoiL10": 601.71,
        "ttoiL5": 303.18,
        "ttoiL3": 185.6,
        "ttoiL1": 60.6,
        "oppTTOI": 4311.55,
        "oppTTOIL10": 593.76,
        "oppTTOIL5": 296.85,
        "oppTTOIL3": 178.28,
        "oppTTOIL1": 56.900000000000006
    },
    "sj": {
        "ttoi": 4258.540000000001,
        "ttoiL10": 592.78,
        "ttoiL5": 296.96,
        "ttoiL3": 180.07999999999998,
        "ttoiL1": 60.0,
        "oppTTOI": 4268.199999999999,
        "oppTTOIL10": 604.48,
        "oppTTOIL5": 303.25,
        "oppTTOIL3": 178.25,
        "oppTTOIL1": 59.77
    },
    "ott": {
        "ttoi": 4206.799999999999,
        "ttoiL10": 610.49,
        "ttoiL5": 298.59000000000003,
        "ttoiL3": 178.59,
        "ttoiL1": 60.0,
        "oppTTOI": 4201.849999999999,
        "oppTTOIL10": 602.84,
        "oppTTOIL5": 303.0,
        "oppTTOIL3": 183.42000000000002,
        "oppTTOIL1": 62.25
    },
    "edm": {
        "ttoi": 4203.17,
        "ttoiL10": 605.8,
        "ttoiL5": 298.24,
        "ttoiL3": 175.34,
        "ttoiL1": 61.22,
        "oppTTOI": 4212.59,
        "oppTTOIL10": 595.47,
        "oppTTOIL5": 296.22,
        "oppTTOIL3": 178.55,
        "oppTTOIL1": 59.3
    },
    "bos": {
        "ttoi": 4422.6500000000015,
        "ttoiL10": 597.92,
        "ttoiL5": 296.82,
        "ttoiL3": 177.0,
        "ttoiL1": 60.0,
        "oppTTOI": 4397.129999999999,
        "oppTTOIL10": 596.5799999999999,
        "oppTTOIL5": 297.54,
        "oppTTOIL3": 179.43,
        "oppTTOIL1": 60.0
    },
    "wsh": {
        "ttoi": 4242.12,
        "ttoiL10": 605.48,
        "ttoiL5": 306.1,
        "ttoiL3": 186.10000000000002,
        "ttoiL1": 61.92,
        "oppTTOI": 4277.040000000001,
        "oppTTOIL10": 595.78,
        "oppTTOIL5": 295.9,
        "oppTTOIL3": 177.37,
        "oppTTOIL1": 59.89
    },
    "cbj": {
        "ttoi": 4257.27,
        "ttoiL10": 603.3299999999999,
        "ttoiL5": 300.40999999999997,
        "ttoiL3": 179.98,
        "ttoiL1": 59.98,
        "oppTTOI": 4330.310000000001,
        "oppTTOIL10": 597.63,
        "oppTTOIL5": 296.73,
        "oppTTOIL3": 179.72,
        "oppTTOIL1": 60.0
    },
    "cgy": {
        "ttoi": 4253.299999999998,
        "ttoiL10": 590.16,
        "ttoiL5": 290.15999999999997,
        "ttoiL3": 172.95,
        "ttoiL1": 56.5,
        "oppTTOI": 4258.66,
        "oppTTOIL10": 593.8,
        "oppTTOIL5": 296.59999999999997,
        "oppTTOIL3": 178.95,
        "oppTTOIL1": 59.25
    },
    "sea": {
        "ttoi": 4298.349999999999,
        "ttoiL10": 602.46,
        "ttoiL5": 303.5,
        "ttoiL3": 184.2,
        "ttoiL1": 60.0,
        "oppTTOI": 4292.09,
        "oppTTOIL10": 601.96,
        "oppTTOIL5": 297.48,
        "oppTTOIL3": 177.6,
        "oppTTOIL1": 57.6
    },
    "van": {
        "ttoi": 4322.17,
        "ttoiL10": 594.71,
        "ttoiL5": 293.46999999999997,
        "ttoiL3": 176.32,
        "ttoiL1": 56.32,
        "oppTTOI": 4302.9400000000005,
        "oppTTOIL10": 591.52,
        "oppTTOIL5": 296.72,
        "oppTTOIL3": 180.54,
        "oppTTOIL1": 61.7
    },
    "phi": {
        "ttoi": 4397.910000000001,
        "ttoiL10": 595.5500000000001,
        "ttoiL5": 299.56,
        "ttoiL3": 178.22,
        "ttoiL1": 60.6,
        "oppTTOI": 4386.970000000001,
        "oppTTOIL10": 601.47,
        "oppTTOIL5": 305.53999999999996,
        "oppTTOIL3": 183.85,
        "oppTTOIL1": 60.0
    },
    "mtl": {
        "ttoi": 4300.790000000001,
        "ttoiL10": 601.25,
        "ttoiL5": 303.15,
        "ttoiL3": 180.0,
        "ttoiL1": 60.0,
        "oppTTOI": 4301.889999999999,
        "oppTTOIL10": 605.7700000000001,
        "oppTTOIL5": 303.8,
        "oppTTOIL3": 187.72,
        "oppTTOIL1": 60.0
    },
    "nyi": {
        "ttoi": 4276.239999999999,
        "ttoiL10": 595.1999999999999,
        "ttoiL5": 294.97999999999996,
        "ttoiL3": 176.07,
        "ttoiL1": 57.5,
        "oppTTOI": 4219.44,
        "oppTTOIL10": 600.41,
        "oppTTOIL5": 300.14,
        "oppTTOIL3": 180.95,
        "oppTTOIL1": 60.95
    },
    "la": {
        "ttoi": 4271.119999999999,
        "ttoiL10": 595.7199999999999,
        "ttoiL5": 299.28,
        "ttoiL3": 179.28,
        "ttoiL1": 59.63,
        "oppTTOI": 4276.13,
        "oppTTOIL10": 607.19,
        "oppTTOIL5": 306.12,
        "oppTTOIL3": 181.12,
        "oppTTOIL1": 57.37
    },
    "chi": {
        "ttoi": 4302.380000000001,
        "ttoiL10": 599.21,
        "ttoiL5": 299.38,
        "ttoiL3": 179.38,
        "ttoiL1": 60.0,
        "oppTTOI": 4306.06,
        "oppTTOIL10": 593.1899999999999,
        "oppTTOIL5": 294.83,
        "oppTTOIL3": 177.25,
        "oppTTOIL1": 59.98
    },
    "fla": {
        "ttoi": 4313.889999999999,
        "ttoiL10": 598.4,
        "ttoiL5": 299.46999999999997,
        "ttoiL3": 182.75,
        "ttoiL1": 57.75,
        "oppTTOI": 4249.289999999999,
        "oppTTOIL10": 593.12,
        "oppTTOIL5": 300.37,
        "oppTTOIL3": 182.44,
        "oppTTOIL1": 59.97
    },
    "wpg": {
        "ttoi": 4319.860000000001,
        "ttoiL10": 596.82,
        "ttoiL5": 298.46,
        "ttoiL3": 181.32,
        "ttoiL1": 61.32,
        "oppTTOI": 4288.910000000001,
        "oppTTOIL10": 591.9599999999999,
        "oppTTOIL5": 298.96,
        "oppTTOIL3": 177.57999999999998,
        "oppTTOIL1": 58.58
    },
    "min": {
        "ttoi": 4282.699999999999,
        "ttoiL10": 611.64,
        "ttoiL5": 305.85,
        "ttoiL3": 180.88,
        "ttoiL1": 62.08,
        "oppTTOI": 4215.110000000001,
        "oppTTOIL10": 588.7900000000001,
        "oppTTOIL5": 294.58,
        "oppTTOIL3": 175.27999999999997,
        "oppTTOIL1": 57.73
    },
    "ari": {
        "ttoi": 4314.55,
        "ttoiL10": 600.1800000000001,
        "ttoiL5": 302.21000000000004,
        "ttoiL3": 182.98000000000002,
        "ttoiL1": 60.0,
        "oppTTOI": 4316.539999999999,
        "oppTTOIL10": 593.9,
        "oppTTOIL5": 299.43,
        "oppTTOIL3": 179.43,
        "oppTTOIL1": 59.58
    },
    "vgk": {
        "ttoi": 4330.449999999999,