{
    "pit": {
        "ttoi": 3067.91,
        "ttoiL10": 601.44,
        "ttoiL5": 296.26,
        "ttoiL3": 178.52999999999997,
        "ttoiL1": 59.98,
        "oppTTOI": 3074.2700000000004,
        "oppTTOIL10": 602.1700000000001,
        "oppTTOIL5": 298.27,
        "oppTTOIL3": 178.32,
        "oppTTOIL1": 59.5
    },
    "chi": {
        "ttoi": 3225.52,
        "ttoiL10": 592.15,
        "ttoiL5": 294.34999999999997,
        "ttoiL3": 179.1,
        "ttoiL1": 59.5,
        "oppTTOI": 3236.91,
        "oppTTOIL10": 594.06,
        "oppTTOIL5": 300.76,
        "oppTTOIL3": 175.85999999999999,
        "oppTTOIL1": 59.98
    },
    "fla": {
        "ttoi": 3226.2800000000007,
        "ttoiL10": 600.71,
        "ttoiL5": 296.61,
        "ttoiL3": 179.44,
        "ttoiL1": 59.92,
        "oppTTOI": 3162.5399999999995,
        "oppTTOIL10": 592.84,
        "oppTTOIL5": 300.37,
        "oppTTOIL3": 182.44,
        "oppTTOIL1": 59.97
    },
    "wpg": {
        "ttoi": 3066.7500000000005,
        "ttoiL10": 603.6,
        "ttoiL5": 298.87,
        "ttoiL3": 179.15,
        "ttoiL1": 59.65,
        "oppTTOI": 3043.96,
        "oppTTOIL10": 591.36,
        "oppTTOIL5": 298.18,
        "oppTTOIL3": 177.71,
        "oppTTOIL1": 58.58
    },
    "min": {
        "ttoi": 3193.1400000000003,
        "ttoiL10": 595.72,
        "ttoiL5": 296.93,
        "ttoiL3": 178.98,
        "ttoiL1": 59.13,
        "oppTTOI": 3131.46,
        "oppTTOIL10": 597.8399999999999,
        "oppTTOIL5": 295.05999999999995,
        "oppTTOIL3": 175.27999999999997,
        "oppTTOIL1": 57.73
    },
    "mtl": {
        "ttoi": 3276.7200000000007,
        "ttoiL10": 597.5,
        "ttoiL5": 297.98,
        "ttoiL3": 179.55,
        "ttoiL1": 60.0,
        "oppTTOI": 3272.04,
        "oppTTOIL10": 606.9,
        "oppTTOIL5": 303.79999999999995,
        "oppTTOIL3": 185.7,
        "oppTTOIL1": 62.72
    },
    "ari": {
        "ttoi": 3123.09,
        "ttoiL10": 594.76,
        "ttoiL5": 296.03999999999996,
        "ttoiL3": 178.16,
        "ttoiL1": 57.629999999999995,
        "oppTTOI": 3118.11,
        "oppTTOIL10": 598.62,
        "oppTTOIL5": 299.71,
        "oppTTOIL3": 179.43,
        "oppTTOIL1": 59.58
    },
    "vgk": {
        "ttoi": 3192.8599999999997,
        "ttoiL10": 598.52,
        "ttoiL5": 296.19,
        "ttoiL3": 177.72,
        "ttoiL1": 57.72,
        "oppTTOI": 3189.66,
        "oppTTOIL10": 604.4000000000001,
        "oppTTOIL5": 301.1,
        "oppTTOIL3": 181.1,
        "oppTTOIL1": 58.83
    },
    "sea": {
        "ttoi": 3272.67,
        "ttoiL10": 601.72,
        "ttoiL5": 299.55,
        "ttoiL3": 182.87,
        "ttoiL1": 59.72,
        "oppTTOI": 3269.4899999999993,
        "oppTTOIL10": 601.56,
        "oppTTOIL5": 299.53,
        "oppTTOIL3": 180.0,
        "oppTTOIL1": 60.0
    },
    "car": {
        "ttoi": 3126.9900000000007,
        "ttoiL10": 594.99,
        "ttoiL5": 298.59,
        "ttoiL3": 180.89,
        "ttoiL1": 57.6,
        "oppTTOI": 3132.4500000000007,
        "oppTTOIL10": 603.4,
        "oppTTOIL5": 304.88,
        "oppTTOIL3": 185.23,
        "oppTTOIL1": 60.83
    },
    "van": {
        "ttoi": 3313.8700000000003,
        "ttoiL10": 607.86,
        "ttoiL5": 304.45,
        "ttoiL3": 184.15,
        "ttoiL1": 59.6,
        "oppTTOI": 3286.1899999999996,
        "oppTTOIL10": 588.57,
        "oppTTOIL5": 294.62,
        "oppTTOIL3": 177.02,
        "oppTTOIL1": 61.12
    },
    "phi": {
        "ttoi": 3324.4699999999993,
        "ttoiL10": 594.43,
        "ttoiL5": 300.75,
        "ttoiL3": 180.9,
        "ttoiL1": 60.9,
        "oppTTOI": 3316.34,
        "oppTTOIL10": 600.4300000000001,
        "oppTTOIL5": 304.65,
        "oppTTOIL3": 187.42,
        "oppTTOIL1": 60.0
    },
    "buf": {
        "ttoi": 3157.34,
        "ttoiL10": 592.67,
        "ttoiL5": 296.65999999999997,
        "ttoiL3": 177.38,
        "ttoiL1": 59.08,
        "oppTTOI": 3169.91,
        "oppTTOIL10": 594.6300000000001,
        "oppTTOIL5": 294.83000000000004,
        "oppTTOIL3": 177.05,
        "oppTTOIL1": 58.3
    },
    "bos": {
        "ttoi": 3262.1799999999994,
        "ttoiL10": 598.0,
        "ttoiL5": 298.72,
        "ttoiL3": 179.47000000000003,
        "ttoiL1": 57.63,
        "oppTTOI": 3242.48,
        "oppTTOIL10": 590.4499999999999,
        "oppTTOIL5": 296.12,
        "oppTTOIL3": 178.61,
        "oppTTOIL1": 60.0
    },
    "wsh": {
        "ttoi": 3096.04,
        "ttoiL10": 602.71,
        "ttoiL5": 302.46000000000004,
        "ttoiL3": 182.97,
        "ttoiL1": 58.05,
        "oppTTOI": 3138.17,
        "oppTTOIL10": 600.93,
        "oppTTOIL5": 291.71,
        "oppTTOIL3": 176.01,
        "oppTTOIL1": 57.480000000000004
    },
    "nyi": {
        "ttoi": 3201.29,
        "ttoiL10": 597.76,
        "ttoiL5": 302.69,
        "ttoiL3": 181.12,
        "ttoiL1": 65.0,
        "oppTTOI": 3137.2799999999997,
        "oppTTOIL10": 607.89,
        "oppTTOIL5": 302.67,
        "oppTTOIL3": 180.37,
        "oppTTOIL1": 60.0
    },
    "stl": {
        "ttoi": 3168.2699999999995,
        "ttoiL10": 602.39,
        "ttoiL5": 296.97,
        "ttoiL3": 178.8,
        "ttoiL1": 59.67,
        "oppTTOI": 3169.5200000000004,
        "oppTTOIL10": 597.6800000000001,
        "oppTTOIL5": 296.6,
        "oppTTOIL3": 177.4,
        "oppTTOIL1": 60.0
    },
    "ott": {
        "ttoi": 2995.8199999999997,
        "ttoiL10": 608.47,
        "ttoiL5": 305.41,
        "ttoiL3": 179.73,
        "ttoiL1": 60.0,
        "oppTTOI": 2989.2699999999995,
        "oppTTOIL10": 602.2900000000001,
        "oppTTOIL5": 301.09000000000003,
        "oppTTOIL3": 181.17000000000002,
        "oppTTOIL1": 61.17
    },
    "tor": {
        "ttoi": 3142.7199999999993,
        "ttoiL10": 598.0699999999999,
        "ttoiL5": 297.8,
        "ttoiL3": 179.53,
        "ttoiL1": 60.9,
        "oppTTOI": 3158.32,
        "oppTTOIL10": 608.98,
        "oppTTOIL5": 305.53000000000003,
        "oppTTOIL3": 183.33,
        "oppTTOIL1": 58.95
    },
    "tb": {
        "ttoi": 3291.1600000000003,
        "ttoiL10": 598.51,
        "ttoiL5": 302.81,
        "ttoiL3": 184.85,
        "ttoiL1": 59.85,
        "oppTTOI": 3297.440000000001,
        "oppTTOIL10": 594.9799999999999,
        "oppTTOIL5": 296.75,
        "oppTTOIL3": 177.18,
        "oppTTOIL1": 58.43
    },
    "nsh": {
        "ttoi": 3217.479999999999,
        "ttoiL10": 596.74,
        "ttoiL5": 302.43,
        "ttoiL3": 180.54999999999998,
        "ttoiL1": 60.0,
        "oppTTOI": 3229.9000000000005,
        "oppTTOIL10": 601.9599999999999,
        "oppTTOIL5": 301.78,
        "oppTTOIL3": 184.1,
        "oppTTOIL1": 59.92
    },
    "nyr": {
        "ttoi": 3177.369999999999,
        "ttoiL10": 599.06,
        "ttoiL5": 303.53000000000003,
        "ttoiL3": 181.65,
        "ttoiL1": 59.47,
        "oppTTOI": 3236.3500000000004,
        "oppTTOIL10": 596.39,
        "oppTTOIL5": 299.4,
        "oppTTOIL3": 181.38,
        "oppTTOIL1": 59.5
    },
    "nj": {
        "ttoi": 3162.429999999999,
        "ttoiL10": 597.6300000000001,
        "ttoiL5": 299.57,
        "ttoiL3": 177.79999999999998,
        "ttoiL1": 58.07,
        "oppTTOI": 3166.38,
        "oppTTOIL10": 595.7499999999999,
        "oppTTOIL5": 296.15,
        "oppTTOIL3": 176.15,
        "oppTTOIL1": 60.0
    },
    "cbj": {
        "ttoi": 3069.1100000000006,
        "ttoiL10": 599.27,
        "ttoiL5": 296.87,
        "ttoiL3": 175.07,
        "ttoiL1": 56.87,
        "oppTTOI": 3136.5900000000006,
        "oppTTOIL10": 599.42,
        "oppTTOIL5": 301.54999999999995,
        "oppTTOIL3": 182.26999999999998,
        "oppTTOIL1": 60.0
    },
    "la": {
        "ttoi": 3071.4400000000005,
        "ttoiL10": 599.2699999999999,
        "ttoiL5": 299.84999999999997,
        "ttoiL3": 179.23,
        "ttoiL1": 59.23,
        "oppTTOI": 3077.6199999999994,
        "oppTTOIL10": 613.6300000000001,
        "oppTTOIL5": 306.72,