{
    "ana": {
        "ttoi": 414.99,
        "ttoiL10": 414.99,
        "ttoiL5": 295.49,
        "ttoiL3": 179.83999999999997,
        "ttoiL1": 58.93,
        "oppTTOI": 420.21000000000004,
        "oppTTOIL10": 420.21000000000004,
        "oppTTOIL5": 301.16,
        "oppTTOIL3": 180.08,
        "oppTTOIL1": 58.63
    },
    "bos": {
        "ttoi": 420.16999999999996,
        "ttoiL10": 420.16999999999996,
        "ttoiL5": 301.27,
        "ttoiL3": 181.27,
        "ttoiL1": 61.45,
        "oppTTOI": 408.30000000000007,
        "oppTTOIL10": 408.30000000000007,
        "oppTTOIL5": 294.17,
        "oppTTOIL3": 176.94,
        "oppTTOIL1": 58.93
    },
    "cbj": {
        "ttoi": 426.22999999999996,
        "ttoiL10": 426.22999999999996,
        "ttoiL5": 308.31,
        "ttoiL3": 189.04,
        "ttoiL1": 64.28,
        "oppTTOI": 424.18,
        "oppTTOIL10": 424.18,
        "oppTTOIL5": 307.51,
        "oppTTOIL3": 180.2,
        "oppTTOIL1": 62.33
    },
    "ari": {
        "ttoi": 358.22,
        "ttoiL10": 358.22,
        "ttoiL5": 293.22,
        "ttoiL3": 176.47,
        "ttoiL1": 57.99,
        "oppTTOI": 362.3,
        "oppTTOIL10": 362.3,
        "oppTTOIL5": 302.48,
        "oppTTOIL3": 182.74,
        "oppTTOIL1": 57.87
    },
    "dal": {
        "ttoi": 368.6,
        "ttoiL10": 368.6,
        "ttoiL5": 303.6,
        "ttoiL3": 178.6,
        "ttoiL1": 56.38,
        "oppTTOI": 368.99,
        "oppTTOIL10": 368.99,
        "oppTTOIL5": 304.76,
        "oppTTOIL3": 180.0,
        "oppTTOIL1": 57.78
    },
    "car": {
        "ttoi": 483.98,
        "ttoiL10": 483.98,
        "ttoiL5": 299.63,
        "ttoiL3": 180.68,
        "ttoiL1": 64.83,
        "oppTTOI": 488.08000000000004,
        "oppTTOIL10": 488.08000000000004,
        "oppTTOIL5": 308.3,
        "oppTTOIL3": 184.05,
        "oppTTOIL1": 59.65
    },
    "vgk": {
        "ttoi": 422.58,
        "ttoiL10": 422.58,
        "ttoiL5": 302.58,
        "ttoiL3": 179.29999999999998,
        "ttoiL1": 59.87,
        "oppTTOI": 423.61999999999995,
        "oppTTOIL10": 423.61999999999995,
        "oppTTOIL5": 304.21999999999997,
        "oppTTOIL3": 184.85,
        "oppTTOIL1": 59.85
    },
    "la": {
        "ttoi": 361.96999999999997,
        "ttoiL10": 361.96999999999997,
        "ttoiL5": 302.32,
        "ttoiL3": 177.92,
        "ttoiL1": 59.87,
        "oppTTOI": 361.43,
        "oppTTOIL10": 361.43,
        "oppTTOIL5": 301.51,
        "oppTTOIL3": 182.99,
        "oppTTOIL1": 57.99
    },
    "stl": {
        "ttoi": 368.55,
        "ttoiL10": 368.55,
        "ttoiL5": 303.72,
        "ttoiL3": 178.9,
        "ttoiL1": 59.93,
        "oppTTOI": 366.83000000000004,
        "oppTTOIL10": 366.83000000000004,
        "oppTTOIL5": 307.3,
        "oppTTOIL3": 184.27,
        "oppTTOIL1": 59.85
    },
    "nyi": {
        "ttoi": 359.22,
        "ttoiL10": 359.22,
        "ttoiL5": 299.37,
        "ttoiL3": 177.77,
        "ttoiL1": 59.87,
        "oppTTOI": 358.33000000000004,
        "oppTTOIL10": 358.33000000000004,
        "oppTTOIL5": 299.41,
        "oppTTOIL3": 177.56,
        "oppTTOIL1": 58.03
    },
    "nyr": {
        "ttoi": 416.11,
        "ttoiL10": 416.11,
        "ttoiL5": 299.44,
        "ttoiL3": 179.55,
        "ttoiL1": 59.75,
        "oppTTOI": 416.35,
        "oppTTOIL10": 416.35,
        "oppTTOIL5": 296.8,
        "oppTTOIL3": 177.52,
        "oppTTOIL1": 58.72
    },
    "nj": {
        "ttoi": 360.15999999999997,
        "ttoiL10": 360.15999999999997,
        "ttoiL5": 300.19,
        "ttoiL3": 179.19,
        "ttoiL1": 57.22,
        "oppTTOI": 362.38,
        "oppTTOIL10": 362.38,
        "oppTTOIL5": 302.38,
        "oppTTOIL3": 182.8,
        "oppTTOIL1": 65.0
    },
    "chi": {
        "ttoi": 416.71000000000004,
        "ttoiL10": 416.71000000000004,
        "ttoiL5": 297.53000000000003,
        "ttoiL3": 179.43,
        "ttoiL1": 59.43,
        "oppTTOI": 412.86999999999995,
        "oppTTOIL10": 412.86999999999995,
        "oppTTOIL5": 297.2,
        "oppTTOIL3": 179.7,
        "oppTTOIL1": 59.82
    },
    "sj": {
        "ttoi": 417.93,
        "ttoiL10": 417.93,
        "ttoiL5": 292.93,
        "ttoiL3": 176.4,
        "ttoiL1": 59.53,
        "oppTTOI": 423.33000000000004,
        "oppTTOIL10": 423.33000000000004,
        "oppTTOIL5": 303.33000000000004,
        "oppTTOIL3": 183.85000000000002,
        "oppTTOIL1": 60.0
    },
    "nsh": {
        "ttoi": 411.84000000000003,
        "ttoiL10": 411.84000000000003,
        "ttoiL5": 294.97,
        "ttoiL3": 178.5,
        "ttoiL1": 58.95,
        "oppTTOI": 416.86,
        "oppTTOIL10": 416.86,
        "oppTTOIL5": 296.86,
        "oppTTOIL3": 178.99,
        "oppTTOIL1": 59.02
    },
    "buf": {
        "ttoi": 415.75,
        "ttoiL10": 415.75,
        "ttoiL5": 297.32,
        "ttoiL3": 176.58,
        "ttoiL1": 59.7,
        "oppTTOI": 418.85,
        "oppTTOIL10": 418.85,
        "oppTTOIL5": 298.97,
        "oppTTOIL3": 179.12,
        "oppTTOIL1": 60.0
    },
    "ott": {
        "ttoi": 416.94000000000005,
        "ttoiL10": 416.94000000000005,
        "ttoiL5": 297.79,
        "ttoiL3": 178.22,
        "ttoiL1": 58.92,
        "oppTTOI": 416.34000000000003,
        "oppTTOIL10": 416.34000000000003,
        "oppTTOIL5": 297.87,
        "oppTTOIL3": 179.05,
        "oppTTOIL1": 59.7
    },
    "mtl": {
        "ttoi": 426.13,
        "ttoiL10": 426.13,
        "ttoiL5": 301.13,
        "ttoiL3": 182.07999999999998,
        "ttoiL1": 64.28,
        "oppTTOI": 421.43,
        "oppTTOIL10": 421.43,
        "oppTTOIL5": 298.81,
        "oppTTOIL3": 179.26,
        "oppTTOIL1": 56.88
    },
    "cgy": {
        "ttoi": 478.77000000000004,
        "ttoiL10": 478.77000000000004,
        "ttoiL5": 296.42,
        "ttoiL3": 178.55,
        "ttoiL1": 59.42,
        "oppTTOI": 481.59999999999997,
        "oppTTOIL10": 481.59999999999997,
        "oppTTOIL5": 298.46999999999997,
        "oppTTOIL3": 178.97,
        "oppTTOIL1": 58.97
    },
    "tb": {
        "ttoi": 480.23,
        "ttoiL10": 480.23,
        "ttoiL5": 304.26,
        "ttoiL3": 184.07999999999998,
        "ttoiL1": 60.0,
        "oppTTOI": 478.8500000000001,
        "oppTTOIL10": 478.8500000000001,
        "oppTTOIL5": 297.51000000000005,
        "oppTTOIL3": 180.67000000000002,
        "oppTTOIL1": 61.77
    },
    "sea": {
        "ttoi": 491.35,
        "ttoiL10": 491.35,
        "ttoiL5": 308.86,
        "ttoiL3": 189.43,
        "ttoiL1": 64.83,
        "oppTTOI": 493.65000000000003,
        "oppTTOIL10": 493.65000000000003,
        "oppTTOIL5": 308.65000000000003,
        "oppTTOIL3": 184.13,
        "oppTTOIL1": 64.83
    },
    "col": {
        "ttoi": 423.72999999999996,
        "ttoiL10": 423.72999999999996,
        "ttoiL5": 299.53,
        "ttoiL3": 179.53,
        "ttoiL1": 60.0,
        "oppTTOI": 420.03,
        "oppTTOIL10": 420.03,
        "oppTTOIL5": 295.38,
        "oppTTOIL3": 176.6,
        "oppTTOIL1": 56.95
    },
    "min": {
        "ttoi": 421.37,
        "ttoiL10": 421.37,
        "ttoiL5": 301.37,
        "ttoiL3": 182.95,
        "ttoiL1": 59.92,
        "oppTTOI": 417.88,
        "oppTTOIL10": 417.88,
        "oppTTOIL5": 297.88,
        "oppTTOIL3": 179.61,
        "oppTTOIL1": 63.03
    },
    "det": {
        "ttoi": 480.90000000000003,
        "ttoiL10": 480.90000000000003,
        "ttoiL5": 303.1,
        "ttoiL3": 183.75,
        "ttoiL1": 58.83,
        "oppTTOI": 480.21000000000004,
        "oppTTOIL10": 480.21000000000004,
        "oppTTOIL5": 298.11,
        "oppTTOIL3": 179.09,
        "oppTTOIL1": 59.27
    },
    "phi": {
        "ttoi": 420.64,
        "ttoiL10": 420.64,
        "ttoiL5": 301.69,
        "ttoiL3": 181.97,
        "ttoiL1": 60.0,
        "oppTTOI": 417.26000000000005,
        "oppTTOIL10": 417.26000000000005,
        "oppTTOIL5": 299.89000000000004,
        "oppTTOIL3": 180.24,
        "oppTTOIL1": 58.02
    },
    "wsh": {
        "ttoi": 364.95,