{
    "ana": {
        "ttoi": 4754.83,
        "ttoiL10": 603.4,
        "ttoiL5": 300.04,
        "ttoiL3": 180.04,
        "ttoiL1": 59.63,
        "oppTTOI": 4750.54,
        "oppTTOIL10": 608.35,
        "oppTTOIL5": 306.8,
        "oppTTOIL3": 182.85,
        "oppTTOIL1": 60.0
    },
    "col": {
        "ttoi": 4824.91,
        "ttoiL10": 604.68,
        "ttoiL5": 298.02,
        "ttoiL3": 175.87,
        "ttoiL1": 59.85,
        "oppTTOI": 4842.49,
        "oppTTOIL10": 595.93,
        "oppTTOIL5": 298.7,
        "oppTTOIL3": 178.7,
        "oppTTOIL1": 59.63
    },
    "la": {
        "ttoi": 4680.94,
        "ttoiL10": 595.02,
        "ttoiL5": 297.35,
        "ttoiL3": 177.75,
        "ttoiL1": 59.97,
        "oppTTOI": 4662.42,
        "oppTTOIL10": 599.62,
        "oppTTOIL5": 302.02,
        "oppTTOIL3": 182.64,
        "oppTTOIL1": 59.23
    },
    "cgy": {
        "ttoi": 4774.83,
        "ttoiL10": 611.3199999999999,
        "ttoiL5": 305.7,
        "ttoiL3": 181.18,
        "ttoiL1": 60.0,
        "oppTTOI": 4755.51,
        "oppTTOIL10": 618.01,
        "oppTTOIL5": 306.06,
        "oppTTOIL3": 179.61,
        "oppTTOIL1": 61.18
    },
    "edm": {
        "ttoi": 4777.09,
        "ttoiL10": 593.31,
        "ttoiL5": 294.9,
        "ttoiL3": 177.85,
        "ttoiL1": 60.0,
        "oppTTOI": 4720.2,
        "oppTTOIL10": 598.62,
        "oppTTOIL5": 296.25,
        "oppTTOIL3": 178.27,
        "oppTTOIL1": 60.0
    },
    "van": {
        "ttoi": 4766.47,
        "ttoiL10": 607.42,
        "ttoiL5": 303.97,
        "ttoiL3": 185.5,
        "ttoiL1": 62.78,
        "oppTTOI": 4765.4,
        "oppTTOIL10": 600.87,
        "oppTTOIL5": 297.88,
        "oppTTOIL3": 177.88,
        "oppTTOIL1": 60.0
    },
    "sj": {
        "ttoi": 4714.85,
        "ttoiL10": 601.2,
        "ttoiL5": 294.25,
        "ttoiL3": 177.97,
        "ttoiL1": 59.77,
        "oppTTOI": 4751.07,
        "oppTTOIL10": 600.66,
        "oppTTOIL5": 303.76,
        "oppTTOIL3": 184.82999999999998,
        "oppTTOIL1": 65.0
    },
    "tor": {
        "ttoi": 4731.12,
        "ttoiL10": 604.05,
        "ttoiL5": 301.79,
        "ttoiL3": 183.41,
        "ttoiL1": 60.0,
        "oppTTOI": 4708.3,
        "oppTTOIL10": 593.49,
        "oppTTOIL5": 298.35,
        "oppTTOIL3": 180.85,
        "oppTTOIL1": 57.7
    },
    "nyr": {
        "ttoi": 4713.11,
        "ttoiL10": 593.78,
        "ttoiL5": 294.32,
        "ttoiL3": 176.41,
        "ttoiL1": 58.38,
        "oppTTOI": 4725.0,
        "oppTTOIL10": 592.56,
        "oppTTOIL5": 294.98,
        "oppTTOIL3": 176.95,
        "oppTTOIL1": 60.98
    },
    "bos": {
        "ttoi": 4739.08,
        "ttoiL10": 589.57,
        "ttoiL5": 294.37,
        "ttoiL3": 177.0,
        "ttoiL1": 59.9,
        "oppTTOI": 4746.16,
        "oppTTOIL10": 607.35,
        "oppTTOIL5": 308.46999999999997,
        "oppTTOIL3": 183.65,
        "oppTTOIL1": 60.0
    },
    "car": {
        "ttoi": 4713.54,
        "ttoiL10": 598.69,
        "ttoiL5": 304.18,
        "ttoiL3": 184.25,
        "ttoiL1": 59.57,
        "oppTTOI": 4725.25,
        "oppTTOIL10": 603.24,
        "oppTTOIL5": 300.89,
        "oppTTOIL3": 181.21,
        "oppTTOIL1": 59.67
    },
    "nsh": {
        "ttoi": 4641.95,
        "ttoiL10": 596.66,
        "ttoiL5": 301.06,
        "ttoiL3": 183.56,
        "ttoiL1": 58.68,
        "oppTTOI": 4727.18,
        "oppTTOIL10": 592.05,
        "oppTTOIL5": 298.12,
        "oppTTOIL3": 179.57,
        "oppTTOIL1": 59.57
    },
    "dal": {
        "ttoi": 4676.45,
        "ttoiL10": 603.31,
        "ttoiL5": 303.49,
        "ttoiL3": 182.85,
        "ttoiL1": 59.12,
        "oppTTOI": 4649.57,
        "oppTTOIL10": 597.63,
        "oppTTOIL5": 299.73,
        "oppTTOIL3": 181.63,
        "oppTTOIL1": 61.83
    },
    "stl": {
        "ttoi": 4797.8,
        "ttoiL10": 603.83,
        "ttoiL5": 303.56,
        "ttoiL3": 181.36,
        "ttoiL1": 64.7,
        "oppTTOI": 4809.12,
        "oppTTOIL10": 599.81,
        "oppTTOIL5": 301.48,
        "oppTTOIL3": 178.6,
        "oppTTOIL1": 60.0
    },
    "utah": {
        "ttoi": 4766.62,
        "ttoiL10": 607.16,
        "ttoiL5": 303.14,
        "ttoiL3": 183.37,
        "ttoiL1": 58.65,
        "oppTTOI": 4769.12,
        "oppTTOIL10": 607.47,
        "oppTTOIL5": 307.03,
        "oppTTOIL3": 184.41,
        "oppTTOIL1": 58.58
    },
    "wsh": {
        "ttoi": 4697.89,
        "ttoiL10": 602.69,
        "ttoiL5": 305.0,
        "ttoiL3": 185.0,
        "ttoiL1": 60.0,
        "oppTTOI": 4668.63,
        "oppTTOIL10": 601.89,
        "oppTTOIL5": 295.09,
        "oppTTOIL3": 176.92,
        "oppTTOIL1": 58.62
    },
    "nyi": {
        "ttoi": 4735.2699999999995,
        "ttoiL10": 598.54,
        "ttoiL5": 305.11,
        "ttoiL3": 183.18,
        "ttoiL1": 60.0,
        "oppTTOI": 4736.44,
        "oppTTOIL10": 596.15,
        "oppTTOIL5": 301.07,
        "oppTTOIL3": 177.9,
        "oppTTOIL1": 59.7
    },
    "chi": {
        "ttoi": 4726.0,
        "ttoiL10": 603.8,
        "ttoiL5": 304.45,
        "ttoiL3": 184.82999999999998,
        "ttoiL1": 64.83,
        "oppTTOI": 4735.45,
        "oppTTOIL10": 596.38,
        "oppTTOIL5": 295.63,
        "oppTTOIL3": 178.53,
        "oppTTOIL1": 60.0
    },
    "buf": {
        "ttoi": 4603.3,
        "ttoiL10": 607.95,
        "ttoiL5": 303.13,
        "ttoiL3": 183.13,
        "ttoiL1": 60.0,
        "oppTTOI": 4617.78,
        "oppTTOIL10": 601.64,
        "oppTTOIL5": 304.12,
        "oppTTOIL3": 179.52,
        "oppTTOIL1": 57.82
    },
    "det": {
        "ttoi": 4681.67,
        "ttoiL10": 600.77,
        "ttoiL5": 299.9,
        "ttoiL3": 181.59,
        "ttoiL1": 63.37,
        "oppTTOI": 4673.17,
        "oppTTOIL10": 600.55,
        "oppTTOIL5": 300.56,
        "oppTTOIL3": 178.68,
        "oppTTOIL1": 61.08
    },
    "mtl": {
        "ttoi": 4688.52,
        "ttoiL10": 595.79,
        "ttoiL5": 300.37,
        "ttoiL3": 180.37,
        "ttoiL1": 60.6,
        "oppTTOI": 4681.57,
        "oppTTOIL10": 601.68,
        "oppTTOIL5": 304.0,
        "oppTTOIL3": 184.0,
        "oppTTOIL1": 60.0
    },
    "sea": {
        "ttoi": 4752.38,
        "ttoiL10": 602.19,
        "ttoiL5": 302.34,
        "ttoiL3": 182.34,
        "ttoiL1": 64.67,
        "oppTTOI": 4785.85,
        "oppTTOIL10": 588.35,
        "oppTTOIL5": 292.8,
        "oppTTOIL3": 175.32999999999998,
        "oppTTOIL1": 60.0
    },
    "pit": {
        "ttoi": 4823.22,
        "ttoiL10": 605.24,
        "ttoiL5": 298.89,
        "ttoiL3": 179.77,
        "ttoiL1": 59.85,
        "oppTTOI": 4819.18,
        "oppTTOIL10": 599.5699999999999,
        "oppTTOIL5": 299.96,
        "oppTTOIL3": 181.98,
        "oppTTOIL1": 59.5
    },
    "fla": {
        "ttoi": 4679.51,
        "ttoiL10": 607.45,
        "ttoiL5": 301.54,
        "ttoiL3": 185.0,
        "ttoiL1": 65.0,
        "oppTTOI": 4683.25,
        "oppTTOIL10": 600.46,
        "oppTTOIL5": 301.36,
        "oppTTOIL3": 178.07,
        "oppTTOIL1": 59.85
    },
    "tb": {
        "ttoi": 4673.03,
        "ttoiL10": 607.97,
        "ttoiL5": 311.28,
        "ttoiL3": 186.3,
        "ttoiL1": 60.0,
        "oppTTOI": 4678.87,
        "oppTTOIL10": 603.99,
        "oppTTOIL5": 302.53,
        "oppTTOIL3": 182.53,
        "oppTTOIL1": 64.55
    },
    "phi": {
        "ttoi": 4695.22,
        "ttoiL10": 602.31,
        "ttoiL5": 302.85,
        "ttoiL3": 186.22,
        "ttoiL1": 61.67,
        "oppTTOI": 4708.1,
        "oppTTOIL10": 598.54,
        "oppTTOIL5": 298.47,
        "oppTTOIL3": 180.07,
        "oppTTOIL1": 60.0
    },
    "wpg": {
        "ttoi": 4800.64,
        "ttoiL10": 602.25,
        "ttoiL5": 302.61,
        "ttoiL3": 184.03,
        "ttoiL1": 59.08,
        "oppTTOI": 4786.57,
        "oppTTOIL10": 603.07,
        "oppTTOIL5": 299.46,
        "oppTTOIL3": 179.46,
        "oppTTOIL1": 63.43
    },
    "nj": {
        "ttoi": 4603.19,
        "ttoiL10": 604.19,