{
    "ana": {
        "ttoi": 2259.7200000000003,
        "ttoiL10": 594.0,
        "ttoiL5": 295.6,
        "ttoiL3": 178.77,
        "ttoiL1": 56.57,
        "oppTTOI": 2274.87,
        "oppTTOIL10": 603.32,
        "oppTTOIL5": 302.36,
        "oppTTOIL3": 180.91,
        "oppTTOIL1": 59.48
    },
    "wpg": {
        "ttoi": 2284.77,
        "ttoiL10": 601.99,
        "ttoiL5": 299.04,
        "ttoiL3": 179.5,
        "ttoiL1": 60.0,
        "oppTTOI": 2261.32,
        "oppTTOIL10": 590.3800000000001,
        "oppTTOIL5": 292.95000000000005,
        "oppTTOIL3": 175.08,
        "oppTTOIL1": 56.57
    },
    "tor": {
        "ttoi": 2188.42,
        "ttoiL10": 600.27,
        "ttoiL5": 299.93,
        "ttoiL3": 180.4,
        "ttoiL1": 61.5,
        "oppTTOI": 2200.61,
        "oppTTOIL10": 623.43,
        "oppTTOIL5": 312.07,
        "oppTTOIL3": 192.07,
        "oppTTOIL1": 62.2
    },
    "edm": {
        "ttoi": 2093.4700000000003,
        "ttoiL10": 597.35,
        "ttoiL5": 303.72,
        "ttoiL3": 184.12,
        "ttoiL1": 59.12,
        "oppTTOI": 2102.57,
        "oppTTOIL10": 602.51,
        "oppTTOIL5": 298.05,
        "oppTTOIL3": 180.0,
        "oppTTOIL1": 60.0
    },
    "ari": {
        "ttoi": 2220.41,
        "ttoiL10": 600.67,
        "ttoiL5": 302.44,
        "ttoiL3": 178.48999999999998,
        "ttoiL1": 59.78,
        "oppTTOI": 2214.85,
        "oppTTOIL10": 596.09,
        "oppTTOIL5": 294.75,
        "oppTTOIL3": 178.15,
        "oppTTOIL1": 56.83
    },
    "vgk": {
        "ttoi": 2355.59,
        "ttoiL10": 589.65,
        "ttoiL5": 290.73,
        "ttoiL3": 177.0,
        "ttoiL1": 60.0,
        "oppTTOI": 2363.84,
        "oppTTOIL10": 606.97,
        "oppTTOIL5": 299.85,
        "oppTTOIL3": 179.85,
        "oppTTOIL1": 60.0
    },
    "sea": {
        "ttoi": 2371.79,
        "ttoiL10": 608.55,
        "ttoiL5": 302.22,
        "ttoiL3": 182.22,
        "ttoiL1": 60.0,
        "oppTTOI": 2368.8300000000004,
        "oppTTOIL10": 609.76,
        "oppTTOIL5": 306.68,
        "oppTTOIL3": 189.48000000000002,
        "oppTTOIL1": 59.65
    },
    "cgy": {
        "ttoi": 2286.9,
        "ttoiL10": 601.6899999999999,
        "ttoiL5": 296.26,
        "ttoiL3": 179.43,
        "ttoiL1": 60.0,
        "oppTTOI": 2286.4299999999994,
        "oppTTOIL10": 594.8399999999999,
        "oppTTOIL5": 296.16999999999996,
        "oppTTOIL3": 176.17,
        "oppTTOIL1": 59.3
    },
    "det": {
        "ttoi": 2339.4900000000002,
        "ttoiL10": 602.3299999999999,
        "ttoiL5": 305.02,
        "ttoiL3": 182.8,
        "ttoiL1": 65.0,
        "oppTTOI": 2352.35,
        "oppTTOIL10": 592.47,
        "oppTTOIL5": 297.07,
        "oppTTOIL3": 177.27,
        "oppTTOIL1": 60.0
    },
    "nj": {
        "ttoi": 2208.0899999999997,
        "ttoiL10": 601.7199999999999,
        "ttoiL5": 300.84999999999997,
        "ttoiL3": 179.2,
        "ttoiL1": 59.85,
        "oppTTOI": 2207.2899999999995,
        "oppTTOIL10": 603.73,
        "oppTTOIL5": 307.53,
        "oppTTOIL3": 185.0,
        "oppTTOIL1": 60.0
    },
    "nyr": {
        "ttoi": 2161.42,
        "ttoiL10": 596.5699999999999,
        "ttoiL5": 298.2,
        "ttoiL3": 180.0,
        "ttoiL1": 60.0,
        "oppTTOI": 2214.68,
        "oppTTOIL10": 605.0,
        "oppTTOIL5": 302.3,
        "oppTTOIL3": 180.22,
        "oppTTOIL1": 59.45
    },
    "nyi": {
        "ttoi": 2303.47,
        "ttoiL10": 604.89,
        "ttoiL5": 299.57,
        "ttoiL3": 179.57,
        "ttoiL1": 60.0,
        "oppTTOI": 2231.8699999999994,
        "oppTTOIL10": 601.33,
        "oppTTOIL5": 301.58000000000004,
        "oppTTOIL3": 176.58,
        "oppTTOIL1": 58.77
    },
    "chi": {
        "ttoi": 2333.4400000000005,
        "ttoiL10": 599.7900000000001,
        "ttoiL5": 302.32000000000005,
        "ttoiL3": 177.45000000000002,
        "ttoiL1": 58.27,
        "oppTTOI": 2333.7400000000002,
        "oppTTOIL10": 601.0,
        "oppTTOIL5": 297.88,
        "oppTTOIL3": 178.0,
        "oppTTOIL1": 58.38
    },
    "col": {
        "ttoi": 2348.69,
        "ttoiL10": 601.11,
        "ttoiL5": 307.22,
        "ttoiL3": 182.55,
        "ttoiL1": 62.28,
        "oppTTOI": 2340.4,
        "oppTTOIL10": 607.25,
        "oppTTOIL5": 307.7,
        "oppTTOIL3": 183.75,
        "oppTTOIL1": 59.07
    },
    "wsh": {
        "ttoi": 2194.8999999999996,
        "ttoiL10": 619.65,
        "ttoiL5": 303.85,
        "ttoiL3": 178.95,
        "ttoiL1": 59.02,
        "oppTTOI": 2241.24,
        "oppTTOIL10": 611.69,
        "oppTTOIL5": 307.41,
        "oppTTOIL3": 182.49,
        "oppTTOIL1": 58.35
    },
    "van": {
        "ttoi": 2278.5,
        "ttoiL10": 606.55,
        "ttoiL5": 301.55,
        "ttoiL3": 176.72,
        "ttoiL1": 56.72,
        "oppTTOI": 2268.23,
        "oppTTOIL10": 590.2199999999999,
        "oppTTOIL5": 291.88,
        "oppTTOIL3": 175.2,
        "oppTTOIL1": 59.6
    },
    "la": {
        "ttoi": 2109.7200000000003,
        "ttoiL10": 603.7,
        "ttoiL5": 305.33000000000004,
        "ttoiL3": 187.36,
        "ttoiL1": 65.0,
        "oppTTOI": 2115.8999999999996,
        "oppTTOIL10": 600.13,
        "oppTTOIL5": 297.18,
        "oppTTOIL3": 179.19,
        "oppTTOIL1": 59.52
    },
    "mtl": {
        "ttoi": 2311.42,
        "ttoiL10": 607.2,
        "ttoiL5": 296.63,
        "ttoiL3": 177.83,
        "ttoiL1": 59.43,
        "oppTTOI": 2303.7200000000003,
        "oppTTOIL10": 605.7299999999999,
        "oppTTOIL5": 300.64,
        "oppTTOIL3": 178.42000000000002,
        "oppTTOIL1": 58.42
    },
    "stl": {
        "ttoi": 2205.4900000000002,
        "ttoiL10": 596.9000000000001,
        "ttoiL5": 297.3,
        "ttoiL3": 177.3,
        "ttoiL1": 60.0,
        "oppTTOI": 2204.6300000000006,
        "oppTTOIL10": 587.87,
        "oppTTOIL5": 293.75,
        "oppTTOIL3": 175.82999999999998,
        "oppTTOIL1": 57.55
    },
    "fla": {
        "ttoi": 2262.18,
        "ttoiL10": 595.9300000000001,
        "ttoiL5": 299.48,
        "ttoiL3": 179.48,
        "ttoiL1": 59.95,
        "oppTTOI": 2196.5799999999995,
        "oppTTOIL10": 539.76,
        "oppTTOIL5": 300.4,
        "oppTTOIL3": 177.07999999999998,
        "oppTTOIL1": 57.85
    },
    "nsh": {
        "ttoi": 2326.66,
        "ttoiL10": 603.4900000000001,
        "ttoiL5": 303.81,
        "ttoiL3": 184.92000000000002,
        "ttoiL1": 60.0,
        "oppTTOI": 2333.53,
        "oppTTOIL10": 595.37,
        "oppTTOIL5": 296.12,
        "oppTTOIL3": 178.42000000000002,
        "oppTTOIL1": 59.63
    },
    "sj": {
        "ttoi": 2330.5900000000006,
        "ttoiL10": 589.16,
        "ttoiL5": 296.14,
        "ttoiL3": 176.14,
        "ttoiL1": 58.0,
        "oppTTOI": 2341.88,
        "oppTTOIL10": 602.6800000000001,
        "oppTTOIL5": 299.03,
        "oppTTOIL3": 179.46,
        "oppTTOIL1": 59.83
    },
    "phi": {
        "ttoi": 2301.7599999999993,
        "ttoiL10": 615.13,
        "ttoiL5": 304.55,
        "ttoiL3": 181.97,
        "ttoiL1": 64.87,
        "oppTTOI": 2299.8699999999994,
        "oppTTOIL10": 598.6899999999999,
        "oppTTOIL5": 296.71,
        "oppTTOIL3": 176.70999999999998,
        "oppTTOIL1": 57.5
    },
    "pit": {
        "ttoi": 2226.22,
        "ttoiL10": 607.6,
        "ttoiL5": 297.48,
        "ttoiL3": 177.48000000000002,
        "ttoiL1": 60.0,
        "oppTTOI": 2223.7999999999997,
        "oppTTOIL10": 594.71,
        "oppTTOIL5": 294.57,
        "oppTTOIL3": 177.42,
        "oppTTOIL1": 58.82
    },
    "bos": {
        "ttoi": 2235.29,
        "ttoiL10": 604.64,
        "ttoiL5": 297.2,
        "ttoiL3": 177.2,
        "ttoiL1": 57.32,
        "oppTTOI": 2210.8599999999997,
        "oppTTOIL10": 586.74,
        "oppTTOIL5": 292.21000000000004,
        "oppTTOIL3": 175.19,
        "oppTTOIL1": 58.93
    },
    "cbj": {
        "ttoi": 2346.7600000000007,
        "ttoiL10": 616.41,
        "ttoiL5": 311.36,
        "ttoiL3": 186.32999999999998,