{
    "pit": {
        "ttoi": 4503.089999999999,
        "ttoiL10": 597.1,
        "ttoiL5": 304.56,
        "ttoiL3": 185.0,
        "ttoiL1": 60.0,
        "oppTTOI": 4505.45,
        "oppTTOIL10": 601.97,
        "oppTTOIL5": 297.87,
        "oppTTOIL3": 178.32,
        "oppTTOIL1": 59.5
    },
    "nj": {
        "ttoi": 4522.889999999999,
        "ttoiL10": 592.3299999999999,
        "ttoiL5": 295.38,
        "ttoiL3": 175.88,
        "ttoiL1": 58.25,
        "oppTTOI": 4530.530000000002,
        "oppTTOIL10": 594.0,
        "oppTTOIL5": 294.18,
        "oppTTOIL3": 178.03,
        "oppTTOIL1": 60.0
    },
    "nyr": {
        "ttoi": 4498.33,
        "ttoiL10": 605.8299999999999,
        "ttoiL5": 304.07,
        "ttoiL3": 178.62,
        "ttoiL1": 60.0,
        "oppTTOI": 4554.400000000001,
        "oppTTOIL10": 593.76,
        "oppTTOIL5": 298.28,
        "oppTTOIL3": 176.4,
        "oppTTOIL1": 60.0
    },
    "cbj": {
        "ttoi": 4439.25,
        "ttoiL10": 607.26,
        "ttoiL5": 301.96000000000004,
        "ttoiL3": 181.98000000000002,
        "ttoiL1": 60.0,
        "oppTTOI": 4513.42,
        "oppTTOIL10": 602.26,
        "oppTTOIL5": 304.35,
        "oppTTOIL3": 184.63,
        "oppTTOIL1": 65.0
    },
    "car": {
        "ttoi": 4508.14,
        "ttoiL10": 604.66,
        "ttoiL5": 302.03,
        "ttoiL3": 178.07,
        "ttoiL1": 60.0,
        "oppTTOI": 4515.240000000001,
        "oppTTOIL10": 604.18,
        "oppTTOIL5": 304.53,
        "oppTTOIL3": 185.76,
        "oppTTOIL1": 59.93
    },
    "col": {
        "ttoi": 4515.08,
        "ttoiL10": 607.8100000000001,
        "ttoiL5": 303.43,
        "ttoiL3": 183.21,
        "ttoiL1": 58.48,
        "oppTTOI": 4511.3499999999985,
        "oppTTOIL10": 603.2099999999999,
        "oppTTOIL5": 300.53999999999996,
        "oppTTOIL3": 180.67,
        "oppTTOIL1": 60.85
    },
    "dal": {
        "ttoi": 4564.61,
        "ttoiL10": 595.46,
        "ttoiL5": 298.94,
        "ttoiL3": 178.99,
        "ttoiL1": 59.42,
        "oppTTOI": 4570.8899999999985,
        "oppTTOIL10": 600.82,
        "oppTTOIL5": 300.59000000000003,
        "oppTTOIL3": 175.72,
        "oppTTOIL1": 57.54
    },
    "det": {
        "ttoi": 4498.570000000001,
        "ttoiL10": 599.6800000000001,
        "ttoiL5": 304.65000000000003,
        "ttoiL3": 184.75,
        "ttoiL1": 59.75,
        "oppTTOI": 4511.119999999999,
        "oppTTOIL10": 597.5799999999999,
        "oppTTOIL5": 299.16,
        "oppTTOIL3": 180.36,
        "oppTTOIL1": 59.22
    },
    "sj": {
        "ttoi": 4437.389999999999,
        "ttoiL10": 594.2099999999999,
        "ttoiL5": 298.93,
        "ttoiL3": 178.85000000000002,
        "ttoiL1": 59.4,
        "oppTTOI": 4447.5,
        "oppTTOIL10": 604.48,
        "oppTTOIL5": 303.25,
        "oppTTOIL3": 178.25,
        "oppTTOIL1": 59.77
    },
    "ott": {
        "ttoi": 4445.08,
        "ttoiL10": 601.42,
        "ttoiL5": 298.28,
        "ttoiL3": 178.28,
        "ttoiL1": 58.28,
        "oppTTOI": 4436.879999999999,
        "oppTTOIL10": 600.36,
        "oppTTOIL5": 300.84000000000003,
        "oppTTOIL3": 183.42000000000002,
        "oppTTOIL1": 62.25
    },
    "edm": {
        "ttoi": 4444.69,
        "ttoiL10": 604.74,
        "ttoiL5": 302.74,
        "ttoiL3": 181.97,
        "ttoiL1": 59.82,
        "oppTTOI": 4450.410000000001,
        "oppTTOIL10": 594.59,
        "oppTTOIL5": 296.22,
        "oppTTOIL3": 178.55,
        "oppTTOIL1": 59.3
    },
    "bos": {
        "ttoi": 4607.250000000002,
        "ttoiL10": 601.14,
        "ttoiL5": 303.12,
        "ttoiL3": 184.6,
        "ttoiL1": 60.0,
        "oppTTOI": 4580.979999999999,
        "oppTTOIL10": 596.5799999999999,
        "oppTTOIL5": 297.54,
        "oppTTOIL3": 179.43,
        "oppTTOIL1": 60.0
    },
    "wsh": {
        "ttoi": 4426.99,
        "ttoiL10": 610.8000000000001,
        "ttoiL5": 306.07000000000005,
        "ttoiL3": 184.87,
        "ttoiL1": 59.87,
        "oppTTOI": 4462.040000000001,
        "oppTTOIL10": 595.78,
        "oppTTOIL5": 295.9,
        "oppTTOIL3": 177.37,
        "oppTTOIL1": 59.89
    },
    "cgy": {
        "ttoi": 4431.249999999999,
        "ttoiL10": 588.11,
        "ttoiL5": 292.45,
        "ttoiL3": 177.95,
        "ttoiL1": 60.0,
        "oppTTOI": 4436.94,
        "oppTTOIL10": 593.8,
        "oppTTOIL5": 296.59999999999997,
        "oppTTOIL3": 178.95,
        "oppTTOIL1": 59.25
    },
    "sea": {
        "ttoi": 4536.489999999999,
        "ttoiL10": 599.76,
        "ttoiL5": 298.14,
        "ttoiL3": 178.47,
        "ttoiL1": 60.0,
        "oppTTOI": 4530.17,
        "oppTTOIL10": 595.21,
        "oppTTOIL5": 297.48,
        "oppTTOIL3": 177.6,
        "oppTTOIL1": 57.6
    },
    "van": {
        "ttoi": 4559.64,
        "ttoiL10": 591.44,
        "ttoiL5": 293.79,
        "ttoiL3": 180.0,
        "ttoiL1": 60.0,
        "oppTTOI": 4537.58,
        "oppTTOIL10": 590.1700000000001,
        "oppTTOIL5": 296.72,
        "oppTTOIL3": 180.54,
        "oppTTOIL1": 61.7
    },
    "phi": {
        "ttoi": 4573.46,
        "ttoiL10": 591.91,
        "ttoiL5": 293.77,
        "ttoiL3": 175.55,
        "ttoiL1": 58.15,
        "oppTTOI": 4567.530000000002,
        "oppTTOIL10": 600.27,
        "oppTTOIL5": 307.41999999999996,
        "oppTTOIL3": 183.85,
        "oppTTOIL1": 60.0
    },
    "mtl": {
        "ttoi": 4480.090000000001,
        "ttoiL10": 602.87,
        "ttoiL5": 299.3,
        "ttoiL3": 179.3,
        "ttoiL1": 60.0,
        "oppTTOI": 4479.69,
        "oppTTOIL10": 606.9000000000001,
        "oppTTOIL5": 303.8,
        "oppTTOIL3": 187.72,
        "oppTTOIL1": 60.0
    },
    "nyi": {
        "ttoi": 4516.049999999998,
        "ttoiL10": 598.0699999999999,
        "ttoiL5": 297.31,
        "ttoiL3": 179.81,
        "ttoiL1": 59.78,
        "oppTTOI": 4453.07,
        "oppTTOIL10": 600.37,
        "oppTTOIL5": 299.25,
        "oppTTOIL3": 180.95,
        "oppTTOIL1": 60.95
    },
    "la": {
        "ttoi": 4505.399999999999,
        "ttoiL10": 593.1099999999999,
        "ttoiL5": 293.91,
        "ttoiL3": 177.0,
        "ttoiL1": 60.0,
        "oppTTOI": 4515.68,
        "oppTTOIL10": 607.19,
        "oppTTOIL5": 306.12,
        "oppTTOIL3": 181.12,
        "oppTTOIL1": 57.37
    },
    "chi": {
        "ttoi": 4477.830000000001,
        "ttoiL10": 594.6600000000001,
        "ttoiL5": 294.83000000000004,
        "ttoiL3": 175.45000000000002,
        "ttoiL1": 57.93,
        "oppTTOI": 4485.440000000001,
        "oppTTOIL10": 593.1899999999999,
        "oppTTOIL5": 294.83,
        "oppTTOIL3": 177.25,
        "oppTTOIL1": 59.98
    },
    "fla": {
        "ttoi": 4554.669999999999,
        "ttoiL10": 599.55,
        "ttoiL5": 298.53000000000003,
        "ttoiL3": 183.23000000000002,
        "ttoiL1": 60.0,
        "oppTTOI": 4493.99,
        "oppTTOIL10": 593.12,
        "oppTTOIL5": 300.37,
        "oppTTOIL3": 182.44,
        "oppTTOIL1": 59.97
    },
    "wpg": {
        "ttoi": 4496.959999999999,
        "ttoiL10": 595.56,
        "ttoiL5": 298.41999999999996,
        "ttoiL3": 177.1,
        "ttoiL1": 60.0,
        "oppTTOI": 4467.51,
        "oppTTOIL10": 591.9599999999999,
        "oppTTOIL5": 298.96,
        "oppTTOIL3": 177.57999999999998,
        "oppTTOIL1": 58.58
    },
    "min": {
        "ttoi": 4465.729999999999,
        "ttoiL10": 612.14,
        "ttoiL5": 303.91,
        "ttoiL3": 183.03,
        "ttoiL1": 59.98,
        "oppTTOI": 4396.340000000001,
        "oppTTOIL10": 589.89,
        "oppTTOIL5": 294.58,
        "oppTTOIL3": 175.27999999999997,
        "oppTTOIL1": 57.73
    },
    "ari": {
        "ttoi": 4491.820000000001,
        "ttoiL10": 598.83,
        "ttoiL5": 296.3,
        "ttoiL3": 177.27,
        "ttoiL1": 57.67,
        "oppTTOI": 4494.539999999999,
        "oppTTOIL10": 593.9,
        "oppTTOIL5": 299.43,
        "oppTTOIL3": 179.43,
        "oppTTOIL1": 59.58
    },
    "vgk": {
        "ttoi": 4513.829999999998,