{
    "pit": {
        "ttoi": 777.76,
        "ttoiL10": 599.14,
        "ttoiL5": 300.90999999999997,
        "ttoiL3": 179.51,
        "ttoiL1": 60.0,
        "oppTTOI": 777.17,
        "oppTTOIL10": 600.39,
        "oppTTOIL5": 302.06,
        "oppTTOIL3": 182.06,
        "oppTTOIL1": 62.58
    },
    "dal": {
        "ttoi": 720.27,
        "ttoiL10": 600.95,
        "ttoiL5": 298.89,
        "ttoiL3": 178.97,
        "ttoiL1": 59.5,
        "oppTTOI": 711.57,
        "oppTTOIL10": 595.8,
        "oppTTOIL5": 299.9,
        "oppTTOIL3": 177.83,
        "oppTTOIL1": 60.0
    },
    "wsh": {
        "ttoi": 716.59,
        "ttoiL10": 599.35,
        "ttoiL5": 295.72,
        "ttoiL3": 177.27,
        "ttoiL1": 60.0,
        "oppTTOI": 714.28,
        "oppTTOIL10": 597.93,
        "oppTTOIL5": 295.51,
        "oppTTOIL3": 179.57999999999998,
        "oppTTOIL1": 59.58
    },
    "car": {
        "ttoi": 714.5,
        "ttoiL10": 596.37,
        "ttoiL5": 298.26,
        "ttoiL3": 178.38,
        "ttoiL1": 60.0,
        "oppTTOI": 716.79,
        "oppTTOIL10": 597.61,
        "oppTTOIL5": 299.82,
        "oppTTOIL3": 179.5,
        "oppTTOIL1": 59.93
    },
    "ana": {
        "ttoi": 720.37,
        "ttoiL10": 600.54,
        "ttoiL5": 300.96,
        "ttoiL3": 178.38,
        "ttoiL1": 60.0,
        "oppTTOI": 722.0799999999999,
        "oppTTOIL10": 597.99,
        "oppTTOIL5": 301.39,
        "oppTTOIL3": 180.49,
        "oppTTOIL1": 62.58
    },
    "min": {
        "ttoi": 786.7,
        "ttoiL10": 601.28,
        "ttoiL5": 303.03,
        "ttoiL3": 181.2,
        "ttoiL1": 61.63,
        "oppTTOI": 779.7,
        "oppTTOIL10": 592.99,
        "oppTTOIL5": 296.83,
        "oppTTOIL3": 180.5,
        "oppTTOIL1": 58.82
    },
    "van": {
        "ttoi": 607.29,
        "ttoiL10": 607.29,
        "ttoiL5": 300.29,
        "ttoiL3": 179.97,
        "ttoiL1": 60.0,
        "oppTTOI": 604.96,
        "oppTTOIL10": 604.96,
        "oppTTOIL5": 300.58,
        "oppTTOIL3": 180.57999999999998,
        "oppTTOIL1": 58.33
    },
    "wpg": {
        "ttoi": 780.47,
        "ttoiL10": 599.57,
        "ttoiL5": 299.75,
        "ttoiL3": 179.75,
        "ttoiL1": 60.0,
        "oppTTOI": 775.26,
        "oppTTOIL10": 596.16,
        "oppTTOIL5": 298.43,
        "oppTTOIL3": 179.98000000000002,
        "oppTTOIL1": 59.35
    },
    "buf": {
        "ttoi": 655.11,
        "ttoiL10": 596.83,
        "ttoiL5": 297.87,
        "ttoiL3": 183.6,
        "ttoiL1": 58.6,
        "oppTTOI": 659.0699999999999,
        "oppTTOIL10": 599.47,
        "oppTTOIL5": 301.6,
        "oppTTOIL3": 183.8,
        "oppTTOIL1": 60.55
    },
    "mtl": {
        "ttoi": 773.54,
        "ttoiL10": 596.36,
        "ttoiL5": 296.43,
        "ttoiL3": 178.05,
        "ttoiL1": 59.87,
        "oppTTOI": 773.16,
        "oppTTOIL10": 595.32,
        "oppTTOIL5": 301.89,
        "oppTTOIL3": 177.85,
        "oppTTOIL1": 60.0
    },
    "tor": {
        "ttoi": 776.89,
        "ttoiL10": 600.63,
        "ttoiL5": 301.93,
        "ttoiL3": 182.23,
        "ttoiL1": 60.0,
        "oppTTOI": 773.3,
        "oppTTOIL10": 595.17,
        "oppTTOIL5": 295.29,
        "oppTTOIL3": 175.49,
        "oppTTOIL1": 58.85
    },
    "det": {
        "ttoi": 714.56,
        "ttoiL10": 594.56,
        "ttoiL5": 298.25,
        "ttoiL3": 177.95,
        "ttoiL1": 59.55,
        "oppTTOI": 712.94,
        "oppTTOIL10": 594.57,
        "oppTTOIL5": 295.32,
        "oppTTOIL3": 177.97,
        "oppTTOIL1": 59.77
    },
    "nyr": {
        "ttoi": 717.83,
        "ttoiL10": 593.8,
        "ttoiL5": 298.03,
        "ttoiL3": 179.13,
        "ttoiL1": 60.0,
        "oppTTOI": 715.79,
        "oppTTOIL10": 597.24,
        "oppTTOIL5": 295.14,
        "oppTTOIL3": 177.5,
        "oppTTOIL1": 60.0
    },
    "chi": {
        "ttoi": 773.8,
        "ttoiL10": 594.47,
        "ttoiL5": 299.59000000000003,
        "ttoiL3": 180.98000000000002,
        "ttoiL1": 61.83,
        "oppTTOI": 770.63,
        "oppTTOIL10": 590.96,
        "oppTTOIL5": 293.89,
        "oppTTOIL3": 174.71,
        "oppTTOIL1": 58.53
    },
    "sj": {
        "ttoi": 839.35,
        "ttoiL10": 599.44,
        "ttoiL5": 303.36,
        "ttoiL3": 184.23000000000002,
        "ttoiL1": 65.0,
        "oppTTOI": 842.63,
        "oppTTOIL10": 597.83,
        "oppTTOIL5": 299.87,
        "oppTTOIL3": 178.44,
        "oppTTOIL1": 58.68
    },
    "col": {
        "ttoi": 767.46,
        "ttoiL10": 597.75,
        "ttoiL5": 296.32,
        "ttoiL3": 179.93,
        "ttoiL1": 62.78,
        "oppTTOI": 777.65,
        "oppTTOIL10": 600.0,
        "oppTTOIL5": 297.4,
        "oppTTOIL3": 179.02,
        "oppTTOIL1": 60.0
    },
    "cgy": {
        "ttoi": 846.83,
        "ttoiL10": 606.7,
        "ttoiL5": 307.88,
        "ttoiL3": 189.55,
        "ttoiL1": 59.95,
        "oppTTOI": 841.67,
        "oppTTOIL10": 600.16,
        "oppTTOIL5": 303.94,
        "oppTTOIL3": 178.32,
        "oppTTOIL1": 58.32
    },
    "edm": {
        "ttoi": 771.12,
        "ttoiL10": 595.77,
        "ttoiL5": 296.26,
        "ttoiL3": 176.26,
        "ttoiL1": 60.0,
        "oppTTOI": 777.49,
        "oppTTOIL10": 596.56,
        "oppTTOIL5": 298.65,
        "oppTTOIL3": 178.35,
        "oppTTOIL1": 60.0
    },
    "utah": {
        "ttoi": 724.77,
        "ttoiL10": 602.47,
        "ttoiL5": 296.93,
        "ttoiL3": 177.4,
        "ttoiL1": 57.4,
        "oppTTOI": 727.0,
        "oppTTOIL10": 607.18,
        "oppTTOIL5": 300.08,
        "oppTTOIL3": 180.28,
        "oppTTOIL1": 58.7
    },
    "cbj": {
        "ttoi": 650.02,
        "ttoiL10": 591.39,
        "ttoiL5": 296.35,
        "ttoiL3": 176.35,
        "ttoiL1": 58.12,
        "oppTTOI": 653.91,
        "oppTTOIL10": 596.1,
        "oppTTOIL5": 296.43,
        "oppTTOIL3": 179.05,
        "oppTTOIL1": 60.0
    },
    "nyi": {
        "ttoi": 722.35,
        "ttoiL10": 603.0,
        "ttoiL5": 299.48,
        "ttoiL3": 182.1,
        "ttoiL1": 62.58,
        "oppTTOI": 722.72,
        "oppTTOIL10": 606.09,
        "oppTTOIL5": 300.47,
        "oppTTOIL3": 178.4,
        "oppTTOIL1": 60.0
    },
    "nj": {
        "ttoi": 835.81,
        "ttoiL10": 598.72,
        "ttoiL5": 297.37,
        "ttoiL3": 178.97,
        "ttoiL1": 57.0,
        "oppTTOI": 834.38,
        "oppTTOIL10": 601.22,
        "oppTTOIL5": 299.93,
        "oppTTOIL3": 179.95,
        "oppTTOIL1": 60.0
    },
    "la": {
        "ttoi": 837.29,
        "ttoiL10": 593.8,
        "ttoiL5": 295.67,
        "ttoiL3": 175.67000000000002,
        "ttoiL1": 57.98,
        "oppTTOI": 831.63,
        "oppTTOIL10": 590.12,
        "oppTTOIL5": 294.29,
        "oppTTOIL3": 176.24,
        "oppTTOIL1": 59.38
    },
    "vgk": {
        "ttoi": 718.93,
        "ttoiL10": 598.93,
        "ttoiL5": 298.06,
        "ttoiL3": 178.06,
        "ttoiL1": 59.64,
        "oppTTOI": 718.74,
        "oppTTOIL10": 602.99,
        "oppTTOIL5": 300.0,
        "oppTTOIL3": 180.0,
        "oppTTOIL1": 60.0
    },
    "phi": {
        "ttoi": 790.42,
        "ttoiL10": 605.89,
        "ttoiL5": 314.66,
        "ttoiL3": 194.78,
        "ttoiL1": 65.0,
        "oppTTOI": 793.48,
        "oppTTOIL10": 615.46,
        "oppTTOIL5": 313.93,
        "oppTTOIL3": 189.05,
        "oppTTOIL1": 65.0
    },
    "stl": {
        "ttoi": 714.55,
        "ttoiL10": 595.52,
        "ttoiL5": 294.81,
        "ttoiL3": 175.75,
        "ttoiL1": 60.0,
        "oppTTOI": 717.28,
        "oppTTOIL10": 597.4,
        "oppTTOIL5": 300.75,
        "oppTTOIL3": 178.68,
        "oppTTOIL1": 60.75
    },
    "bos": {
        "ttoi": 785.3,
        "ttoiL10": 604.42,
        "ttoiL5": 302.95,
        "ttoiL3": 184.55,
        "ttoiL1": 60.35,
        "oppTTOI": 783.5,
        "oppTTOIL10": 609.26,
        "oppTTOIL5": 308.68,
        "oppTTOIL3": 186.86,
        "oppTTOIL1": 59.88
    },
    "sea": {
        "ttoi": 713.99,
        "ttoiL10": 590.94,
        "ttoiL5": 292.3,