{
    "ana": {
        "ttoi": 4892.09,
        "ttoiL10": 602.52,
        "ttoiL5": 305.53,
        "ttoiL3": 186.98,
        "ttoiL1": 58.75,
        "oppTTOI": 4893.7,
        "oppTTOIL10": 609.07,
        "oppTTOIL5": 310.94,
        "oppTTOIL3": 186.22,
        "oppTTOIL1": 63.17
    },
    "van": {
        "ttoi": 4868.9800000000005,
        "ttoiL10": 601.61,
        "ttoiL5": 302.02,
        "ttoiL3": 183.95,
        "ttoiL1": 59.7,
        "oppTTOI": 4891.389999999999,
        "oppTTOIL10": 597.56,
        "oppTTOIL5": 295.9,
        "oppTTOIL3": 177.2,
        "oppTTOIL1": 58.75
    },
    "col": {
        "ttoi": 4809.910000000001,
        "ttoiL10": 610.97,
        "ttoiL5": 308.82,
        "ttoiL3": 185.6,
        "ttoiL1": 61.35,
        "oppTTOI": 4833.999999999999,
        "oppTTOIL10": 609.45,
        "oppTTOIL5": 308.22,
        "oppTTOIL3": 184.25,
        "oppTTOIL1": 64.25
    },
    "ari": {
        "ttoi": 4888.509999999999,
        "ttoiL10": 603.76,
        "ttoiL5": 302.54,
        "ttoiL3": 183.17000000000002,
        "ttoiL1": 60.0,
        "oppTTOI": 4893.460000000002,
        "oppTTOIL10": 605.0899999999999,
        "oppTTOIL5": 306.71,
        "oppTTOIL3": 187.47,
        "oppTTOIL1": 63.98
    },
    "edm": {
        "ttoi": 4872.95,
        "ttoiL10": 605.4899999999999,
        "ttoiL5": 301.83,
        "ttoiL3": 181.82999999999998,
        "ttoiL1": 61.83,
        "oppTTOI": 4857.359999999999,
        "oppTTOIL10": 594.56,
        "oppTTOIL5": 297.03,
        "oppTTOIL3": 179.78,
        "oppTTOIL1": 59.78
    },
    "cgy": {
        "ttoi": 4894.73,
        "ttoiL10": 607.7,
        "ttoiL5": 306.58000000000004,
        "ttoiL3": 189.8,
        "ttoiL1": 65.0,
        "oppTTOI": 4899.22,
        "oppTTOIL10": 605.99,
        "oppTTOIL5": 304.34000000000003,
        "oppTTOIL3": 178.77,
        "oppTTOIL1": 58.77
    },
    "sea": {
        "ttoi": 4879.47,
        "ttoiL10": 596.3,
        "ttoiL5": 297.61,
        "ttoiL3": 178.43,
        "ttoiL1": 60.0,
        "oppTTOI": 4826.129999999999,
        "oppTTOIL10": 593.34,
        "oppTTOIL5": 298.67,
        "oppTTOIL3": 177.75,
        "oppTTOIL1": 59.92
    },
    "stl": {
        "ttoi": 4805.210000000001,
        "ttoiL10": 602.4100000000001,
        "ttoiL5": 304.13,
        "ttoiL3": 180.7,
        "ttoiL1": 59.43,
        "oppTTOI": 4802.3899999999985,
        "oppTTOIL10": 601.67,
        "oppTTOIL5": 298.15,
        "oppTTOIL3": 177.75,
        "oppTTOIL1": 59.55
    },
    "wpg": {
        "ttoi": 4840.100000000002,
        "ttoiL10": 598.51,
        "ttoiL5": 298.83,
        "ttoiL3": 180.0,
        "ttoiL1": 60.0,
        "oppTTOI": 4827.839999999999,
        "oppTTOIL10": 592.16,
        "oppTTOIL5": 294.06,
        "oppTTOIL3": 175.67,
        "oppTTOIL1": 57.52
    },
    "cbj": {
        "ttoi": 4796.990000000002,
        "ttoiL10": 603.92,
        "ttoiL5": 303.78,
        "ttoiL3": 184.56,
        "ttoiL1": 64.73,
        "oppTTOI": 4808.920000000001,
        "oppTTOIL10": 600.9,
        "oppTTOIL5": 302.46999999999997,
        "oppTTOIL3": 181.82,
        "oppTTOIL1": 59.82
    },
    "nyi": {
        "ttoi": 4861.780000000001,
        "ttoiL10": 599.37,
        "ttoiL5": 295.65,
        "ttoiL3": 176.47,
        "ttoiL1": 56.87,
        "oppTTOI": 4860.700000000001,
        "oppTTOIL10": 600.5699999999999,
        "oppTTOIL5": 300.0,
        "oppTTOIL3": 180.0,
        "oppTTOIL1": 60.0
    },
    "nsh": {
        "ttoi": 4815.77,
        "ttoiL10": 604.07,
        "ttoiL5": 306.14,
        "ttoiL3": 182.77,
        "ttoiL1": 64.9,
        "oppTTOI": 4812.650000000001,
        "oppTTOIL10": 605.3199999999999,
        "oppTTOIL5": 303.12,
        "oppTTOIL3": 183.14999999999998,
        "oppTTOIL1": 59.32
    },
    "mtl": {
        "ttoi": 4746.229999999999,
        "ttoiL10": 600.12,
        "ttoiL5": 297.92,
        "ttoiL3": 178.94,
        "ttoiL1": 59.9,
        "oppTTOI": 4760.72,
        "oppTTOIL10": 603.9399999999999,
        "oppTTOIL5": 299.89,
        "oppTTOIL3": 180.42000000000002,
        "oppTTOIL1": 60.0
    },
    "wsh": {
        "ttoi": 4851.270000000001,
        "ttoiL10": 601.9300000000001,
        "ttoiL5": 295.99,
        "ttoiL3": 177.96,
        "ttoiL1": 58.78,
        "oppTTOI": 4878.650000000001,
        "oppTTOIL10": 606.65,
        "oppTTOIL5": 300.57,
        "oppTTOIL3": 180.57,
        "oppTTOIL1": 61.15
    },
    "chi": {
        "ttoi": 4776.799999999999,
        "ttoiL10": 592.8499999999999,
        "ttoiL5": 297.45,
        "ttoiL3": 178.2,
        "ttoiL1": 60.0,
        "oppTTOI": 4866.419999999999,
        "oppTTOIL10": 604.98,
        "oppTTOIL5": 300.26,
        "oppTTOIL3": 180.38,
        "oppTTOIL1": 59.83
    },
    "car": {
        "ttoi": 4889.530000000001,
        "ttoiL10": 601.2099999999999,
        "ttoiL5": 298.59,
        "ttoiL3": 174.82,
        "ttoiL1": 59.8,
        "oppTTOI": 4882.990000000001,
        "oppTTOIL10": 606.54,
        "oppTTOIL5": 306.05,
        "oppTTOIL3": 181.05,
        "oppTTOIL1": 60.0
    },
    "tb": {
        "ttoi": 4861.120000000001,
        "ttoiL10": 593.48,
        "ttoiL5": 295.81,
        "ttoiL3": 175.81,
        "ttoiL1": 56.98,
        "oppTTOI": 4865.819999999998,
        "oppTTOIL10": 600.5999999999999,
        "oppTTOIL5": 301.02,
        "oppTTOIL3": 182.62,
        "oppTTOIL1": 59.72
    },
    "fla": {
        "ttoi": 4837.35,
        "ttoiL10": 600.77,
        "ttoiL5": 304.51,
        "ttoiL3": 184.51,
        "ttoiL1": 64.63,
        "oppTTOI": 4848.7699999999995,
        "oppTTOIL10": 596.73,
        "oppTTOIL5": 299.03,
        "oppTTOIL3": 178.75,
        "oppTTOIL1": 61.7
    },
    "la": {
        "ttoi": 4892.57,
        "ttoiL10": 591.72,
        "ttoiL5": 297.03000000000003,
        "ttoiL3": 177.47,
        "ttoiL1": 60.0,
        "oppTTOI": 4871.660000000001,
        "oppTTOIL10": 615.5100000000001,
        "oppTTOIL5": 307.18,
        "oppTTOIL3": 182.66,
        "oppTTOIL1": 58.63
    },
    "buf": {
        "ttoi": 4819.91,
        "ttoiL10": 612.73,
        "ttoiL5": 307.18,
        "ttoiL3": 183.05,
        "ttoiL1": 58.05,
        "oppTTOI": 4808.92,
        "oppTTOIL10": 599.8299999999999,
        "oppTTOIL5": 298.46,
        "oppTTOIL3": 178.98,
        "oppTTOIL1": 60.0
    },
    "vgk": {
        "ttoi": 4895.04,
        "ttoiL10": 613.92,
        "ttoiL5": 310.66,
        "ttoiL3": 184.68,
        "ttoiL1": 60.0,
        "oppTTOI": 4875.300000000001,
        "oppTTOIL10": 606.68,
        "oppTTOIL5": 304.2,
        "oppTTOIL3": 184.2,
        "oppTTOIL1": 59.28
    },
    "pit": {
        "ttoi": 4864.389999999999,
        "ttoiL10": 591.1599999999999,
        "ttoiL5": 297.01,
        "ttoiL3": 177.01,
        "ttoiL1": 57.53,
        "oppTTOI": 4865.399999999999,
        "oppTTOIL10": 600.0999999999999,
        "oppTTOIL5": 297.52,
        "oppTTOIL3": 177.92,
        "oppTTOIL1": 60.0
    },
    "dal": {
        "ttoi": 4828.76,
        "ttoiL10": 596.92,
        "ttoiL5": 301.34000000000003,
        "ttoiL3": 184.92000000000002,
        "ttoiL1": 60.0,
        "oppTTOI": 4766.21,
        "oppTTOIL10": 603.79,
        "oppTTOIL5": 300.46,
        "oppTTOIL3": 184.55,
        "oppTTOIL1": 64.9
    },
    "phi": {
        "ttoi": 4769.770000000001,
        "ttoiL10": 605.03,
        "ttoiL5": 300.78000000000003,
        "ttoiL3": 181.93,
        "ttoiL1": 64.73,
        "oppTTOI": 4802.3,
        "oppTTOIL10": 604.0699999999999,
        "oppTTOIL5": 304.4,
        "oppTTOIL3": 179.82,
        "oppTTOIL1": 59.82
    },
    "nj": {
        "ttoi": 4877.8899999999985,
        "ttoiL10": 593.22,
        "ttoiL5": 297.87,
        "ttoiL3": 177.95,
        "ttoiL1": 59.88,
        "oppTTOI": 4871.319999999999,
        "oppTTOIL10": 591.5400000000001,
        "oppTTOIL5": 296.84000000000003,
        "oppTTOIL3": 178.66,
        "oppTTOIL1": 60.0
    },
    "bos": {
        "ttoi": 4894.700000000001,
        "ttoiL10": 610.4,