{
    "pit": {
        "ttoi": 3846.2199999999993,
        "ttoiL10": 599.99,
        "ttoiL5": 301.44,
        "ttoiL3": 181.55,
        "ttoiL1": 62.25,
        "oppTTOI": 3851.5099999999998,
        "oppTTOIL10": 602.1700000000001,
        "oppTTOIL5": 298.27,
        "oppTTOIL3": 178.32,
        "oppTTOIL1": 59.5
    },
    "ott": {
        "ttoi": 3778.6600000000003,
        "ttoiL10": 603.21,
        "ttoiL5": 298.98,
        "ttoiL3": 182.35,
        "ttoiL1": 63.13,
        "oppTTOI": 3774.939999999999,
        "oppTTOIL10": 602.84,
        "oppTTOIL5": 303.0,
        "oppTTOIL3": 183.42000000000002,
        "oppTTOIL1": 62.25
    },
    "edm": {
        "ttoi": 3780.15,
        "ttoiL10": 606.92,
        "ttoiL5": 304.17999999999995,
        "ttoiL3": 182.77999999999997,
        "ttoiL1": 58.73,
        "oppTTOI": 3783.8,
        "oppTTOIL10": 595.47,
        "oppTTOIL5": 296.22,
        "oppTTOIL3": 178.55,
        "oppTTOIL1": 59.3
    },
    "bos": {
        "ttoi": 4065.4100000000008,
        "ttoiL10": 610.93,
        "ttoiL5": 300.68,
        "ttoiL3": 178.38,
        "ttoiL1": 59.3,
        "oppTTOI": 4041.6800000000003,
        "oppTTOIL10": 596.5799999999999,
        "oppTTOIL5": 297.54,
        "oppTTOIL3": 179.43,
        "oppTTOIL1": 60.0
    },
    "wsh": {
        "ttoi": 3756.3699999999994,
        "ttoiL10": 600.51,
        "ttoiL5": 297.56,
        "ttoiL3": 179.63,
        "ttoiL1": 60.0,
        "oppTTOI": 3796.6400000000003,
        "oppTTOIL10": 591.1,
        "oppTTOIL5": 295.9,
        "oppTTOIL3": 177.37,
        "oppTTOIL1": 59.89
    },
    "cbj": {
        "ttoi": 3831.9900000000007,
        "ttoiL10": 588.14,
        "ttoiL5": 296.69,
        "ttoiL3": 178.05,
        "ttoiL1": 60.0,
        "oppTTOI": 3906.9100000000003,
        "oppTTOIL10": 598.06,
        "oppTTOIL5": 296.73,
        "oppTTOIL3": 179.72,
        "oppTTOIL1": 60.0
    },
    "cgy": {
        "ttoi": 3903.1400000000003,
        "ttoiL10": 601.9,
        "ttoiL5": 298.1,
        "ttoiL3": 180.0,
        "ttoiL1": 60.0,
        "oppTTOI": 3899.009999999999,
        "oppTTOIL10": 593.8,
        "oppTTOIL5": 295.90000000000003,
        "oppTTOIL3": 176.65,
        "oppTTOIL1": 59.25
    },
    "sea": {
        "ttoi": 3878.18,
        "ttoiL10": 605.5100000000001,
        "ttoiL5": 299.76000000000005,
        "ttoiL3": 182.29000000000002,
        "ttoiL1": 63.02,
        "oppTTOI": 3868.31,
        "oppTTOIL10": 601.26,
        "oppTTOIL5": 297.48,
        "oppTTOIL3": 177.6,
        "oppTTOIL1": 57.6
    },
    "van": {
        "ttoi": 3968.2000000000003,
        "ttoiL10": 597.68,
        "ttoiL5": 300.74,
        "ttoiL3": 180.79,
        "ttoiL1": 59.690000000000005,
        "oppTTOI": 3946.7400000000002,
        "oppTTOIL10": 591.52,
        "oppTTOIL5": 296.72,
        "oppTTOIL3": 180.54,
        "oppTTOIL1": 61.7
    },
    "phi": {
        "ttoi": 3981.5499999999997,
        "ttoiL10": 598.66,
        "ttoiL5": 304.11,
        "ttoiL3": 179.19,
        "ttoiL1": 59.3,
        "oppTTOI": 3969.5000000000005,
        "oppTTOIL10": 600.27,
        "oppTTOIL5": 305.53999999999996,
        "oppTTOIL3": 183.85,
        "oppTTOIL1": 60.0
    },
    "mtl": {
        "ttoi": 3937.220000000001,
        "ttoiL10": 602.83,
        "ttoiL5": 302.68,
        "ttoiL3": 177.4,
        "ttoiL1": 60.0,
        "oppTTOI": 3939.07,
        "oppTTOIL10": 605.7700000000001,
        "oppTTOIL5": 303.8,
        "oppTTOIL3": 187.72,
        "oppTTOIL1": 60.0
    },
    "nyi": {
        "ttoi": 3860.109999999999,
        "ttoiL10": 598.65,
        "ttoiL5": 299.07,
        "ttoiL3": 179.07,
        "ttoiL1": 59.52,
        "oppTTOI": 3795.3899999999994,
        "oppTTOIL10": 601.49,
        "oppTTOIL5": 300.14,
        "oppTTOIL3": 180.95,
        "oppTTOIL1": 60.95
    },
    "la": {
        "ttoi": 3855.520000000001,
        "ttoiL10": 600.74,
        "ttoiL5": 301.72,
        "ttoiL3": 180.12,
        "ttoiL1": 60.0,
        "oppTTOI": 3862.9299999999994,
        "oppTTOIL10": 612.19,
        "oppTTOIL5": 310.07000000000005,
        "oppTTOIL3": 186.12,
        "oppTTOIL1": 57.37
    },
    "chi": {
        "ttoi": 3943.0,
        "ttoiL10": 598.21,
        "ttoiL5": 299.65,
        "ttoiL3": 179.82999999999998,
        "ttoiL1": 59.83,
        "oppTTOI": 3953.2799999999997,
        "oppTTOIL10": 599.4300000000001,
        "oppTTOIL5": 299.96000000000004,
        "oppTTOIL3": 176.68,
        "oppTTOIL1": 59.98
    },
    "fla": {
        "ttoi": 3955.1199999999994,
        "ttoiL10": 607.2399999999999,
        "ttoiL5": 299.63,
        "ttoiL3": 179.63,
        "ttoiL1": 60.0,
        "oppTTOI": 3886.669999999999,
        "oppTTOIL10": 593.07,
        "oppTTOIL5": 300.37,
        "oppTTOIL3": 182.44,
        "oppTTOIL1": 59.97
    },
    "wpg": {
        "ttoi": 3842.8700000000003,
        "ttoiL10": 596.93,
        "ttoiL5": 297.53,
        "ttoiL3": 179.82999999999998,
        "ttoiL1": 60.0,
        "oppTTOI": 3811.6699999999996,
        "oppTTOIL10": 590.3599999999999,
        "oppTTOIL5": 298.96,
        "oppTTOIL3": 177.57999999999998,
        "oppTTOIL1": 58.58
    },
    "min": {
        "ttoi": 3976.8499999999995,
        "ttoiL10": 602.7799999999999,
        "ttoiL5": 305.78999999999996,
        "ttoiL3": 185.79,
        "ttoiL1": 59.78,
        "oppTTOI": 3911.030000000001,
        "oppTTOIL10": 596.2199999999999,
        "oppTTOIL5": 295.05999999999995,
        "oppTTOIL3": 175.27999999999997,
        "oppTTOIL1": 57.73
    },
    "ari": {
        "ttoi": 3952.34,
        "ttoiL10": 592.98,
        "ttoiL5": 295.70000000000005,
        "ttoiL3": 179.17000000000002,
        "ttoiL1": 59.35,
        "oppTTOI": 3955.08,
        "oppTTOIL10": 593.9,
        "oppTTOIL5": 299.43,
        "oppTTOIL3": 179.43,
        "oppTTOIL1": 59.58
    },
    "vgk": {
        "ttoi": 3909.8399999999997,
        "ttoiL10": 598.9999999999999,
        "ttoiL5": 297.52,
        "ttoiL3": 179.17000000000002,
        "ttoiL1": 61.75,
        "oppTTOI": 3914.669999999999,
        "oppTTOIL10": 604.0200000000001,
        "oppTTOIL5": 301.1,
        "oppTTOIL3": 181.1,
        "oppTTOIL1": 58.83
    },
    "car": {
        "ttoi": 3903.480000000001,
        "ttoiL10": 596.4900000000001,
        "ttoiL5": 293.97,
        "ttoiL3": 177.88,
        "ttoiL1": 58.0,
        "oppTTOI": 3908.0200000000004,
        "oppTTOIL10": 604.25,
        "oppTTOIL5": 304.6,
        "oppTTOIL3": 185.23,
        "oppTTOIL1": 60.83
    },
    "buf": {
        "ttoi": 3946.57,
        "ttoiL10": 610.57,
        "ttoiL5": 304.3,
        "ttoiL3": 180.95,
        "ttoiL1": 59.17,
        "oppTTOI": 3961.0400000000004,
        "oppTTOIL10": 598.5300000000001,
        "oppTTOIL5": 294.83000000000004,
        "oppTTOIL3": 177.05,
        "oppTTOIL1": 58.3
    },
    "stl": {
        "ttoi": 3885.2400000000002,
        "ttoiL10": 602.51,
        "ttoiL5": 302.26,
        "ttoiL3": 177.89,
        "ttoiL1": 59.92,
        "oppTTOI": 3896.1200000000013,
        "oppTTOIL10": 597.6800000000001,
        "oppTTOIL5": 296.6,
        "oppTTOIL3": 177.4,
        "oppTTOIL1": 60.0
    },
    "tor": {
        "ttoi": 3869.0099999999998,
        "ttoiL10": 606.54,
        "ttoiL5": 307.44,
        "ttoiL3": 184.26,
        "ttoiL1": 60.0,
        "oppTTOI": 3877.319999999999,
        "oppTTOIL10": 603.98,
        "oppTTOIL5": 303.33000000000004,
        "oppTTOIL3": 183.33,
        "oppTTOIL1": 58.95
    },
    "tb": {
        "ttoi": 3886.250000000001,
        "ttoiL10": 595.09,
        "ttoiL5": 300.54,
        "ttoiL3": 183.71,
        "ttoiL1": 59.38,
        "oppTTOI": 3899.750000000001,
        "oppTTOIL10": 594.9799999999999,
        "oppTTOIL5": 296.75,
        "oppTTOIL3": 177.18,
        "oppTTOIL1": 58.43
    },
    "nsh": {
        "ttoi": 3940.3399999999992,
        "ttoiL10": 602.99,
        "ttoiL5": 303.72,
        "ttoiL3": 183.52,
        "ttoiL1": 63.52,
        "oppTTOI": 3937.9700000000007,