{
    "ana": {
        "ttoi": 1964.1199999999997,
        "ttoiL10": 598.8799999999999,
        "ttoiL5": 298.4,
        "ttoiL3": 178.95,
        "ttoiL1": 59.65,
        "oppTTOI": 1976.94,
        "oppTTOIL10": 608.84,
        "oppTTOIL5": 302.23,
        "oppTTOIL3": 182.88,
        "oppTTOIL1": 62.8
    },
    "sea": {
        "ttoi": 2129.57,
        "ttoiL10": 603.4,
        "ttoiL5": 306.33,
        "ttoiL3": 181.32999999999998,
        "ttoiL1": 60.0,
        "oppTTOI": 2132.88,
        "oppTTOIL10": 611.33,
        "oppTTOIL5": 312.25,
        "oppTTOIL3": 189.48000000000002,
        "oppTTOIL1": 59.65
    },
    "cgy": {
        "ttoi": 2049.5699999999997,
        "ttoiL10": 601.4100000000001,
        "ttoiL5": 303.93,
        "ttoiL3": 178.93,
        "ttoiL1": 58.93,
        "oppTTOI": 2049.78,
        "oppTTOIL10": 594.8399999999999,
        "oppTTOIL5": 296.16999999999996,
        "oppTTOIL3": 176.17,
        "oppTTOIL1": 59.3
    },
    "det": {
        "ttoi": 2034.4699999999998,
        "ttoiL10": 594.32,
        "ttoiL5": 297.31,
        "ttoiL3": 182.8,
        "ttoiL1": 57.8,
        "oppTTOI": 2046.0300000000002,
        "oppTTOIL10": 592.1700000000001,
        "oppTTOIL5": 295.37,
        "oppTTOIL3": 177.07,
        "oppTTOIL1": 60.0
    },
    "nj": {
        "ttoi": 1907.24,
        "ttoiL10": 602.1899999999999,
        "ttoiL5": 300.87,
        "ttoiL3": 183.42000000000002,
        "ttoiL1": 60.0,
        "oppTTOI": 1906.9899999999996,
        "oppTTOIL10": 599.51,
        "oppTTOIL5": 305.43,
        "oppTTOIL3": 187.78,
        "oppTTOIL1": 60.0
    },
    "nyr": {
        "ttoi": 1863.2200000000003,
        "ttoiL10": 595.21,
        "ttoiL5": 298.37,
        "ttoiL3": 177.42000000000002,
        "ttoiL1": 62.4,
        "oppTTOI": 1916.7099999999996,
        "oppTTOIL10": 604.9,
        "oppTTOIL5": 302.3,
        "oppTTOIL3": 180.22,
        "oppTTOIL1": 59.45
    },
    "nyi": {
        "ttoi": 2003.8999999999994,
        "ttoiL10": 610.41,
        "ttoiL5": 305.32,
        "ttoiL3": 181.37,
        "ttoiL1": 59.87,
        "oppTTOI": 1931.62,
        "oppTTOIL10": 601.5500000000001,
        "oppTTOIL5": 301.8,
        "oppTTOIL3": 181.8,
        "oppTTOIL1": 58.77
    },
    "wpg": {
        "ttoi": 1923.93,
        "ttoiL10": 598.4,
        "ttoiL5": 301.15,
        "ttoiL3": 181.15,
        "ttoiL1": 60.0,
        "oppTTOI": 1909.9600000000003,
        "oppTTOIL10": 586.7599999999999,
        "oppTTOIL5": 295.71,
        "oppTTOIL3": 176.38,
        "oppTTOIL1": 59.58
    },
    "chi": {
        "ttoi": 1968.8700000000003,
        "ttoiL10": 598.63,
        "ttoiL5": 295.22,
        "ttoiL3": 177.22,
        "ttoiL1": 59.37,
        "oppTTOI": 1967.3,
        "oppTTOIL10": 596.13,
        "oppTTOIL5": 297.88,
        "oppTTOIL3": 178.0,
        "oppTTOIL1": 58.38
    },
    "col": {
        "ttoi": 2041.47,
        "ttoiL10": 592.8199999999999,
        "ttoiL5": 293.89,
        "ttoiL3": 177.62,
        "ttoiL1": 60.0,
        "oppTTOI": 2034.4900000000002,
        "oppTTOIL10": 601.28,
        "oppTTOIL5": 308.0,
        "oppTTOIL3": 183.75,
        "oppTTOIL1": 59.07
    },
    "wsh": {
        "ttoi": 1831.0499999999997,
        "ttoiL10": 622.5200000000001,
        "ttoiL5": 313.45,
        "ttoiL3": 190.8,
        "ttoiL1": 65.0,
        "oppTTOI": 1879.4099999999999,
        "oppTTOIL10": 616.69,
        "oppTTOIL5": 311.53000000000003,
        "oppTTOIL3": 182.49,
        "oppTTOIL1": 58.35
    },
    "van": {
        "ttoi": 2101.7799999999997,
        "ttoiL10": 608.4599999999999,
        "ttoiL5": 309.83,
        "ttoiL3": 184.82999999999998,
        "ttoiL1": 60.0,
        "oppTTOI": 2088.54,
        "oppTTOIL10": 590.2199999999999,
        "oppTTOIL5": 291.88,
        "oppTTOIL3": 175.2,
        "oppTTOIL1": 59.6
    },
    "edm": {
        "ttoi": 1849.35,
        "ttoiL10": 591.9,
        "ttoiL5": 293.23,
        "ttoiL3": 177.48,
        "ttoiL1": 59.6,
        "oppTTOI": 1857.89,
        "oppTTOIL10": 596.0500000000001,
        "oppTTOIL5": 298.05,
        "oppTTOIL3": 180.0,
        "oppTTOIL1": 60.0
    },
    "la": {
        "ttoi": 1804.39,
        "ttoiL10": 599.14,
        "ttoiL5": 298.37,
        "ttoiL3": 177.13,
        "ttoiL1": 60.0,
        "oppTTOI": 1805.9,
        "oppTTOIL10": 600.13,
        "oppTTOIL5": 297.18,
        "oppTTOIL3": 179.19,
        "oppTTOIL1": 59.52
    },
    "mtl": {
        "ttoi": 2014.79,
        "ttoiL10": 614.1400000000001,
        "ttoiL5": 310.57,
        "ttoiL3": 186.07,
        "ttoiL1": 60.0,
        "oppTTOI": 2010.1200000000003,
        "oppTTOIL10": 603.71,
        "oppTTOIL5": 305.64,
        "oppTTOIL3": 178.42000000000002,
        "oppTTOIL1": 58.42
    },
    "stl": {
        "ttoi": 1968.1899999999998,
        "ttoiL10": 587.42,
        "ttoiL5": 299.98,
        "ttoiL3": 179.98,
        "ttoiL1": 60.0,
        "oppTTOI": 1969.78,
        "oppTTOIL10": 587.87,
        "oppTTOIL5": 293.75,
        "oppTTOIL3": 175.82999999999998,
        "oppTTOIL1": 57.55
    },
    "fla": {
        "ttoi": 1962.6999999999998,
        "ttoiL10": 590.3,
        "ttoiL5": 296.45,
        "ttoiL3": 176.9,
        "ttoiL1": 60.0,
        "oppTTOI": 1900.4999999999998,
        "oppTTOIL10": 538.75,
        "oppTTOIL5": 241.17,
        "oppTTOIL3": 181.45,
        "oppTTOIL1": 57.85
    },
    "nsh": {
        "ttoi": 2022.85,
        "ttoiL10": 603.4000000000001,
        "ttoiL5": 299.68,
        "ttoiL3": 179.36,
        "ttoiL1": 60.0,
        "oppTTOI": 2027.2300000000002,
        "oppTTOIL10": 598.5500000000001,
        "oppTTOIL5": 296.67,
        "oppTTOIL3": 178.42000000000002,
        "oppTTOIL1": 59.63
    },
    "sj": {
        "ttoi": 2034.45,
        "ttoiL10": 597.1800000000001,
        "ttoiL5": 293.02000000000004,
        "ttoiL3": 177.02,
        "ttoiL1": 58.0,
        "oppTTOI": 2042.28,
        "oppTTOIL10": 603.5,
        "oppTTOIL5": 299.03,
        "oppTTOIL3": 179.46,
        "oppTTOIL1": 59.83
    },
    "phi": {
        "ttoi": 1997.2100000000003,
        "ttoiL10": 619.8000000000001,
        "ttoiL5": 310.58000000000004,
        "ttoiL3": 185.83,
        "ttoiL1": 65.0,
        "oppTTOI": 1993.5299999999997,
        "oppTTOIL10": 591.7099999999999,
        "oppTTOIL5": 296.71,
        "oppTTOIL3": 176.70999999999998,
        "oppTTOIL1": 57.5
    },
    "pit": {
        "ttoi": 1928.74,
        "ttoiL10": 614.2400000000001,
        "ttoiL5": 310.12,
        "ttoiL3": 186.17000000000002,
        "ttoiL1": 61.17,
        "oppTTOI": 1928.98,
        "oppTTOIL10": 597.39,
        "oppTTOIL5": 296.27,
        "oppTTOIL3": 177.42,
        "oppTTOIL1": 58.82
    },
    "vgk": {
        "ttoi": 2121.6400000000003,
        "ttoiL10": 600.41,
        "ttoiL5": 294.52,
        "ttoiL3": 175.82999999999998,
        "ttoiL1": 56.78,
        "oppTTOI": 2125.92,
        "oppTTOIL10": 606.97,
        "oppTTOIL5": 299.75,
        "oppTTOIL3": 179.85,
        "oppTTOIL1": 60.0
    },
    "ari": {
        "ttoi": 1977.9699999999998,
        "ttoiL10": 594.61,
        "ttoiL5": 299.63,
        "ttoiL3": 179.63,
        "ttoiL1": 60.0,
        "oppTTOI": 1973.4499999999998,
        "oppTTOIL10": 599.94,
        "oppTTOIL5": 297.91999999999996,
        "oppTTOIL3": 181.1,
        "oppTTOIL1": 63.45
    },
    "bos": {
        "ttoi": 1938.0899999999997,
        "ttoiL10": 611.4399999999999,
        "ttoiL5": 307.44,
        "ttoiL3": 180.39000000000001,
        "ttoiL1": 58.27,
        "oppTTOI": 1916.0399999999997,
        "oppTTOIL10": 586.4,
        "oppTTOIL5": 293.01,
        "oppTTOIL3": 175.19,
        "oppTTOIL1": 58.93
    },
    "cbj": {
        "ttoi": 2035.4000000000003,
        "ttoiL10": 542.88,
        "ttoiL5": 305.05,
        "ttoiL3": 184.12,
        "ttoiL1": 60.0,
        "oppTTOI": 2097.28,
        "oppTTOIL10": 598.5100000000001,
        "oppTTOIL5": 301.13,
        "oppTTOIL3": 182.32999999999998,
        "oppTTOIL1": 62.33
    },