{
    "pit": {
        "ttoi": 4198.529999999999,
        "ttoiL10": 593.75,
        "ttoiL5": 292.54,
        "ttoiL3": 176.42000000000002,
        "ttoiL1": 60.85,
        "oppTTOI": 4207.53,
        "oppTTOIL10": 603.9,
        "oppTTOIL5": 297.87,
        "oppTTOIL3": 178.32,
        "oppTTOIL1": 59.5
    },
    "col": {
        "ttoi": 4272.55,
        "ttoiL10": 606.36,
        "ttoiL5": 305.33000000000004,
        "ttoiL3": 180.60000000000002,
        "ttoiL1": 60.9,
        "oppTTOI": 4266.98,
        "oppTTOIL10": 603.2099999999999,
        "oppTTOIL5": 300.53999999999996,
        "oppTTOIL3": 180.67,
        "oppTTOIL1": 60.85
    },
    "dal": {
        "ttoi": 4325.62,
        "ttoiL10": 603.18,
        "ttoiL5": 299.15,
        "ttoiL3": 179.45,
        "ttoiL1": 59.95,
        "oppTTOI": 4335.129999999998,
        "oppTTOIL10": 605.75,
        "oppTTOIL5": 300.59000000000003,
        "oppTTOIL3": 175.72,
        "oppTTOIL1": 57.54
    },
    "nj": {
        "ttoi": 4287.009999999999,
        "ttoiL10": 594.24,
        "ttoiL5": 298.18,
        "ttoiL3": 179.5,
        "ttoiL1": 59.5,
        "oppTTOI": 4291.060000000001,
        "oppTTOIL10": 597.57,
        "oppTTOIL5": 294.18,
        "oppTTOIL3": 176.3,
        "oppTTOIL1": 58.03
    },
    "det": {
        "ttoi": 4251.9,
        "ttoiL10": 591.14,
        "ttoiL5": 293.53,
        "ttoiL3": 177.52999999999997,
        "ttoiL1": 57.98,
        "oppTTOI": 4265.449999999999,
        "oppTTOIL10": 597.5799999999999,
        "oppTTOIL5": 299.16,
        "oppTTOIL3": 180.36,
        "oppTTOIL1": 59.22
    },
    "nyr": {
        "ttoi": 4194.259999999999,
        "ttoiL10": 599.7099999999999,
        "ttoiL5": 301.76,
        "ttoiL3": 182.57999999999998,
        "ttoiL1": 65.0,
        "oppTTOI": 4250.950000000001,
        "oppTTOIL10": 593.76,
        "oppTTOIL5": 296.85,
        "oppTTOIL3": 178.28,
        "oppTTOIL1": 56.900000000000006
    },
    "sj": {
        "ttoi": 4198.540000000001,
        "ttoiL10": 594.6,
        "ttoiL5": 295.81,
        "ttoiL3": 180.07999999999998,
        "ttoiL1": 60.08,
        "oppTTOI": 4208.2,
        "oppTTOIL10": 604.48,
        "oppTTOIL5": 303.25,
        "oppTTOIL3": 178.25,
        "oppTTOIL1": 59.77
    },
    "ott": {
        "ttoi": 4206.799999999999,
        "ttoiL10": 610.49,
        "ttoiL5": 298.59000000000003,
        "ttoiL3": 178.59,
        "ttoiL1": 60.0,
        "oppTTOI": 4201.849999999999,
        "oppTTOIL10": 602.84,
        "oppTTOIL5": 303.0,
        "oppTTOIL3": 183.42000000000002,
        "oppTTOIL1": 62.25
    },
    "edm": {
        "ttoi": 4141.950000000001,
        "ttoiL10": 605.98,
        "ttoiL5": 302.0,
        "ttoiL3": 173.72,
        "ttoiL1": 58.78,
        "oppTTOI": 4151.2699999999995,
        "oppTTOIL10": 595.47,
        "oppTTOIL5": 296.22,
        "oppTTOIL3": 178.55,
        "oppTTOIL1": 59.3
    },
    "bos": {
        "ttoi": 4362.650000000002,
        "ttoiL10": 597.92,
        "ttoiL5": 297.24,
        "ttoiL3": 177.0,
        "ttoiL1": 58.52,
        "oppTTOI": 4339.379999999999,
        "oppTTOIL10": 596.5799999999999,
        "oppTTOIL5": 297.54,
        "oppTTOIL3": 179.43,
        "oppTTOIL1": 60.0
    },
    "wsh": {
        "ttoi": 4180.199999999999,
        "ttoiL10": 603.4599999999999,
        "ttoiL5": 304.18,
        "ttoiL3": 184.18,
        "ttoiL1": 59.28,
        "oppTTOI": 4215.120000000001,
        "oppTTOIL10": 595.78,
        "oppTTOIL5": 295.9,
        "oppTTOIL3": 177.37,
        "oppTTOIL1": 59.89
    },
    "cbj": {
        "ttoi": 4197.29,
        "ttoiL10": 602.07,
        "ttoiL5": 300.3,
        "ttoiL3": 180.8,
        "ttoiL1": 60.0,
        "oppTTOI": 4270.31,
        "oppTTOIL10": 597.63,
        "oppTTOIL5": 296.73,
        "oppTTOIL3": 179.72,
        "oppTTOIL1": 60.0
    },
    "cgy": {
        "ttoi": 4196.799999999999,
        "ttoiL10": 591.76,
        "ttoiL5": 293.65999999999997,
        "ttoiL3": 173.88,
        "ttoiL1": 58.0,
        "oppTTOI": 4198.66,
        "oppTTOIL10": 593.8,
        "oppTTOIL5": 295.90000000000003,
        "oppTTOIL3": 176.65,
        "oppTTOIL1": 59.25
    },
    "sea": {
        "ttoi": 4238.35,
        "ttoiL10": 601.58,
        "ttoiL5": 301.62,
        "ttoiL3": 183.5,
        "ttoiL1": 60.0,
        "oppTTOI": 4232.09,
        "oppTTOIL10": 601.26,
        "oppTTOIL5": 297.48,
        "oppTTOIL3": 177.6,
        "oppTTOIL1": 57.6
    },
    "van": {
        "ttoi": 4265.85,
        "ttoiL10": 598.39,
        "ttoiL5": 297.65,
        "ttoiL3": 179.13,
        "ttoiL1": 60.0,
        "oppTTOI": 4243.31,
        "oppTTOIL10": 591.52,
        "oppTTOIL5": 296.72,
        "oppTTOIL3": 180.54,
        "oppTTOIL1": 61.7
    },
    "phi": {
        "ttoi": 4337.31,
        "ttoiL10": 599.87,
        "ttoiL5": 296.24,
        "ttoiL3": 179.09,
        "ttoiL1": 57.62,
        "oppTTOI": 4326.370000000001,
        "oppTTOIL10": 601.47,
        "oppTTOIL5": 305.53999999999996,
        "oppTTOIL3": 183.85,
        "oppTTOIL1": 60.0
    },
    "mtl": {
        "ttoi": 4240.790000000001,
        "ttoiL10": 606.25,
        "ttoiL5": 303.57,
        "ttoiL3": 183.22,
        "ttoiL1": 60.0,
        "oppTTOI": 4242.57,
        "oppTTOIL10": 605.7700000000001,
        "oppTTOIL5": 303.8,
        "oppTTOIL3": 187.72,
        "oppTTOIL1": 60.0
    },
    "nyi": {
        "ttoi": 4276.239999999999,
        "ttoiL10": 595.1999999999999,
        "ttoiL5": 294.97999999999996,
        "ttoiL3": 176.07,
        "ttoiL1": 57.5,
        "oppTTOI": 4219.44,
        "oppTTOIL10": 600.41,
        "oppTTOIL5": 300.14,
        "oppTTOIL3": 180.95,
        "oppTTOIL1": 60.95
    },
    "la": {
        "ttoi": 4211.489999999999,
        "ttoiL10": 597.6899999999999,
        "ttoiL5": 299.2,
        "ttoiL3": 179.65,
        "ttoiL1": 59.65,
        "oppTTOI": 4219.8099999999995,
        "oppTTOIL10": 607.19,
        "oppTTOIL5": 306.12,
        "oppTTOIL3": 181.12,
        "oppTTOIL1": 57.37
    },
    "chi": {
        "ttoi": 4242.380000000001,
        "ttoiL10": 599.0300000000001,
        "ttoiL5": 299.38,
        "ttoiL3": 179.38,
        "ttoiL1": 59.38,
        "oppTTOI": 4249.56,
        "oppTTOIL10": 596.6899999999999,
        "oppTTOIL5": 294.83,
        "oppTTOIL3": 177.25,
        "oppTTOIL1": 59.98
    },
    "fla": {
        "ttoi": 4256.139999999999,
        "ttoiL10": 600.65,
        "ttoiL5": 301.02,
        "ttoiL3": 184.57,
        "ttoiL1": 60.0,
        "oppTTOI": 4189.289999999999,
        "oppTTOIL10": 593.12,
        "oppTTOIL5": 300.37,
        "oppTTOIL3": 182.44,
        "oppTTOIL1": 59.97
    },
    "wpg": {
        "ttoi": 4258.540000000001,
        "ttoiL10": 595.5,
        "ttoiL5": 297.14,
        "ttoiL3": 177.22,
        "ttoiL1": 60.0,
        "oppTTOI": 4227.6900000000005,
        "oppTTOIL10": 591.9599999999999,
        "oppTTOIL5": 298.96,
        "oppTTOIL3": 177.57999999999998,
        "oppTTOIL1": 58.58
    },
    "min": {
        "ttoi": 4282.699999999999,
        "ttoiL10": 611.64,
        "ttoiL5": 305.85,
        "ttoiL3": 180.88,
        "ttoiL1": 62.08,
        "oppTTOI": 4215.110000000001,
        "oppTTOIL10": 588.7900000000001,
        "oppTTOIL5": 294.58,
        "oppTTOIL3": 175.27999999999997,
        "oppTTOIL1": 57.73
    },
    "ari": {
        "ttoi": 4254.55,
        "ttoiL10": 597.9100000000001,
        "ttoiL5": 302.21000000000004,
        "ttoiL3": 182.98000000000002,
        "ttoiL1": 59.03,
        "oppTTOI": 4256.559999999999,
        "oppTTOIL10": 593.9,
        "oppTTOIL5": 299.43,
        "oppTTOIL3": 179.43,
        "oppTTOIL1": 59.58
    },
    "vgk": {
        "ttoi": 4208.959999999999,
        "ttoiL10": 596.6400000000001,
        "ttoiL5": 299.12,
        "ttoiL3": 179.7,
        "ttoiL1": 60.0,
        "oppTTOI": 4212.65,
        "oppTTOIL10": 604.0200000000001,
        "oppTTOIL5": 301.1,
        "oppTTOIL3": 181.1,
        "oppTTOIL1": 58.83
    },