{
    "pit": {
        "ttoi": 4563.089999999999,
        "ttoiL10": 600.2,
        "ttoiL5": 304.63,
        "ttoiL3": 180.0,
        "ttoiL1": 60.0,
        "oppTTOI": 4564.7300000000005,
        "oppTTOIL10": 601.97,
        "oppTTOIL5": 297.87,
        "oppTTOIL3": 178.32,
        "oppTTOIL1": 59.5
    },
    "wsh": {
        "ttoi": 4545.7,
        "ttoiL10": 609.6800000000001,
        "ttoiL5": 303.58000000000004,
        "ttoiL3": 178.58,
        "ttoiL1": 59.43,
        "oppTTOI": 4581.84,
        "oppTTOIL10": 591.1,
        "oppTTOIL5": 297.37,
        "oppTTOIL3": 177.37,
        "oppTTOIL1": 60.0
    },
    "nj": {
        "ttoi": 4522.889999999999,
        "ttoiL10": 592.3299999999999,
        "ttoiL5": 295.38,
        "ttoiL3": 175.88,
        "ttoiL1": 58.25,
        "oppTTOI": 4530.530000000002,
        "oppTTOIL10": 594.0,
        "oppTTOIL5": 294.18,
        "oppTTOIL3": 178.03,
        "oppTTOIL1": 60.0
    },
    "nyr": {
        "ttoi": 4557.95,
        "ttoiL10": 606.2700000000001,
        "ttoiL5": 303.09000000000003,
        "ttoiL3": 178.24,
        "ttoiL1": 59.62,
        "oppTTOI": 4611.87,
        "oppTTOIL10": 593.76,
        "oppTTOIL5": 298.28,
        "oppTTOIL3": 176.4,
        "oppTTOIL1": 60.0
    },
    "cbj": {
        "ttoi": 4496.299999999999,
        "ttoiL10": 599.3100000000001,
        "ttoiL5": 299.01000000000005,
        "ttoiL3": 181.48000000000002,
        "ttoiL1": 57.05,
        "oppTTOI": 4572.52,
        "oppTTOIL10": 602.26,
        "oppTTOIL5": 304.35,
        "oppTTOIL3": 184.63,
        "oppTTOIL1": 65.0
    },
    "car": {
        "ttoi": 4627.459999999999,
        "ttoiL10": 602.55,
        "ttoiL5": 297.39,
        "ttoiL3": 179.32,
        "ttoiL1": 59.8,
        "oppTTOI": 4634.47,
        "oppTTOIL10": 604.18,
        "oppTTOIL5": 304.53,
        "oppTTOIL3": 185.76,
        "oppTTOIL1": 59.93
    },
    "col": {
        "ttoi": 4635.08,
        "ttoiL10": 608.11,
        "ttoiL5": 303.21,
        "ttoiL3": 178.48,
        "ttoiL1": 60.0,
        "oppTTOI": 4629.379999999998,
        "oppTTOIL10": 603.2099999999999,
        "oppTTOIL5": 300.53999999999996,
        "oppTTOIL3": 180.67,
        "oppTTOIL1": 60.85
    },
    "dal": {
        "ttoi": 4564.61,
        "ttoiL10": 595.46,
        "ttoiL5": 298.94,
        "ttoiL3": 178.99,
        "ttoiL1": 59.42,
        "oppTTOI": 4570.8899999999985,
        "oppTTOIL10": 600.82,
        "oppTTOIL5": 300.59000000000003,
        "oppTTOIL3": 175.72,
        "oppTTOIL1": 57.54
    },
    "det": {
        "ttoi": 4556.04,
        "ttoiL10": 597.67,
        "ttoiL5": 304.14,
        "ttoiL3": 182.22,
        "ttoiL1": 57.47,
        "oppTTOI": 4570.739999999999,
        "oppTTOIL10": 597.5799999999999,
        "oppTTOIL5": 299.16,
        "oppTTOIL3": 180.36,
        "oppTTOIL1": 59.22
    },
    "sj": {
        "ttoi": 4495.509999999999,
        "ttoiL10": 592.78,
        "ttoiL5": 296.96999999999997,
        "ttoiL3": 177.51999999999998,
        "ttoiL1": 58.12,
        "oppTTOI": 4506.85,
        "oppTTOIL10": 604.48,
        "oppTTOIL5": 303.25,
        "oppTTOIL3": 178.25,
        "oppTTOIL1": 59.77
    },
    "ott": {
        "ttoi": 4504.889999999999,
        "ttoiL10": 596.6800000000001,
        "ttoiL5": 298.09000000000003,
        "ttoiL3": 178.09,
        "ttoiL1": 59.81,
        "oppTTOI": 4496.879999999999,
        "oppTTOIL10": 600.36,
        "oppTTOIL5": 300.84000000000003,
        "oppTTOIL3": 183.42000000000002,
        "oppTTOIL1": 62.25
    },
    "edm": {
        "ttoi": 4504.24,
        "ttoiL10": 599.31,
        "ttoiL5": 301.07,
        "ttoiL3": 181.52,
        "ttoiL1": 59.55,
        "oppTTOI": 4510.410000000001,
        "oppTTOIL10": 594.59,
        "oppTTOIL5": 296.22,
        "oppTTOIL3": 178.55,
        "oppTTOIL1": 59.3
    },
    "bos": {
        "ttoi": 4667.050000000001,
        "ttoiL10": 601.64,
        "ttoiL5": 304.4,
        "ttoiL3": 184.8,
        "ttoiL1": 59.8,
        "oppTTOI": 4640.499999999999,
        "oppTTOIL10": 592.17,
        "oppTTOIL5": 297.54,
        "oppTTOIL3": 179.43,
        "oppTTOIL1": 60.0
    },
    "cgy": {
        "ttoi": 4489.269999999999,
        "ttoiL10": 586.13,
        "ttoiL5": 292.47,
        "ttoiL3": 178.02,
        "ttoiL1": 58.02,
        "oppTTOI": 4496.86,
        "oppTTOIL10": 593.8,
        "oppTTOIL5": 296.59999999999997,
        "oppTTOIL3": 178.95,
        "oppTTOIL1": 59.25
    },
    "sea": {
        "ttoi": 4595.319999999999,
        "ttoiL10": 600.4699999999999,
        "ttoiL5": 296.96999999999997,
        "ttoiL3": 178.82999999999998,
        "ttoiL1": 58.83,
        "oppTTOI": 4589.089999999999,
        "oppTTOIL10": 594.13,
        "oppTTOIL5": 297.48,
        "oppTTOIL3": 177.6,
        "oppTTOIL1": 57.6
    },
    "van": {
        "ttoi": 4559.64,
        "ttoiL10": 591.44,
        "ttoiL5": 293.79,
        "ttoiL3": 180.0,
        "ttoiL1": 60.0,
        "oppTTOI": 4537.58,
        "oppTTOIL10": 590.1700000000001,
        "oppTTOIL5": 296.72,
        "oppTTOIL3": 180.54,
        "oppTTOIL1": 61.7
    },
    "phi": {
        "ttoi": 4629.16,
        "ttoiL10": 588.09,
        "ttoiL5": 291.85,
        "ttoiL3": 173.45,
        "ttoiL1": 55.7,
        "oppTTOI": 4627.530000000002,
        "oppTTOIL10": 600.27,
        "oppTTOIL5": 307.41999999999996,
        "oppTTOIL3": 183.85,
        "oppTTOIL1": 60.0
    },
    "mtl": {
        "ttoi": 4537.39,
        "ttoiL10": 600.17,
        "ttoiL5": 296.6,
        "ttoiL3": 176.97,
        "ttoiL1": 57.3,
        "oppTTOI": 4539.69,
        "oppTTOIL10": 606.9000000000001,
        "oppTTOIL5": 303.8,
        "oppTTOIL3": 187.72,
        "oppTTOIL1": 60.0
    },
    "nyi": {
        "ttoi": 4575.149999999998,
        "ttoiL10": 593.8899999999999,
        "ttoiL5": 298.90999999999997,
        "ttoiL3": 179.81,
        "ttoiL1": 59.1,
        "oppTTOI": 4510.12,
        "oppTTOIL10": 600.37,
        "oppTTOIL5": 299.25,
        "oppTTOIL3": 180.95,
        "oppTTOIL1": 60.95
    },
    "la": {
        "ttoi": 4564.749999999999,
        "ttoiL10": 592.91,
        "ttoiL5": 293.63,
        "ttoiL3": 178.07,
        "ttoiL1": 59.35,
        "oppTTOI": 4573.8,
        "oppTTOIL10": 607.21,
        "oppTTOIL5": 306.12,
        "oppTTOIL3": 181.12,
        "oppTTOIL1": 57.37
    },
    "chi": {
        "ttoi": 4477.830000000001,
        "ttoiL10": 594.6600000000001,
        "ttoiL5": 294.83000000000004,
        "ttoiL3": 175.45000000000002,
        "ttoiL1": 57.93,
        "oppTTOI": 4485.440000000001,
        "oppTTOIL10": 593.1899999999999,
        "oppTTOIL5": 294.83,
        "oppTTOIL3": 177.25,
        "oppTTOIL1": 59.98
    },
    "fla": {
        "ttoi": 4614.669999999999,
        "ttoiL10": 600.25,
        "ttoiL5": 300.78000000000003,
        "ttoiL3": 178.23000000000002,
        "ttoiL1": 60.0,
        "oppTTOI": 4553.8,
        "oppTTOIL10": 593.12,
        "oppTTOIL5": 300.37,
        "oppTTOIL3": 182.44,
        "oppTTOIL1": 59.97
    },
    "wpg": {
        "ttoi": 4556.879999999999,
        "ttoiL10": 595.48,
        "ttoiL5": 298.34000000000003,
        "ttoiL3": 178.4,
        "ttoiL1": 59.92,
        "oppTTOI": 4525.530000000001,
        "oppTTOIL10": 591.9599999999999,
        "oppTTOIL5": 298.96,
        "oppTTOIL3": 177.57999999999998,
        "oppTTOIL1": 58.58
    },
    "min": {
        "ttoi": 4524.209999999999,
        "ttoiL10": 607.14,
        "ttoiL5": 303.59,
        "ttoiL3": 181.51,
        "ttoiL1": 58.48,
        "oppTTOI": 4456.340000000001,
        "oppTTOIL10": 589.89,
        "oppTTOIL5": 294.58,
        "oppTTOIL3": 175.27999999999997,
        "oppTTOIL1": 57.73
    },
    "ari": {
        "ttoi": 4551.82,
        "ttoiL10": 599.4799999999999,
        "ttoiL5": 297.27,
        "ttoiL3": 177.27,
        "ttoiL1": 60.0,
        "oppTTOI": 4554.44,
        "oppTTOIL10": 593.9,
        "oppTTOIL5": 299.43,
        "oppTTOIL3": 179.43,
        "oppTTOIL1": 59.58
    },