{
    "pit": {
        "ttoi": 3125.2799999999997,
        "ttoiL10": 598.8100000000001,
        "ttoiL5": 293.63,
        "ttoiL3": 177.32,
        "ttoiL1": 57.37,
        "oppTTOI": 3134.1400000000003,
        "oppTTOIL10": 602.1700000000001,
        "oppTTOIL5": 298.27,
        "oppTTOIL3": 178.32,
        "oppTTOIL1": 59.5
    },
    "la": {
        "ttoi": 3194.7800000000007,
        "ttoiL10": 605.11,
        "ttoiL5": 302.57,
        "ttoiL3": 182.57,
        "ttoiL1": 59.87,
        "oppTTOI": 3199.5399999999995,
        "oppTTOIL10": 606.0,
        "oppTTOIL5": 305.07000000000005,
        "oppTTOIL3": 180.64000000000001,
        "oppTTOIL1": 57.37
    },
    "chi": {
        "ttoi": 3344.7899999999995,
        "ttoiL10": 591.05,
        "ttoiL5": 298.37,
        "ttoiL3": 178.76999999999998,
        "ttoiL1": 59.37,
        "oppTTOI": 3354.94,
        "oppTTOIL10": 598.31,
        "oppTTOIL5": 300.76,
        "oppTTOIL3": 175.85999999999999,
        "oppTTOIL1": 59.98
    },
    "fla": {
        "ttoi": 3286.28,
        "ttoiL10": 602.83,
        "ttoiL5": 299.44000000000005,
        "ttoiL3": 179.92000000000002,
        "ttoiL1": 60.0,
        "oppTTOI": 3222.4199999999996,
        "oppTTOIL10": 592.84,
        "oppTTOIL5": 300.37,
        "oppTTOIL3": 182.44,
        "oppTTOIL1": 59.97
    },
    "wpg": {
        "ttoi": 3186.1900000000005,
        "ttoiL10": 605.7400000000001,
        "ttoiL5": 298.59000000000003,
        "ttoiL3": 179.09,
        "ttoiL1": 59.52,
        "oppTTOI": 3160.6099999999997,
        "oppTTOIL10": 591.36,
        "oppTTOIL5": 298.18,
        "oppTTOIL3": 177.71,
        "oppTTOIL1": 58.58
    },
    "min": {
        "ttoi": 3314.4,
        "ttoiL10": 597.01,
        "ttoiL5": 300.24,
        "ttoiL3": 180.39,
        "ttoiL1": 59.78,
        "oppTTOI": 3249.41,
        "oppTTOIL10": 597.8399999999999,
        "oppTTOIL5": 295.05999999999995,
        "oppTTOIL3": 175.27999999999997,
        "oppTTOIL1": 57.73
    },
    "mtl": {
        "ttoi": 3334.390000000001,
        "ttoiL10": 596.12,
        "ttoiL5": 295.65,
        "ttoiL3": 177.22,
        "ttoiL1": 57.67,
        "oppTTOI": 3331.8599999999997,
        "oppTTOIL10": 606.9,
        "oppTTOIL5": 303.79999999999995,
        "oppTTOIL3": 185.7,
        "oppTTOIL1": 62.72
    },
    "ari": {
        "ttoi": 3299.36,
        "ttoiL10": 592.18,
        "ttoiL5": 292.83,
        "ttoiL3": 176.27,
        "ttoiL1": 58.32,
        "oppTTOI": 3297.94,
        "oppTTOIL10": 593.9,
        "oppTTOIL5": 299.71,
        "oppTTOIL3": 179.43,
        "oppTTOIL1": 59.58
    },
    "vgk": {
        "ttoi": 3310.8399999999997,
        "ttoiL10": 596.68,
        "ttoiL5": 295.7,
        "ttoiL3": 175.7,
        "ttoiL1": 59.83,
        "oppTTOI": 3309.2799999999997,
        "oppTTOIL10": 604.0200000000001,
        "oppTTOIL5": 301.1,
        "oppTTOIL3": 181.1,
        "oppTTOIL1": 58.83
    },
    "sea": {
        "ttoi": 3333.5,
        "ttoiL10": 603.1,
        "ttoiL5": 301.95000000000005,
        "ttoiL3": 185.55,
        "ttoiL1": 60.83,
        "oppTTOI": 3330.6099999999997,
        "oppTTOIL10": 601.56,
        "oppTTOIL5": 299.53,
        "oppTTOIL3": 180.0,
        "oppTTOIL1": 60.0
    },
    "car": {
        "ttoi": 3306.9900000000002,
        "ttoiL10": 598.54,
        "ttoiL5": 301.17,
        "ttoiL3": 180.0,
        "ttoiL1": 60.0,
        "oppTTOI": 3309.8700000000013,
        "oppTTOIL10": 603.9,
        "oppTTOIL5": 304.6,
        "oppTTOIL3": 185.23,
        "oppTTOIL1": 60.83
    },
    "van": {
        "ttoi": 3428.6900000000005,
        "ttoiL10": 603.8799999999999,
        "ttoiL5": 298.96999999999997,
        "ttoiL3": 174.42,
        "ttoiL1": 58.17,
        "oppTTOI": 3405.89,
        "oppTTOIL10": 588.57,
        "oppTTOIL5": 294.62,
        "oppTTOIL3": 177.02,
        "oppTTOIL1": 61.12
    },
    "phi": {
        "ttoi": 3382.8899999999994,
        "ttoiL10": 595.2,
        "ttoiL5": 299.17,
        "ttoiL3": 179.32,
        "ttoiL1": 58.42,
        "oppTTOI": 3376.34,
        "oppTTOIL10": 600.4300000000001,
        "oppTTOIL5": 304.65,
        "oppTTOIL3": 187.42,
        "oppTTOIL1": 60.0
    },
    "buf": {
        "ttoi": 3276.0,
        "ttoiL10": 591.5,
        "ttoiL5": 296.04,
        "ttoiL3": 177.74,
        "ttoiL1": 58.88,
        "oppTTOI": 3291.39,
        "oppTTOIL10": 593.5300000000001,
        "oppTTOIL5": 294.83000000000004,
        "oppTTOIL3": 177.05,
        "oppTTOIL1": 58.3
    },
    "bos": {
        "ttoi": 3391.3099999999995,
        "ttoiL10": 607.1999999999999,
        "ttoiL5": 308.6,
        "ttoiL3": 186.76,
        "ttoiL1": 64.58,
        "oppTTOI": 3370.93,
        "oppTTOIL10": 590.4499999999999,
        "oppTTOIL5": 296.12,
        "oppTTOIL3": 178.61,
        "oppTTOIL1": 60.0
    },
    "wsh": {
        "ttoi": 3155.8599999999997,
        "ttoiL10": 602.53,
        "ttoiL5": 302.31,
        "ttoiL3": 182.79000000000002,
        "ttoiL1": 59.82,
        "oppTTOI": 3195.84,
        "oppTTOIL10": 600.93,
        "oppTTOIL5": 291.71,
        "oppTTOIL3": 176.01,
        "oppTTOIL1": 57.480000000000004
    },
    "nyi": {
        "ttoi": 3261.4599999999996,
        "ttoiL10": 599.66,
        "ttoiL5": 301.28999999999996,
        "ttoiL3": 181.29,
        "ttoiL1": 60.17,
        "oppTTOI": 3194.3799999999997,
        "oppTTOIL10": 607.89,
        "oppTTOIL5": 302.67,
        "oppTTOIL3": 180.37,
        "oppTTOIL1": 60.0
    },
    "stl": {
        "ttoi": 3282.729999999999,
        "ttoiL10": 597.42,
        "ttoiL5": 293.26,
        "ttoiL3": 174.13,
        "ttoiL1": 56.63,
        "oppTTOI": 3289.5200000000004,
        "oppTTOIL10": 597.6800000000001,
        "oppTTOIL5": 296.6,
        "oppTTOIL3": 177.4,
        "oppTTOIL1": 60.0
    },
    "ott": {
        "ttoi": 3113.8500000000004,
        "ttoiL10": 603.22,
        "ttoiL5": 297.76,
        "ttoiL3": 178.03,
        "ttoiL1": 60.0,
        "oppTTOI": 3105.5399999999995,
        "oppTTOIL10": 602.82,
        "oppTTOIL5": 300.99,
        "oppTTOIL3": 181.07,
        "oppTTOIL1": 61.17
    },
    "tor": {
        "ttoi": 3262.4699999999993,
        "ttoiL10": 601.64,
        "ttoiL5": 299.28000000000003,
        "ttoiL3": 180.65,
        "ttoiL1": 60.0,
        "oppTTOI": 3274.9500000000003,
        "oppTTOIL10": 603.98,
        "oppTTOIL5": 303.33000000000004,
        "oppTTOIL3": 183.33,
        "oppTTOIL1": 58.95
    },
    "tb": {
        "ttoi": 3407.4100000000003,
        "ttoiL10": 599.06,
        "ttoiL5": 301.1,
        "ttoiL3": 176.1,
        "ttoiL1": 56.37,
        "oppTTOI": 3417.440000000001,
        "oppTTOIL10": 594.9799999999999,
        "oppTTOIL5": 296.75,
        "oppTTOIL3": 177.18,
        "oppTTOIL1": 58.43
    },
    "nsh": {
        "ttoi": 3277.479999999999,
        "ttoiL10": 596.87,
        "ttoiL5": 298.83,
        "ttoiL3": 178.98,
        "ttoiL1": 60.0,
        "oppTTOI": 3287.73,
        "oppTTOIL10": 601.9599999999999,
        "oppTTOIL5": 301.78,
        "oppTTOIL3": 184.1,
        "oppTTOIL1": 59.92
    },
    "nyr": {
        "ttoi": 3234.4699999999993,
        "ttoiL10": 597.61,
        "ttoiL5": 298.75,
        "ttoiL3": 176.57,
        "ttoiL1": 57.1,
        "oppTTOI": 3296.5200000000004,
        "oppTTOIL10": 596.39,
        "oppTTOIL5": 299.4,
        "oppTTOIL3": 181.38,
        "oppTTOIL1": 59.5
    },
    "nj": {
        "ttoi": 3222.429999999999,
        "ttoiL10": 597.9100000000001,
        "ttoiL5": 301.46999999999997,
        "ttoiL3": 178.07,
        "ttoiL1": 60.0,
        "oppTTOI": 3224.8,
        "oppTTOIL10": 595.7499999999999,
        "oppTTOIL5": 296.15,
        "oppTTOIL3": 176.15,
        "oppTTOIL1": 60.0
    },
    "cbj": {
        "ttoi": 3127.9800000000005,
        "ttoiL10": 600.51,
        "ttoiL5": 291.72,
        "ttoiL3": 174.17,
        "ttoiL1": 58.87,
        "oppTTOI": 3196.310000000001,
        "oppTTOIL10": 599.14,
        "oppTTOIL5": 301.99,