{
    "ana": {
        "ttoi": 3989.5199999999995,
        "ttoiL10": 591.11,
        "ttoiL5": 295.1,
        "ttoiL3": 176.28,
        "ttoiL1": 59.6,
        "oppTTOI": 4004.95,
        "oppTTOIL10": 593.76,
        "oppTTOIL5": 302.36,
        "oppTTOIL3": 180.91,
        "oppTTOIL1": 59.48
    },
    "wpg": {
        "ttoi": 3961.4000000000005,
        "ttoiL10": 594.69,
        "ttoiL5": 298.36,
        "ttoiL3": 178.53,
        "ttoiL1": 60.0,
        "oppTTOI": 3931.2,
        "oppTTOIL10": 591.99,
        "oppTTOIL5": 295.78000000000003,
        "oppTTOIL3": 175.75,
        "oppTTOIL1": 59.6
    },
    "min": {
        "ttoi": 4036.8499999999995,
        "ttoiL10": 602.7799999999999,
        "ttoiL5": 305.78999999999996,
        "ttoiL3": 183.26,
        "ttoiL1": 60.0,
        "oppTTOI": 3968.5099999999998,
        "oppTTOIL10": 593.0799999999999,
        "oppTTOIL5": 293.26,
        "oppTTOIL3": 176.82999999999998,
        "oppTTOIL1": 57.48
    },
    "chi": {
        "ttoi": 4003.0,
        "ttoiL10": 600.09,
        "ttoiL5": 299.83,
        "ttoiL3": 179.82999999999998,
        "ttoiL1": 60.0,
        "oppTTOI": 4012.829999999999,
        "oppTTOIL10": 594.63,
        "oppTTOIL5": 294.93,
        "oppTTOIL3": 177.4,
        "oppTTOIL1": 59.2
    },
    "nyi": {
        "ttoi": 3917.979999999999,
        "ttoiL10": 595.5699999999999,
        "ttoiL5": 296.94,
        "ttoiL3": 176.94,
        "ttoiL1": 57.87,
        "oppTTOI": 3855.3900000000003,
        "oppTTOIL10": 599.93,
        "oppTTOIL5": 295.4,
        "oppTTOIL3": 177.37,
        "oppTTOIL1": 58.82
    },
    "dal": {
        "ttoi": 4086.47,
        "ttoiL10": 606.61,
        "ttoiL5": 299.11,
        "ttoiL3": 177.32,
        "ttoiL1": 60.0,
        "oppTTOI": 4098.5599999999995,
        "oppTTOIL10": 596.0899999999999,
        "oppTTOIL5": 303.69,
        "oppTTOIL3": 178.41,
        "oppTTOIL1": 60.0
    },
    "ott": {
        "ttoi": 3843.6600000000003,
        "ttoiL10": 608.21,
        "ttoiL5": 306.13,
        "ttoiL3": 185.35,
        "ttoiL1": 65.0,
        "oppTTOI": 3839.94,
        "oppTTOIL10": 599.13,
        "oppTTOIL5": 301.36,
        "oppTTOIL3": 179.68,
        "oppTTOIL1": 59.68
    },
    "van": {
        "ttoi": 4028.7000000000003,
        "ttoiL10": 600.01,
        "ttoiL5": 301.24,
        "ttoiL3": 180.19,
        "ttoiL1": 60.5,
        "oppTTOI": 4006.4899999999993,
        "oppTTOIL10": 601.42,
        "oppTTOIL5": 298.57,
        "oppTTOIL3": 177.4,
        "oppTTOIL1": 58.95
    },
    "nj": {
        "ttoi": 3930.5599999999995,
        "ttoiL10": 588.6800000000001,
        "ttoiL5": 296.71000000000004,
        "ttoiL3": 177.79000000000002,
        "ttoiL1": 60.0,
        "oppTTOI": 3939.5099999999998,
        "oppTTOIL10": 608.76,
        "oppTTOIL5": 304.88,
        "oppTTOIL3": 185.0,
        "oppTTOIL1": 60.0
    },
    "sj": {
        "ttoi": 3902.7300000000005,
        "ttoiL10": 600.19,
        "ttoiL5": 298.79,
        "ttoiL3": 176.97,
        "ttoiL1": 59.55,
        "oppTTOI": 3909.1799999999994,
        "oppTTOIL10": 600.2600000000001,
        "oppTTOIL5": 300.86,
        "oppTTOIL3": 181.4,
        "oppTTOIL1": 60.0
    },
    "nsh": {
        "ttoi": 4000.2699999999995,
        "ttoiL10": 603.1,
        "ttoiL5": 303.73,
        "ttoiL3": 183.45,
        "ttoiL1": 59.93,
        "oppTTOI": 3996.5000000000005,
        "oppTTOIL10": 591.43,
        "oppTTOIL5": 298.15999999999997,
        "oppTTOIL3": 176.56,
        "oppTTOIL1": 57.38
    },
    "la": {
        "ttoi": 3971.8400000000006,
        "ttoiL10": 593.94,
        "ttoiL5": 296.44,
        "ttoiL3": 176.32,
        "ttoiL1": 59.55,
        "oppTTOI": 3982.93,
        "oppTTOIL10": 604.83,
        "oppTTOIL5": 302.18,
        "oppTTOIL3": 184.52,
        "oppTTOIL1": 65.0
    },
    "cbj": {
        "ttoi": 3896.9900000000007,
        "ttoiL10": 596.64,
        "ttoiL5": 301.77,
        "ttoiL3": 183.05,
        "ttoiL1": 65.0,
        "oppTTOI": 3971.91,
        "oppTTOIL10": 599.31,
        "oppTTOIL5": 299.28,
        "oppTTOIL3": 179.4,
        "oppTTOIL1": 57.07
    },
    "buf": {
        "ttoi": 4006.57,
        "ttoiL10": 610.67,
        "ttoiL5": 304.82,
        "ttoiL3": 184.17000000000002,
        "ttoiL1": 60.0,
        "oppTTOI": 4018.91,
        "oppTTOIL10": 601.64,
        "oppTTOIL5": 299.62,
        "oppTTOIL3": 179.97,
        "oppTTOIL1": 60.0
    },
    "tor": {
        "ttoi": 3929.0099999999998,
        "ttoiL10": 606.89,
        "ttoiL5": 302.64,
        "ttoiL3": 179.93,
        "ttoiL1": 60.0,
        "oppTTOI": 3936.8399999999992,
        "oppTTOIL10": 614.14,
        "oppTTOIL5": 300.4,
        "oppTTOIL3": 180.4,
        "oppTTOIL1": 60.0
    },
    "mtl": {
        "ttoi": 3997.6400000000012,
        "ttoiL10": 605.0,
        "ttoiL5": 298.1,
        "ttoiL3": 178.3,
        "ttoiL1": 60.42,
        "oppTTOI": 3999.49,
        "oppTTOIL10": 599.59,
        "oppTTOIL5": 297.37,
        "oppTTOIL3": 176.95,
        "oppTTOIL1": 60.0
    },
    "edm": {
        "ttoi": 3839.9500000000003,
        "ttoiL10": 607.3499999999999,
        "ttoiL5": 303.97999999999996,
        "ttoiL3": 183.53,
        "ttoiL1": 59.8,
        "oppTTOI": 3843.6200000000003,
        "oppTTOIL10": 608.04,
        "oppTTOIL5": 299.87,
        "oppTTOIL3": 179.25,
        "oppTTOIL1": 59.25
    },
    "nyr": {
        "ttoi": 3892.499999999999,
        "ttoiL10": 598.28,
        "ttoiL5": 297.95,
        "ttoiL3": 179.35,
        "ttoiL1": 59.83,
        "oppTTOI": 3950.9700000000003,
        "oppTTOIL10": 597.77,
        "oppTTOIL5": 298.79,
        "oppTTOIL3": 176.74,
        "oppTTOIL1": 58.57
    },
    "wsh": {
        "ttoi": 3876.0199999999995,
        "ttoiL10": 600.26,
        "ttoiL5": 299.28,
        "ttoiL3": 179.65,
        "ttoiL1": 59.83,
        "oppTTOI": 3914.99,
        "oppTTOIL10": 605.0799999999999,
        "oppTTOIL5": 292.69,
        "oppTTOIL3": 175.7,
        "oppTTOIL1": 57.35
    },
    "fla": {
        "ttoi": 4014.4199999999996,
        "ttoiL10": 606.86,
        "ttoiL5": 298.93,
        "ttoiL3": 179.3,
        "ttoiL1": 59.3,
        "oppTTOI": 3946.67,
        "oppTTOIL10": 600.0500000000001,
        "oppTTOIL5": 297.75,
        "oppTTOIL3": 178.52,
        "oppTTOIL1": 60.8
    },
    "tb": {
        "ttoi": 3946.2000000000007,
        "ttoiL10": 595.16,
        "ttoiL5": 304.81,
        "ttoiL3": 179.13,
        "ttoiL1": 59.95,
        "oppTTOI": 3959.5800000000004,
        "oppTTOIL10": 607.84,
        "oppTTOIL5": 304.42,
        "oppTTOIL3": 180.0,
        "oppTTOIL1": 60.0
    },
    "car": {
        "ttoi": 3963.480000000001,
        "ttoiL10": 596.5400000000001,
        "ttoiL5": 296.75,
        "ttoiL3": 178.0,
        "ttoiL1": 60.0,
        "oppTTOI": 3967.32,
        "oppTTOIL10": 598.92,
        "oppTTOIL5": 297.22,
        "oppTTOIL3": 179.55,
        "oppTTOIL1": 60.0
    },
    "det": {
        "ttoi": 3958.3699999999994,
        "ttoiL10": 597.33,
        "ttoiL5": 297.61,
        "ttoiL3": 177.60999999999999,
        "ttoiL1": 59.48,
        "oppTTOI": 3970.159999999998,
        "oppTTOIL10": 593.64,
        "oppTTOIL5": 299.1,
        "oppTTOIL3": 179.1,
        "oppTTOIL1": 59.1
    },
    "ari": {
        "ttoi": 4012.34,
        "ttoiL10": 592.43,
        "ttoiL5": 297.96999999999997,
        "ttoiL3": 179.17,
        "ttoiL1": 60.0,
        "oppTTOI": 4014.560000000001,
        "oppTTOIL10": 593.5199999999999,
        "oppTTOIL5": 300.03,
        "oppTTOIL3": 178.15,
        "oppTTOIL1": 56.83
    },
    "vgk": {
        "ttoi": 3969.559999999999,
        "ttoiL10": 599.92,
        "ttoiL5": 297.27,
        "ttoiL3": 181.47,
        "ttoiL1": 59.72,
        "oppTTOI": 3974.6699999999996,
        "oppTTOIL10": 598.5,
        "oppTTOIL5": 297.73,
        "oppTTOIL3": 179.85,
        "oppTTOIL1": 60.0
    },
    "sea": {
        "ttoi": 3936.7299999999996,
        "ttoiL10": 603.23,
        "ttoiL5": 299.96,