{
    "pit": {
        "ttoi": 3067.91,
        "ttoiL10": 601.44,
        "ttoiL5": 296.26,
        "ttoiL3": 178.52999999999997,
        "ttoiL1": 59.98,
        "oppTTOI": 3074.2700000000004,
        "oppTTOIL10": 602.1700000000001,
        "oppTTOIL5": 298.27,
        "oppTTOIL3": 178.32,
        "oppTTOIL1": 59.5
    },
    "chi": {
        "ttoi": 3285.42,
        "ttoiL10": 592.05,
        "ttoiL5": 296.55,
        "ttoiL3": 177.12,
        "ttoiL1": 59.9,
        "oppTTOI": 3294.94,
        "oppTTOIL10": 594.06,
        "oppTTOIL5": 300.76,
        "oppTTOIL3": 175.85999999999999,
        "oppTTOIL1": 59.98
    },
    "fla": {
        "ttoi": 3286.28,
        "ttoiL10": 602.83,
        "ttoiL5": 299.44000000000005,
        "ttoiL3": 179.92000000000002,
        "ttoiL1": 60.0,
        "oppTTOI": 3222.4199999999996,
        "oppTTOIL10": 592.84,
        "oppTTOIL5": 300.37,
        "oppTTOIL3": 182.44,
        "oppTTOIL1": 59.97
    },
    "wpg": {
        "ttoi": 3126.6700000000005,
        "ttoiL10": 606.12,
        "ttoiL5": 299.07,
        "ttoiL3": 179.57,
        "ttoiL1": 59.92,
        "oppTTOI": 3100.61,
        "oppTTOIL10": 591.36,
        "oppTTOIL5": 298.18,
        "oppTTOIL3": 177.71,
        "oppTTOIL1": 58.58
    },
    "min": {
        "ttoi": 3254.62,
        "ttoiL10": 597.2,
        "ttoiL5": 300.39,
        "ttoiL3": 180.61,
        "ttoiL1": 61.48,
        "oppTTOI": 3191.24,
        "oppTTOIL10": 597.8399999999999,
        "oppTTOIL5": 295.05999999999995,
        "oppTTOIL3": 175.27999999999997,
        "oppTTOIL1": 57.73
    },
    "mtl": {
        "ttoi": 3334.390000000001,
        "ttoiL10": 596.12,
        "ttoiL5": 295.65,
        "ttoiL3": 177.22,
        "ttoiL1": 57.67,
        "oppTTOI": 3331.8599999999997,
        "oppTTOIL10": 606.9,
        "oppTTOIL5": 303.79999999999995,
        "oppTTOIL3": 185.7,
        "oppTTOIL1": 62.72
    },
    "ari": {
        "ttoi": 3182.9900000000002,
        "ttoiL10": 595.81,
        "ttoiL5": 295.94,
        "ttoiL3": 176.46,
        "ttoiL1": 59.9,
        "oppTTOI": 3178.1099999999997,
        "oppTTOIL10": 593.9,
        "oppTTOIL5": 299.71,
        "oppTTOIL3": 179.43,
        "oppTTOIL1": 59.58
    },
    "vgk": {
        "ttoi": 3251.0099999999998,
        "ttoiL10": 596.77,
        "ttoiL5": 294.34000000000003,
        "ttoiL3": 175.87,
        "ttoiL1": 58.15,
        "oppTTOI": 3249.66,
        "oppTTOIL10": 604.4000000000001,
        "oppTTOIL5": 301.1,
        "oppTTOIL3": 181.1,
        "oppTTOIL1": 58.83
    },
    "sea": {
        "ttoi": 3272.67,
        "ttoiL10": 601.72,
        "ttoiL5": 299.55,
        "ttoiL3": 182.87,
        "ttoiL1": 59.72,
        "oppTTOI": 3269.4899999999993,
        "oppTTOIL10": 601.56,
        "oppTTOIL5": 299.53,
        "oppTTOIL3": 180.0,
        "oppTTOIL1": 60.0
    },
    "car": {
        "ttoi": 3246.9900000000002,
        "ttoiL10": 596.89,
        "ttoiL5": 300.89,
        "ttoiL3": 177.6,
        "ttoiL1": 60.0,
        "oppTTOI": 3250.500000000001,
        "oppTTOIL10": 603.4,
        "oppTTOIL5": 304.88,
        "oppTTOIL3": 185.23,
        "oppTTOIL1": 60.83
    },
    "van": {
        "ttoi": 3370.5200000000004,
        "ttoiL10": 605.14,
        "ttoiL5": 301.1,
        "ttoiL3": 175.88,
        "ttoiL1": 56.65,
        "oppTTOI": 3346.1099999999997,
        "oppTTOIL10": 588.57,
        "oppTTOIL5": 294.62,
        "oppTTOIL3": 177.02,
        "oppTTOIL1": 61.12
    },
    "phi": {
        "ttoi": 3382.8899999999994,
        "ttoiL10": 595.2,
        "ttoiL5": 299.17,
        "ttoiL3": 179.32,
        "ttoiL1": 58.42,
        "oppTTOI": 3376.34,
        "oppTTOIL10": 600.4300000000001,
        "oppTTOIL5": 304.65,
        "oppTTOIL3": 187.42,
        "oppTTOIL1": 60.0
    },
    "buf": {
        "ttoi": 3217.1200000000003,
        "ttoiL10": 592.6200000000001,
        "ttoiL5": 296.44000000000005,
        "ttoiL3": 178.86,
        "ttoiL1": 59.78,
        "oppTTOI": 3231.39,
        "oppTTOIL10": 594.6300000000001,
        "oppTTOIL5": 294.83000000000004,
        "oppTTOIL3": 177.05,
        "oppTTOIL1": 58.3
    },
    "bos": {
        "ttoi": 3326.73,
        "ttoiL10": 602.55,
        "ttoiL5": 303.62000000000006,
        "ttoiL3": 186.60000000000002,
        "ttoiL1": 64.55,
        "oppTTOI": 3305.95,
        "oppTTOIL10": 590.4499999999999,
        "oppTTOIL5": 296.12,
        "oppTTOIL3": 178.61,
        "oppTTOIL1": 60.0
    },
    "wsh": {
        "ttoi": 3155.8599999999997,
        "ttoiL10": 602.53,
        "ttoiL5": 302.31,
        "ttoiL3": 182.79000000000002,
        "ttoiL1": 59.82,
        "oppTTOI": 3195.84,
        "oppTTOIL10": 600.93,
        "oppTTOIL5": 291.71,
        "oppTTOIL3": 176.01,
        "oppTTOIL1": 57.480000000000004
    },
    "nyi": {
        "ttoi": 3201.29,
        "ttoiL10": 597.76,
        "ttoiL5": 302.69,
        "ttoiL3": 181.12,
        "ttoiL1": 65.0,
        "oppTTOI": 3137.2799999999997,
        "oppTTOIL10": 607.89,
        "oppTTOIL5": 302.67,
        "oppTTOIL3": 180.37,
        "oppTTOIL1": 60.0
    },
    "stl": {
        "ttoi": 3226.0999999999995,
        "ttoiL10": 600.79,
        "ttoiL5": 296.63,
        "ttoiL3": 176.63,
        "ttoiL1": 57.83,
        "oppTTOI": 3229.5200000000004,
        "oppTTOIL10": 597.6800000000001,
        "oppTTOIL5": 296.6,
        "oppTTOIL3": 177.4,
        "oppTTOIL1": 60.0
    },
    "ott": {
        "ttoi": 3053.85,
        "ttoiL10": 602.27,
        "ttoiL5": 299.84,
        "ttoiL3": 177.76,
        "ttoiL1": 58.03,
        "oppTTOI": 3049.1699999999996,
        "oppTTOIL10": 602.82,
        "oppTTOIL5": 300.99,
        "oppTTOIL3": 181.07,
        "oppTTOIL1": 61.17
    },
    "tor": {
        "ttoi": 3202.4699999999993,
        "ttoiL10": 598.1899999999999,
        "ttoiL5": 299.23,
        "ttoiL3": 180.65,
        "ttoiL1": 59.75,
        "oppTTOI": 3218.32,
        "oppTTOIL10": 603.98,
        "oppTTOIL5": 303.33000000000004,
        "oppTTOIL3": 183.33,
        "oppTTOIL1": 58.95
    },
    "tb": {
        "ttoi": 3351.0400000000004,
        "ttoiL10": 598.44,
        "ttoiL5": 304.11,
        "ttoiL3": 184.73,
        "ttoiL1": 59.879999999999995,
        "oppTTOI": 3357.440000000001,
        "oppTTOIL10": 594.9799999999999,
        "oppTTOIL5": 296.75,
        "oppTTOIL3": 177.18,
        "oppTTOIL1": 58.43
    },
    "nsh": {
        "ttoi": 3277.479999999999,
        "ttoiL10": 596.87,
        "ttoiL5": 298.83,
        "ttoiL3": 178.98,
        "ttoiL1": 60.0,
        "oppTTOI": 3287.73,
        "oppTTOIL10": 601.9599999999999,
        "oppTTOIL5": 301.78,
        "oppTTOIL3": 184.1,
        "oppTTOIL1": 59.92
    },
    "nyr": {
        "ttoi": 3177.369999999999,
        "ttoiL10": 599.06,
        "ttoiL5": 303.53000000000003,
        "ttoiL3": 181.65,
        "ttoiL1": 59.47,
        "oppTTOI": 3236.3500000000004,
        "oppTTOIL10": 596.39,
        "oppTTOIL5": 299.4,
        "oppTTOIL3": 181.38,
        "oppTTOIL1": 59.5
    },
    "nj": {
        "ttoi": 3222.429999999999,
        "ttoiL10": 597.9100000000001,
        "ttoiL5": 301.46999999999997,
        "ttoiL3": 178.07,
        "ttoiL1": 60.0,
        "oppTTOI": 3224.8,
        "oppTTOIL10": 595.7499999999999,
        "oppTTOIL5": 296.15,
        "oppTTOIL3": 176.15,
        "oppTTOIL1": 60.0
    },
    "cbj": {
        "ttoi": 3127.9800000000005,
        "ttoiL10": 600.51,
        "ttoiL5": 291.72,
        "ttoiL3": 174.17,
        "ttoiL1": 58.87,
        "oppTTOI": 3196.310000000001,
        "oppTTOIL10": 599.14,
        "oppTTOIL5": 301.99,
        "oppTTOIL3": 182.26999999999998,
        "oppTTOIL1": 60.0
    },
    "la": {
        "ttoi": 3134.9100000000008,
        "ttoiL10": 605.19,
        "ttoiL5": 302.45,
        "ttoiL3": 182.7,
        "ttoiL1": 63.47,
        "oppTTOI": 3142.1699999999996,
        "oppTTOIL10": 613.6300000000001,
        "oppTTOIL5": 306.72,
        "oppTTOIL3": 187.70000000000002,
        "oppTTOIL1": 63.75
    },