{
    "pit": {
        "ttoi": 3484.78,
        "ttoiL10": 595.4000000000001,
        "ttoiL5": 298.55,
        "ttoiL3": 178.55,
        "ttoiL1": 59.25,
        "oppTTOI": 3491.9500000000003,
        "oppTTOIL10": 602.1700000000001,
        "oppTTOIL5": 298.27,
        "oppTTOIL3": 178.32,
        "oppTTOIL1": 59.5
    },
    "cgy": {
        "ttoi": 3605.0400000000004,
        "ttoiL10": 602.11,
        "ttoiL5": 303.8,
        "ttoiL3": 179.87,
        "ttoiL1": 60.0,
        "oppTTOI": 3600.1399999999994,
        "oppTTOIL10": 598.52,
        "oppTTOIL5": 295.90000000000003,
        "oppTTOIL3": 176.65,
        "oppTTOIL1": 59.25
    },
    "sea": {
        "ttoi": 3636.77,
        "ttoiL10": 605.2199999999999,
        "ttoiL5": 303.27,
        "ttoiL3": 183.35,
        "ttoiL1": 58.35,
        "oppTTOI": 3630.5799999999995,
        "oppTTOIL10": 601.26,
        "oppTTOIL5": 297.48,
        "oppTTOIL3": 177.6,
        "oppTTOIL1": 57.6
    },
    "van": {
        "ttoi": 3727.46,
        "ttoiL10": 597.74,
        "ttoiL5": 298.77,
        "ttoiL3": 181.62,
        "ttoiL1": 60.0,
        "oppTTOI": 3708.9400000000005,
        "oppTTOIL10": 592.57,
        "oppTTOIL5": 296.72,
        "oppTTOIL3": 180.54,
        "oppTTOIL1": 61.7
    },
    "phi": {
        "ttoi": 3737.44,
        "ttoiL10": 593.87,
        "ttoiL5": 294.55,
        "ttoiL3": 180.0,
        "ttoiL1": 60.0,
        "oppTTOI": 3727.9900000000002,
        "oppTTOIL10": 600.85,
        "oppTTOIL5": 305.53999999999996,
        "oppTTOIL3": 183.85,
        "oppTTOIL1": 60.0
    },
    "mtl": {
        "ttoi": 3699.5400000000013,
        "ttoiL10": 602.37,
        "ttoiL5": 306.90000000000003,
        "ttoiL3": 189.92000000000002,
        "ttoiL1": 65.0,
        "oppTTOI": 3699.92,
        "oppTTOIL10": 606.9000000000001,
        "oppTTOIL5": 303.8,
        "oppTTOIL3": 187.72,
        "oppTTOIL1": 60.0
    },
    "nyi": {
        "ttoi": 3621.0399999999995,
        "ttoiL10": 600.87,
        "ttoiL5": 298.63,
        "ttoiL3": 182.9,
        "ttoiL1": 60.0,
        "oppTTOI": 3557.2,
        "oppTTOIL10": 603.84,
        "oppTTOIL5": 300.09,
        "oppTTOIL3": 180.95,
        "oppTTOIL1": 60.95
    },
    "la": {
        "ttoi": 3553.8,
        "ttoiL10": 601.59,
        "ttoiL5": 299.02,
        "ttoiL3": 175.9,
        "ttoiL1": 60.0,
        "oppTTOI": 3564.0599999999995,
        "oppTTOIL10": 612.19,
        "oppTTOIL5": 310.07000000000005,
        "oppTTOIL3": 186.12,
        "oppTTOIL1": 57.37
    },
    "chi": {
        "ttoi": 3643.3500000000004,
        "ttoiL10": 596.93,
        "ttoiL5": 298.56,
        "ttoiL3": 181.44,
        "ttoiL1": 59.72,
        "oppTTOI": 3656.8799999999997,
        "oppTTOIL10": 600.03,
        "oppTTOIL5": 300.76,
        "oppTTOIL3": 175.85999999999999,
        "oppTTOIL1": 59.98
    },
    "fla": {
        "ttoi": 3655.4900000000002,
        "ttoiL10": 608.6500000000001,
        "ttoiL5": 307.61,
        "ttoiL3": 184.25,
        "ttoiL1": 59.62,
        "oppTTOI": 3591.8299999999995,
        "oppTTOIL10": 593.07,
        "oppTTOIL5": 300.37,
        "oppTTOIL3": 182.44,
        "oppTTOIL1": 59.97
    },
    "wpg": {
        "ttoi": 3545.340000000001,
        "ttoiL10": 598.24,
        "ttoiL5": 299.4,
        "ttoiL3": 178.63,
        "ttoiL1": 60.0,
        "oppTTOI": 3513.2299999999996,
        "oppTTOIL10": 590.3599999999999,
        "oppTTOIL5": 298.96,
        "oppTTOIL3": 177.57999999999998,
        "oppTTOIL1": 58.58
    },
    "min": {
        "ttoi": 3671.059999999999,
        "ttoiL10": 597.0500000000001,
        "ttoiL5": 296.99,
        "ttoiL3": 177.19,
        "ttoiL1": 58.7,
        "oppTTOI": 3608.4500000000003,
        "oppTTOIL10": 597.8399999999999,
        "oppTTOIL5": 295.05999999999995,
        "oppTTOIL3": 175.27999999999997,
        "oppTTOIL1": 57.73
    },
    "ari": {
        "ttoi": 3596.6400000000003,
        "ttoiL10": 590.11,
        "ttoiL5": 297.28000000000003,
        "ttoiL3": 176.73000000000002,
        "ttoiL1": 60.0,
        "oppTTOI": 3597.3700000000003,
        "oppTTOIL10": 593.9,
        "oppTTOIL5": 299.71,
        "oppTTOIL3": 179.43,
        "oppTTOIL1": 59.58
    },
    "vgk": {
        "ttoi": 3672.2899999999995,
        "ttoiL10": 597.15,
        "ttoiL5": 302.65,
        "ttoiL3": 178.12,
        "ttoiL1": 59.97,
        "oppTTOI": 3673.599999999999,
        "oppTTOIL10": 604.0200000000001,
        "oppTTOIL5": 301.1,
        "oppTTOIL3": 181.1,
        "oppTTOIL1": 58.83
    },
    "car": {
        "ttoi": 3666.730000000001,
        "ttoiL10": 597.34,
        "ttoiL5": 299.79,
        "ttoiL3": 177.22,
        "ttoiL1": 57.22,
        "oppTTOI": 3669.5800000000004,
        "oppTTOIL10": 603.9,
        "oppTTOIL5": 304.6,
        "oppTTOIL3": 185.23,
        "oppTTOIL1": 60.83
    },
    "buf": {
        "ttoi": 3642.27,
        "ttoiL10": 604.01,
        "ttoiL5": 306.27,
        "ttoiL3": 181.37,
        "ttoiL1": 60.0,
        "oppTTOI": 3651.89,
        "oppTTOIL10": 598.5300000000001,
        "oppTTOIL5": 294.83000000000004,
        "oppTTOIL3": 177.05,
        "oppTTOIL1": 58.3
    },
    "bos": {
        "ttoi": 3764.7300000000005,
        "ttoiL10": 624.6,
        "ttoiL5": 310.25,
        "ttoiL3": 185.0,
        "ttoiL1": 60.0,
        "oppTTOI": 3742.0499999999997,
        "oppTTOIL10": 596.5799999999999,
        "oppTTOIL5": 296.12,
        "oppTTOIL3": 178.61,
        "oppTTOIL1": 60.0
    },
    "wsh": {
        "ttoi": 3518.8099999999995,
        "ttoiL10": 605.74,
        "ttoiL5": 302.95,
        "ttoiL3": 179.78,
        "ttoiL1": 60.0,
        "oppTTOI": 3556.75,
        "oppTTOIL10": 600.93,
        "oppTTOIL5": 291.71,
        "oppTTOIL3": 176.01,
        "oppTTOIL1": 57.480000000000004
    },
    "stl": {
        "ttoi": 3582.98,
        "ttoiL10": 593.51,
        "ttoiL5": 300.25,
        "ttoiL3": 180.38,
        "ttoiL1": 60.0,
        "oppTTOI": 3591.9000000000005,
        "oppTTOIL10": 597.6800000000001,
        "oppTTOIL5": 296.6,
        "oppTTOIL3": 177.4,
        "oppTTOIL1": 60.0
    },
    "ott": {
        "ttoi": 3537.53,
        "ttoiL10": 601.71,
        "ttoiL5": 302.08,
        "ttoiL3": 177.07999999999998,
        "ttoiL1": 57.85,
        "oppTTOI": 3531.669999999999,
        "oppTTOIL10": 602.82,
        "oppTTOIL5": 300.99,
        "oppTTOIL3": 181.07,
        "oppTTOIL1": 61.17
    },
    "tor": {
        "ttoi": 3626.37,
        "ttoiL10": 604.55,
        "ttoiL5": 304.25,
        "ttoiL3": 184.25,
        "ttoiL1": 64.8,
        "oppTTOI": 3635.569999999999,
        "oppTTOIL10": 603.98,
        "oppTTOIL5": 303.33000000000004,
        "oppTTOIL3": 183.33,
        "oppTTOIL1": 58.95
    },
    "tb": {
        "ttoi": 3767.070000000001,
        "ttoiL10": 600.76,
        "ttoiL5": 301.31,
        "ttoiL3": 181.36,
        "ttoiL1": 64.53,
        "oppTTOI": 3779.860000000001,
        "oppTTOIL10": 594.9799999999999,
        "oppTTOIL5": 296.75,
        "oppTTOIL3": 177.18,
        "oppTTOIL1": 58.43
    },
    "nsh": {
        "ttoi": 3696.539999999999,
        "ttoiL10": 598.04,
        "ttoiL5": 299.37,
        "ttoiL3": 179.92000000000002,
        "ttoiL1": 59.92,
        "oppTTOI": 3699.38,
        "oppTTOIL10": 597.74,
        "oppTTOIL5": 299.61,
        "oppTTOIL3": 184.1,
        "oppTTOIL1": 59.92
    },
    "nyr": {
        "ttoi": 3594.5499999999993,
        "ttoiL10": 598.8299999999999,
        "ttoiL5": 300.33,
        "ttoiL3": 180.68,
        "ttoiL1": 64.2,
        "oppTTOI": 3654.1499999999996,
        "oppTTOIL10": 596.39,
        "oppTTOIL5": 299.4,
        "oppTTOIL3": 181.38,
        "oppTTOIL1": 59.5
    },
    "nj": {
        "ttoi": 3577.599999999999,
        "ttoiL10": 592.97,
        "ttoiL5": 295.39,
        "ttoiL3": 175.72,
        "ttoiL1": 56.45,
        "oppTTOI": 3582.140000000001,
        "oppTTOIL10": 599.19,
        "oppTTOIL5": 296.15,
        "oppTTOIL3": 176.15,
        "oppTTOIL1": 60.0
    },