{
    "pit": {
        "ttoi": 3499.39,
        "ttoiL10": 599.43,
        "ttoiL5": 301.62,
        "ttoiL3": 176.72,
        "ttoiL1": 58.42,
        "oppTTOI": 3500.44,
        "oppTTOIL10": 611.98,
        "oppTTOIL5": 308.58,
        "oppTTOIL3": 182.07999999999998,
        "oppTTOIL1": 59.5
    },
    "nyr": {
        "ttoi": 3348.06,
        "ttoiL10": 596.97,
        "ttoiL5": 297.43,
        "ttoiL3": 180.0,
        "ttoiL1": 60.0,
        "oppTTOI": 3343.55,
        "oppTTOIL10": 591.32,
        "oppTTOIL5": 296.4,
        "oppTTOIL3": 176.8,
        "oppTTOIL1": 58.42
    },
    "wsh": {
        "ttoi": 3313.91,
        "ttoiL10": 601.16,
        "ttoiL5": 300.95,
        "ttoiL3": 179.93,
        "ttoiL1": 60.0,
        "oppTTOI": 3283.78,
        "oppTTOIL10": 592.45,
        "oppTTOIL5": 298.93,
        "oppTTOIL3": 179.26,
        "oppTTOIL1": 60.0
    },
    "phi": {
        "ttoi": 3370.7,
        "ttoiL10": 593.2,
        "ttoiL5": 298.29,
        "ttoiL3": 177.82999999999998,
        "ttoiL1": 60.0,
        "oppTTOI": 3378.94,
        "oppTTOIL10": 601.03,
        "oppTTOIL5": 296.98,
        "oppTTOIL3": 179.11,
        "oppTTOIL1": 58.3
    },
    "nj": {
        "ttoi": 3345.6,
        "ttoiL10": 600.98,
        "ttoiL5": 301.71000000000004,
        "ttoiL3": 178.44,
        "ttoiL1": 60.0,
        "oppTTOI": 3352.52,
        "oppTTOIL10": 597.19,
        "oppTTOIL5": 304.08,
        "oppTTOIL3": 184.07999999999998,
        "oppTTOIL1": 65.0
    },
    "nsh": {
        "ttoi": 3208.52,
        "ttoiL10": 588.5,
        "ttoiL5": 297.94,
        "ttoiL3": 179.38,
        "ttoiL1": 60.0,
        "oppTTOI": 3291.05,
        "oppTTOIL10": 598.47,
        "oppTTOIL5": 304.1,
        "oppTTOIL3": 181.12,
        "oppTTOIL1": 60.0
    },
    "utah": {
        "ttoi": 3435.22,
        "ttoiL10": 607.17,
        "ttoiL5": 307.23,
        "ttoiL3": 177.97,
        "ttoiL1": 60.0,
        "oppTTOI": 3446.06,
        "oppTTOIL10": 604.89,
        "oppTTOIL5": 308.35,
        "oppTTOIL3": 182.52,
        "oppTTOIL1": 63.9
    },
    "sj": {
        "ttoi": 3393.56,
        "ttoiL10": 591.95,
        "ttoiL5": 296.29,
        "ttoiL3": 178.84,
        "ttoiL1": 59.07,
        "oppTTOI": 3422.62,
        "oppTTOIL10": 599.15,
        "oppTTOIL5": 301.54,
        "oppTTOIL3": 181.61,
        "oppTTOIL1": 57.93
    },
    "sea": {
        "ttoi": 3438.82,
        "ttoiL10": 597.54,
        "ttoiL5": 302.32,
        "ttoiL3": 181.3,
        "ttoiL1": 58.33,
        "oppTTOI": 3464.22,
        "oppTTOIL10": 591.58,
        "oppTTOIL5": 296.9,
        "oppTTOIL3": 178.22,
        "oppTTOIL1": 59.6
    },
    "ana": {
        "ttoi": 3319.2400000000002,
        "ttoiL10": 607.56,
        "ttoiL5": 309.46,
        "ttoiL3": 189.66,
        "ttoiL1": 61.08,
        "oppTTOI": 3314.72,
        "oppTTOIL10": 598.54,
        "oppTTOIL5": 294.9,
        "oppTTOIL3": 177.14,
        "oppTTOIL1": 56.38
    },
    "la": {
        "ttoi": 3179.96,
        "ttoiL10": 605.4,
        "ttoiL5": 309.64,
        "ttoiL3": 189.97,
        "ttoiL1": 59.97,
        "oppTTOI": 3164.36,
        "oppTTOIL10": 601.51,
        "oppTTOIL5": 308.45,
        "oppTTOIL3": 185.04,
        "oppTTOIL1": 60.0
    },
    "buf": {
        "ttoi": 3099.66,
        "ttoiL10": 593.28,
        "ttoiL5": 298.25,
        "ttoiL3": 178.25,
        "ttoiL1": 60.0,
        "oppTTOI": 3113.55,
        "oppTTOIL10": 609.69,
        "oppTTOIL5": 302.8,
        "oppTTOIL3": 180.55,
        "oppTTOIL1": 60.0
    },
    "tb": {
        "ttoi": 3220.88,
        "ttoiL10": 591.4,
        "ttoiL5": 298.37,
        "ttoiL3": 179.82,
        "ttoiL1": 60.0,
        "oppTTOI": 3230.94,
        "oppTTOIL10": 604.94,
        "oppTTOIL5": 307.82,
        "oppTTOIL3": 182.3,
        "oppTTOIL1": 58.7
    },
    "ott": {
        "ttoi": 3339.15,
        "ttoiL10": 592.48,
        "ttoiL5": 293.39,
        "ttoiL3": 175.41,
        "ttoiL1": 60.0,
        "oppTTOI": 3344.17,
        "oppTTOIL10": 601.83,
        "oppTTOIL5": 302.99,
        "oppTTOIL3": 181.04,
        "oppTTOIL1": 59.9
    },
    "edm": {
        "ttoi": 3400.87,
        "ttoiL10": 601.88,
        "ttoiL5": 299.85,
        "ttoiL3": 176.68,
        "ttoiL1": 59.7,
        "oppTTOI": 3345.21,
        "oppTTOIL10": 599.52,
        "oppTTOIL5": 299.0,
        "oppTTOIL3": 181.2,
        "oppTTOIL1": 59.95
    },
    "cbj": {
        "ttoi": 3375.58,
        "ttoiL10": 601.37,
        "ttoiL5": 297.5,
        "ttoiL3": 183.07,
        "ttoiL1": 60.0,
        "oppTTOI": 3370.14,
        "oppTTOIL10": 610.75,
        "oppTTOIL5": 304.05,
        "oppTTOIL3": 183.35,
        "oppTTOIL1": 65.0
    },
    "car": {
        "ttoi": 3333.81,
        "ttoiL10": 592.58,
        "ttoiL5": 290.98,
        "ttoiL3": 174.16,
        "ttoiL1": 57.28,
        "oppTTOI": 3353.13,
        "oppTTOIL10": 599.11,
        "oppTTOIL5": 300.05,
        "oppTTOIL3": 181.43,
        "oppTTOIL1": 61.5
    },
    "fla": {
        "ttoi": 3360.4900000000002,
        "ttoiL10": 588.81,
        "ttoiL5": 294.78,
        "ttoiL3": 176.85,
        "ttoiL1": 57.08,
        "oppTTOI": 3359.58,
        "oppTTOIL10": 602.04,
        "oppTTOIL5": 305.64,
        "oppTTOIL3": 185.79,
        "oppTTOIL1": 64.27
    },
    "det": {
        "ttoi": 3374.78,
        "ttoiL10": 618.56,
        "ttoiL5": 313.61,
        "ttoiL3": 184.94,
        "ttoiL1": 63.63,
        "oppTTOI": 3358.55,
        "oppTTOIL10": 597.42,
        "oppTTOIL5": 298.09000000000003,
        "oppTTOIL3": 179.82,
        "oppTTOIL1": 58.55
    },
    "nyi": {
        "ttoi": 3290.81,
        "ttoiL10": 594.34,
        "ttoiL5": 291.77,
        "ttoiL3": 175.01999999999998,
        "ttoiL1": 58.12,
        "oppTTOI": 3290.28,
        "oppTTOIL10": 598.74,
        "oppTTOIL5": 300.94,
        "oppTTOIL3": 181.62,
        "oppTTOIL1": 59.37
    },
    "mtl": {
        "ttoi": 3298.21,
        "ttoiL10": 594.98,
        "ttoiL5": 297.21,
        "ttoiL3": 179.63,
        "ttoiL1": 60.0,
        "oppTTOI": 3302.08,
        "oppTTOIL10": 602.15,
        "oppTTOIL5": 300.0,
        "oppTTOIL3": 180.0,
        "oppTTOIL1": 60.0
    },
    "col": {
        "ttoi": 3432.57,
        "ttoiL10": 589.59,
        "ttoiL5": 294.14,
        "ttoiL3": 176.47,
        "ttoiL1": 57.4,
        "oppTTOI": 3447.37,
        "oppTTOIL10": 588.64,
        "oppTTOIL5": 298.17,
        "oppTTOIL3": 179.1,
        "oppTTOIL1": 59.35
    },
    "tor": {
        "ttoi": 3342.89,
        "ttoiL10": 593.08,
        "ttoiL5": 297.27,
        "ttoiL3": 177.26999999999998,
        "ttoiL1": 59.65,
        "oppTTOI": 3319.0,
        "oppTTOIL10": 588.33,
        "oppTTOIL5": 294.1,
        "oppTTOIL3": 175.8,
        "oppTTOIL1": 59.52
    },
    "cgy": {
        "ttoi": 3306.41,
        "ttoiL10": 592.15,
        "ttoiL5": 298.52,
        "ttoiL3": 181.19,
        "ttoiL1": 60.0,
        "oppTTOI": 3304.79,
        "oppTTOIL10": 597.9,
        "oppTTOIL5": 300.1,
        "oppTTOIL3": 184.3,
        "oppTTOIL1": 59.3
    },
    "bos": {
        "ttoi": 3371.64,
        "ttoiL10": 595.46,
        "ttoiL5": 299.98,
        "ttoiL3": 180.1,
        "ttoiL1": 62.85,
        "oppTTOI": 3364.92,
        "oppTTOIL10": 609.58,
        "oppTTOIL5": 302.03,
        "oppTTOIL3": 183.57,
        "oppTTOIL1": 59.92
    },
    "wpg": {
        "ttoi": 3360.31,
        "ttoiL10": 605.5,
        "ttoiL5": 306.6,
        "ttoiL3": 184.7,
        "ttoiL1": 64.78,
        "oppTTOI": 3345.35,
        "oppTTOIL10": 599.28,
        "oppTTOIL5": 300.66,
        "oppTTOIL3": 176.6,
        "oppTTOIL1": 59.05
    },
    "dal": {
        "ttoi": 3286.86,
        "ttoiL10": 602.23,
        "ttoiL5": 302.87,
        "ttoiL3": 180.0,
        "ttoiL1": 60.0,
        "oppTTOI": 3269.72,
        "oppTTOIL10": 601.11,
        "oppTTOIL5": 297.63,
        "oppTTOIL3": 179.45,
        "oppTTOIL1": 60.0
    },
    "min": {
        "ttoi": 3366.08,
        "ttoiL10": 598.79,