{
    "pit": {
        "ttoi": 4443.089999999999,
        "ttoiL10": 596.87,
        "ttoiL5": 305.41,
        "ttoiL3": 184.63,
        "ttoiL1": 60.0,
        "oppTTOI": 4446.2,
        "oppTTOIL10": 601.97,
        "oppTTOIL5": 297.87,
        "oppTTOIL3": 178.32,
        "oppTTOIL1": 59.5
    },
    "nyr": {
        "ttoi": 4438.33,
        "ttoiL10": 605.66,
        "ttoiL5": 309.07,
        "ttoiL3": 183.47,
        "ttoiL1": 58.62,
        "oppTTOI": 4496.150000000001,
        "oppTTOIL10": 593.76,
        "oppTTOIL5": 298.28,
        "oppTTOIL3": 176.4,
        "oppTTOIL1": 60.0
    },
    "cbj": {
        "ttoi": 4439.25,
        "ttoiL10": 607.26,
        "ttoiL5": 301.96000000000004,
        "ttoiL3": 181.98000000000002,
        "ttoiL1": 60.0,
        "oppTTOI": 4513.42,
        "oppTTOIL10": 602.26,
        "oppTTOIL5": 304.35,
        "oppTTOIL3": 184.63,
        "oppTTOIL1": 65.0
    },
    "car": {
        "ttoi": 4508.14,
        "ttoiL10": 604.66,
        "ttoiL5": 302.03,
        "ttoiL3": 178.07,
        "ttoiL1": 60.0,
        "oppTTOI": 4515.240000000001,
        "oppTTOIL10": 604.18,
        "oppTTOIL5": 304.53,
        "oppTTOIL3": 185.76,
        "oppTTOIL1": 59.93
    },
    "col": {
        "ttoi": 4515.08,
        "ttoiL10": 607.8100000000001,
        "ttoiL5": 303.43,
        "ttoiL3": 183.21,
        "ttoiL1": 58.48,
        "oppTTOI": 4511.3499999999985,
        "oppTTOIL10": 603.2099999999999,
        "oppTTOIL5": 300.53999999999996,
        "oppTTOIL3": 180.67,
        "oppTTOIL1": 60.85
    },
    "dal": {
        "ttoi": 4505.19,
        "ttoiL10": 596.04,
        "ttoiL5": 299.44,
        "ttoiL3": 179.57,
        "ttoiL1": 60.0,
        "oppTTOI": 4511.069999999998,
        "oppTTOIL10": 600.82,
        "oppTTOIL5": 300.59000000000003,
        "oppTTOIL3": 175.72,
        "oppTTOIL1": 57.54
    },
    "nj": {
        "ttoi": 4405.389999999999,
        "ttoiL10": 593.6999999999999,
        "ttoiL5": 297.88,
        "ttoiL3": 177.88,
        "ttoiL1": 58.38,
        "oppTTOI": 4410.530000000001,
        "oppTTOIL10": 597.57,
        "oppTTOIL5": 294.18,
        "oppTTOIL3": 176.3,
        "oppTTOIL1": 58.03
    },
    "det": {
        "ttoi": 4498.570000000001,
        "ttoiL10": 599.6800000000001,
        "ttoiL5": 304.65000000000003,
        "ttoiL3": 184.75,
        "ttoiL1": 59.75,
        "oppTTOI": 4511.119999999999,
        "oppTTOIL10": 597.5799999999999,
        "oppTTOIL5": 299.16,
        "oppTTOIL3": 180.36,
        "oppTTOIL1": 59.22
    },
    "sj": {
        "ttoi": 4437.389999999999,
        "ttoiL10": 594.2099999999999,
        "ttoiL5": 298.93,
        "ttoiL3": 178.85000000000002,
        "ttoiL1": 59.4,
        "oppTTOI": 4447.5,
        "oppTTOIL10": 604.48,
        "oppTTOIL5": 303.25,
        "oppTTOIL3": 178.25,
        "oppTTOIL1": 59.77
    },
    "ott": {
        "ttoi": 4386.799999999999,
        "ttoiL10": 608.14,
        "ttoiL5": 299.87,
        "ttoiL3": 180.0,
        "ttoiL1": 60.0,
        "oppTTOI": 4376.9,
        "oppTTOIL10": 600.36,
        "oppTTOIL5": 300.84000000000003,
        "oppTTOIL3": 183.42000000000002,
        "oppTTOIL1": 62.25
    },
    "edm": {
        "ttoi": 4384.87,
        "ttoiL10": 604.7199999999999,
        "ttoiL5": 301.7,
        "ttoiL3": 181.7,
        "ttoiL1": 62.15,
        "oppTTOI": 4390.99,
        "oppTTOIL10": 594.59,
        "oppTTOIL5": 296.22,
        "oppTTOIL3": 178.55,
        "oppTTOIL1": 59.3
    },
    "bos": {
        "ttoi": 4547.250000000002,
        "ttoiL10": 600.22,
        "ttoiL5": 301.6,
        "ttoiL3": 184.6,
        "ttoiL1": 65.0,
        "oppTTOI": 4522.129999999999,
        "oppTTOIL10": 596.5799999999999,
        "oppTTOIL5": 297.54,
        "oppTTOIL3": 179.43,
        "oppTTOIL1": 60.0
    },
    "wsh": {
        "ttoi": 4367.120000000001,
        "ttoiL10": 610.7500000000001,
        "ttoiL5": 311.1,
        "ttoiL3": 186.92000000000002,
        "ttoiL1": 65.0,
        "oppTTOI": 4402.040000000001,
        "oppTTOIL10": 595.78,
        "oppTTOIL5": 295.9,
        "oppTTOIL3": 177.37,
        "oppTTOIL1": 59.89
    },
    "cgy": {
        "ttoi": 4371.249999999999,
        "ttoiL10": 588.11,
        "ttoiL5": 290.9,
        "ttoiL3": 174.45,
        "ttoiL1": 60.0,
        "oppTTOI": 4376.94,
        "oppTTOIL10": 593.8,
        "oppTTOIL5": 296.59999999999997,
        "oppTTOIL3": 178.95,
        "oppTTOIL1": 59.25
    },
    "sea": {
        "ttoi": 4476.489999999999,
        "ttoiL10": 598.31,
        "ttoiL5": 298.14,
        "ttoiL3": 178.14,
        "ttoiL1": 60.0,
        "oppTTOI": 4470.17,
        "oppTTOIL10": 595.21,
        "oppTTOIL5": 297.48,
        "oppTTOIL3": 177.6,
        "oppTTOIL1": 57.6
    },
    "van": {
        "ttoi": 4439.64,
        "ttoiL10": 591.13,
        "ttoiL5": 293.78999999999996,
        "ttoiL3": 173.79,
        "ttoiL1": 60.0,
        "oppTTOI": 4419.910000000001,
        "oppTTOIL10": 590.1700000000001,
        "oppTTOIL5": 296.72,
        "oppTTOIL3": 180.54,
        "oppTTOIL1": 61.7
    },
    "phi": {
        "ttoi": 4573.46,
        "ttoiL10": 591.91,
        "ttoiL5": 293.77,
        "ttoiL3": 175.55,
        "ttoiL1": 58.15,
        "oppTTOI": 4567.530000000002,
        "oppTTOIL10": 600.27,
        "oppTTOIL5": 307.41999999999996,
        "oppTTOIL3": 183.85,
        "oppTTOIL1": 60.0
    },
    "mtl": {
        "ttoi": 4420.090000000001,
        "ttoiL10": 600.75,
        "ttoiL5": 299.3,
        "ttoiL3": 179.3,
        "ttoiL1": 59.67,
        "oppTTOI": 4419.69,
        "oppTTOIL10": 606.9000000000001,
        "oppTTOIL5": 303.8,
        "oppTTOIL3": 187.72,
        "oppTTOIL1": 60.0
    },
    "nyi": {
        "ttoi": 4456.269999999999,
        "ttoiL10": 596.16,
        "ttoiL5": 297.53,
        "ttoiL3": 180.03,
        "ttoiL1": 60.93,
        "oppTTOI": 4395.139999999999,
        "oppTTOIL10": 600.41,
        "oppTTOIL5": 300.14,
        "oppTTOIL3": 180.95,
        "oppTTOIL1": 60.95
    },
    "la": {
        "ttoi": 4445.4,
        "ttoiL10": 589.88,
        "ttoiL5": 293.56,
        "ttoiL3": 174.28,
        "ttoiL1": 58.72,
        "oppTTOI": 4455.68,
        "oppTTOIL10": 607.19,
        "oppTTOIL5": 306.12,
        "oppTTOIL3": 181.12,
        "oppTTOIL1": 57.37
    },
    "chi": {
        "ttoi": 4419.9000000000015,
        "ttoiL10": 596.73,
        "ttoiL5": 296.9,
        "ttoiL3": 177.52,
        "ttoiL1": 60.0,
        "oppTTOI": 4425.660000000001,
        "oppTTOIL10": 593.1899999999999,
        "oppTTOIL5": 294.83,
        "oppTTOIL3": 177.25,
        "oppTTOIL1": 59.98
    },
    "fla": {
        "ttoi": 4494.669999999999,
        "ttoiL10": 599.55,
        "ttoiL5": 298.53,
        "ttoiL3": 180.78,
        "ttoiL1": 58.230000000000004,
        "oppTTOI": 4433.989999999999,
        "oppTTOIL10": 593.12,
        "oppTTOIL5": 300.37,
        "oppTTOIL3": 182.44,
        "oppTTOIL1": 59.97
    },
    "wpg": {
        "ttoi": 4496.959999999999,
        "ttoiL10": 595.56,
        "ttoiL5": 298.41999999999996,
        "ttoiL3": 177.1,
        "ttoiL1": 60.0,
        "oppTTOI": 4467.51,
        "oppTTOIL10": 591.9599999999999,
        "oppTTOIL5": 298.96,
        "oppTTOIL3": 177.57999999999998,
        "oppTTOIL1": 58.58
    },
    "min": {
        "ttoi": 4405.749999999999,
        "ttoiL10": 614.6899999999999,
        "ttoiL5": 303.93,
        "ttoiL3": 185.13,
        "ttoiL1": 63.05,
        "oppTTOI": 4338.06,
        "oppTTOIL10": 589.89,
        "oppTTOIL5": 294.58,
        "oppTTOIL3": 175.27999999999997,
        "oppTTOIL1": 57.73
    },
    "ari": {
        "ttoi": 4434.150000000001,
        "ttoiL10": 600.98,
        "ttoiL5": 302.58,
        "ttoiL3": 179.6,
        "ttoiL1": 59.6,
        "oppTTOI": 4434.539999999999,
        "oppTTOIL10": 593.9,
        "oppTTOIL5": 299.43,
        "oppTTOIL3": 179.43,
        "oppTTOIL1": 59.58
    },
    "vgk": {
        "ttoi": 4453.829999999998,
        "ttoiL10": 605.74,