{
    "pit": {
        "ttoi": 2526.4700000000003,
        "ttoiL10": 597.73,
        "ttoiL5": 300.25,
        "ttoiL3": 181.95,
        "ttoiL1": 60.0,
        "oppTTOI": 2527.9900000000002,
        "oppTTOIL10": 601.2700000000001,
        "oppTTOIL5": 300.45,
        "oppTTOIL3": 178.82,
        "oppTTOIL1": 60.0
    },
    "sea": {
        "ttoi": 2611.37,
        "ttoiL10": 601.63,
        "ttoiL5": 299.58,
        "ttoiL3": 179.75,
        "ttoiL1": 59.75,
        "oppTTOI": 2606.4599999999996,
        "oppTTOIL10": 605.03,
        "oppTTOIL5": 299.53,
        "oppTTOIL3": 179.88,
        "oppTTOIL1": 60.0
    },
    "car": {
        "ttoi": 2590.1,
        "ttoiL10": 602.75,
        "ttoiL5": 304.78,
        "ttoiL3": 179.78,
        "ttoiL1": 58.099999999999994,
        "oppTTOI": 2596.8500000000004,
        "oppTTOIL10": 603.75,
        "oppTTOIL5": 304.88,
        "oppTTOIL3": 185.23,
        "oppTTOIL1": 60.83
    },
    "van": {
        "ttoi": 2646.0100000000007,
        "ttoiL10": 604.23,
        "ttoiL5": 307.51,
        "ttoiL3": 187.93,
        "ttoiL1": 65.0,
        "oppTTOI": 2630.29,
        "oppTTOIL10": 589.25,
        "oppTTOIL5": 296.22,
        "oppTTOIL3": 178.72,
        "oppTTOIL1": 61.12
    },
    "phi": {
        "ttoi": 2670.0399999999995,
        "ttoiL10": 612.83,
        "ttoiL5": 308.28,
        "ttoiL3": 183.45,
        "ttoiL1": 59.93,
        "oppTTOI": 2662.97,
        "oppTTOIL10": 600.4300000000001,
        "oppTTOIL5": 304.65,
        "oppTTOIL3": 187.42,
        "oppTTOIL1": 60.0
    },
    "buf": {
        "ttoi": 2624.5,
        "ttoiL10": 596.41,
        "ttoiL5": 297.90999999999997,
        "ttoiL3": 177.91,
        "ttoiL1": 59.83,
        "oppTTOI": 2633.4699999999993,
        "oppTTOIL10": 595.46,
        "oppTTOIL5": 294.36,
        "oppTTOIL3": 177.05,
        "oppTTOIL1": 58.3
    },
    "bos": {
        "ttoi": 2604.2099999999996,
        "ttoiL10": 606.12,
        "ttoiL5": 308.92,
        "ttoiL3": 181.82000000000002,
        "ttoiL1": 59.88,
        "oppTTOI": 2578.38,
        "oppTTOIL10": 590.1500000000001,
        "oppTTOIL5": 296.12,
        "oppTTOIL3": 178.61,
        "oppTTOIL1": 60.0
    },
    "wsh": {
        "ttoi": 2433.33,
        "ttoiL10": 602.28,
        "ttoiL5": 297.45,
        "ttoiL3": 178.43,
        "ttoiL1": 58.48,
        "oppTTOI": 2478.0899999999997,
        "oppTTOIL10": 603.1500000000001,
        "oppTTOIL5": 294.36,
        "oppTTOIL3": 176.01,
        "oppTTOIL1": 57.480000000000004
    },
    "nyi": {
        "ttoi": 2603.5299999999997,
        "ttoiL10": 599.63,
        "ttoiL5": 300.06,
        "ttoiL3": 180.23,
        "ttoiL1": 60.0,
        "oppTTOI": 2531.68,
        "oppTTOIL10": 608.7199999999999,
        "oppTTOIL5": 300.27,
        "oppTTOIL3": 178.77,
        "oppTTOIL1": 60.0
    },
    "stl": {
        "ttoi": 2508.15,
        "ttoiL10": 599.96,
        "ttoiL5": 302.65999999999997,
        "ttoiL3": 180.34,
        "ttoiL1": 59.4,
        "oppTTOI": 2508.21,
        "oppTTOIL10": 598.3000000000001,
        "oppTTOIL5": 296.6,
        "oppTTOIL3": 177.4,
        "oppTTOIL1": 60.0
    },
    "ott": {
        "ttoi": 2268.3500000000004,
        "ttoiL10": 595.11,
        "ttoiL5": 294.34000000000003,
        "ttoiL3": 177.84,
        "ttoiL1": 60.0,
        "oppTTOI": 2266.57,
        "oppTTOIL10": 604.5300000000001,
        "oppTTOIL5": 301.09000000000003,
        "oppTTOIL3": 181.09,
        "oppTTOIL1": 61.17
    },
    "min": {
        "ttoi": 2597.4200000000005,
        "ttoiL10": 600.25,
        "ttoiL5": 303.57,
        "ttoiL3": 183.6,
        "ttoiL1": 60.0,
        "oppTTOI": 2545.83,
        "oppTTOIL10": 608.59,
        "oppTTOIL5": 304.21000000000004,
        "oppTTOIL3": 179.21,
        "oppTTOIL1": 60.0
    },
    "tor": {
        "ttoi": 2486.37,
        "ttoiL10": 597.88,
        "ttoiL5": 297.95,
        "ttoiL3": 178.02,
        "ttoiL1": 59.22,
        "oppTTOI": 2500.0600000000004,
        "oppTTOIL10": 610.06,
        "oppTTOIL5": 305.53000000000003,
        "oppTTOIL3": 183.33,
        "oppTTOIL1": 58.95
    },
    "mtl": {
        "ttoi": 2619.2200000000003,
        "ttoiL10": 604.43,
        "ttoiL5": 307.8,
        "ttoiL3": 177.8,
        "ttoiL1": 60.0,
        "oppTTOI": 2613.38,
        "oppTTOIL10": 608.38,
        "oppTTOIL5": 299.5,
        "oppTTOIL3": 181.07999999999998,
        "oppTTOIL1": 65.0
    },
    "ari": {
        "ttoi": 2463.6099999999997,
        "ttoiL10": 605.2700000000001,
        "ttoiL5": 302.98,
        "ttoiL3": 183.72,
        "ttoiL1": 59.65,
        "oppTTOI": 2456.13,
        "oppTTOIL10": 591.7,
        "oppTTOIL5": 298.0,
        "oppTTOIL3": 176.68,
        "oppTTOIL1": 59.85
    },
    "fla": {
        "ttoi": 2564.65,
        "ttoiL10": 601.9499999999999,
        "ttoiL5": 302.46999999999997,
        "ttoiL3": 182.76999999999998,
        "ttoiL1": 60.8,
        "oppTTOI": 2499.46,
        "oppTTOIL10": 586.8900000000001,
        "oppTTOIL5": 295.0,
        "oppTTOIL3": 176.35,
        "oppTTOIL1": 58.42
    },
    "tb": {
        "ttoi": 2632.649999999999,
        "ttoiL10": 603.26,
        "ttoiL5": 301.69,
        "ttoiL3": 183.52999999999997,
        "ttoiL1": 60.0,
        "oppTTOI": 2642.17,
        "oppTTOIL10": 594.9799999999999,
        "oppTTOIL5": 296.75,
        "oppTTOIL3": 177.18,
        "oppTTOIL1": 58.43
    },
    "nsh": {
        "ttoi": 2620.7399999999993,
        "ttoiL10": 597.89,
        "ttoiL5": 294.08,
        "ttoiL3": 176.75,
        "ttoiL1": 56.87,
        "oppTTOI": 2629.31,
        "oppTTOIL10": 601.9599999999999,
        "oppTTOIL5": 301.78,
        "oppTTOIL3": 184.1,
        "oppTTOIL1": 59.92
    },
    "nyr": {
        "ttoi": 2460.7800000000007,
        "ttoiL10": 597.5600000000001,
        "ttoiL5": 299.36,
        "ttoiL3": 175.10999999999999,
        "ttoiL1": 60.0,
        "oppTTOI": 2517.8799999999997,
        "oppTTOIL10": 588.85,
        "oppTTOIL5": 296.92999999999995,
        "oppTTOIL3": 178.95,
        "oppTTOIL1": 59.5
    },
    "vgk": {
        "ttoi": 2654.2400000000002,
        "ttoiL10": 589.38,
        "ttoiL5": 298.65,
        "ttoiL3": 178.65,
        "ttoiL1": 59.9,
        "oppTTOI": 2661.4799999999996,
        "oppTTOIL10": 605.4699999999999,
        "oppTTOIL5": 302.27,
        "oppTTOIL3": 182.27,
        "oppTTOIL1": 60.0
    },
    "nj": {
        "ttoi": 2446.8199999999997,
        "ttoiL10": 599.58,
        "ttoiL5": 298.58,
        "ttoiL3": 179.95,
        "ttoiL1": 58.08,
        "oppTTOI": 2445.8499999999995,
        "oppTTOIL10": 594.9799999999999,
        "oppTTOIL5": 296.15,
        "oppTTOIL3": 176.15,
        "oppTTOIL1": 60.0
    },
    "cbj": {
        "ttoi": 2592.4700000000007,
        "ttoiL10": 617.0699999999999,
        "ttoiL5": 310.71,
        "ttoiL3": 182.63,
        "ttoiL1": 65.0,
        "oppTTOI": 2655.7300000000005,
        "oppTTOIL10": 602.92,
        "oppTTOIL5": 300.14,
        "oppTTOIL3": 182.26999999999998,
        "oppTTOIL1": 60.0
    },
    "la": {
        "ttoi": 2412.32,
        "ttoiL10": 607.9300000000001,
        "ttoiL5": 302.6,
        "ttoiL3": 181.32999999999998,
        "ttoiL1": 60.0,
        "oppTTOI": 2420.6999999999994,
        "oppTTOIL10": 609.2,
        "oppTTOIL5": 300.39,
        "oppTTOIL3": 183.27,
        "oppTTOIL1": 63.75
    },
    "ana": {
        "ttoi": 2559.1699999999996,
        "ttoiL10": 595.0500000000001,
        "ttoiL5": 299.45000000000005,
        "ttoiL3": 180.8,
        "ttoiL1": 60.8,
        "oppTTOI": 2573.0000000000005,
        "oppTTOIL10": 595.62,
        "oppTTOIL5": 299.43,
        "oppTTOIL3": 179.43,
        "oppTTOIL1": 59.85
    },
    "sj": {
        "ttoi": 2630.0400000000004,
        "ttoiL10": 595.5899999999999,
        "ttoiL5": 299.45,
        "ttoiL3": 179.45,
        "ttoiL1": 59.53,
        "oppTTOI": 2637.4199999999996,
        "oppTTOIL10": 598.83,
        "oppTTOIL5": 298.58000000000004,
        "oppTTOIL3": 178.93,