{
    "pit": {
        "ttoi": 2831.65,
        "ttoiL10": 605.4299999999998,
        "ttoiL5": 305.17999999999995,
        "ttoiL3": 186.76999999999998,
        "ttoiL1": 60.0,
        "oppTTOI": 2834.9200000000005,
        "oppTTOIL10": 602.6700000000001,
        "oppTTOIL5": 300.45,
        "oppTTOIL3": 178.82,
        "oppTTOIL1": 60.0
    },
    "wpg": {
        "ttoi": 2887.6000000000004,
        "ttoiL10": 602.8299999999998,
        "ttoiL5": 307.15,
        "ttoiL3": 183.94,
        "ttoiL1": 60.0,
        "oppTTOI": 2866.5,
        "oppTTOIL10": 591.38,
        "oppTTOIL5": 296.17,
        "oppTTOIL3": 181.38,
        "oppTTOIL1": 60.0
    },
    "mtl": {
        "ttoi": 3038.7400000000007,
        "ttoiL10": 597.32,
        "ttoiL5": 300.47,
        "ttoiL3": 182.0,
        "ttoiL1": 60.0,
        "oppTTOI": 3032.5699999999997,
        "oppTTOIL10": 607.77,
        "oppTTOIL5": 302.21999999999997,
        "oppTTOIL3": 185.7,
        "oppTTOIL1": 62.72
    },
    "fla": {
        "ttoi": 2986.8400000000006,
        "ttoiL10": 604.96,
        "ttoiL5": 303.39,
        "ttoiL3": 184.12,
        "ttoiL1": 57.17,
        "oppTTOI": 2923.97,
        "oppTTOIL10": 592.87,
        "oppTTOIL5": 301.2,
        "oppTTOIL3": 180.4,
        "oppTTOIL1": 64.05
    },
    "ari": {
        "ttoi": 2887.0500000000006,
        "ttoiL10": 607.1600000000001,
        "ttoiL5": 299.87,
        "ttoiL3": 179.87,
        "ttoiL1": 60.0,
        "oppTTOI": 2877.4100000000003,
        "oppTTOIL10": 598.62,
        "oppTTOIL5": 299.71,
        "oppTTOIL3": 179.43,
        "oppTTOIL1": 59.58
    },
    "vgk": {
        "ttoi": 3075.1400000000003,
        "ttoiL10": 599.55,
        "ttoiL5": 301.05,
        "ttoiL3": 178.47,
        "ttoiL1": 60.0,
        "oppTTOI": 3071.78,
        "oppTTOIL10": 604.4000000000001,
        "oppTTOIL5": 301.1,
        "oppTTOIL3": 181.1,
        "oppTTOIL1": 58.83
    },
    "sea": {
        "ttoi": 3031.55,
        "ttoiL10": 599.9300000000001,
        "ttoiL5": 301.15000000000003,
        "ttoiL3": 181.48000000000002,
        "ttoiL1": 58.43,
        "oppTTOI": 3027.1299999999997,
        "oppTTOIL10": 601.56,
        "oppTTOIL5": 299.53,
        "oppTTOIL3": 180.0,
        "oppTTOIL1": 60.0
    },
    "car": {
        "ttoi": 2946.1,
        "ttoiL10": 600.78,
        "ttoiL5": 296.0,
        "ttoiL3": 177.65,
        "ttoiL1": 57.7,
        "oppTTOI": 2951.6500000000005,
        "oppTTOIL10": 603.4,
        "oppTTOIL5": 304.88,
        "oppTTOIL3": 185.23,
        "oppTTOIL1": 60.83
    },
    "van": {
        "ttoi": 3009.420000000001,
        "ttoiL10": 610.9200000000001,
        "ttoiL5": 303.41,
        "ttoiL3": 184.61,
        "ttoiL1": 60.0,
        "oppTTOI": 2987.4899999999993,
        "oppTTOIL10": 588.9,
        "oppTTOIL5": 294.9,
        "oppTTOIL3": 177.3,
        "oppTTOIL1": 61.12
    },
    "phi": {
        "ttoi": 3083.7199999999993,
        "ttoiL10": 597.13,
        "ttoiL5": 296.03,
        "ttoiL3": 179.98,
        "ttoiL1": 60.0,
        "oppTTOI": 3078.76,
        "oppTTOIL10": 600.4300000000001,
        "oppTTOIL5": 304.65,
        "oppTTOIL3": 187.42,
        "oppTTOIL1": 60.0
    },
    "buf": {
        "ttoi": 2979.96,
        "ttoiL10": 593.3699999999999,
        "ttoiL5": 295.46,
        "ttoiL3": 179.28,
        "ttoiL1": 59.28,
        "oppTTOI": 2989.99,
        "oppTTOIL10": 594.6300000000001,
        "oppTTOIL5": 294.83000000000004,
        "oppTTOIL3": 177.05,
        "oppTTOIL1": 58.3
    },
    "bos": {
        "ttoi": 3023.109999999999,
        "ttoiL10": 600.7199999999999,
        "ttoiL5": 298.93,
        "ttoiL3": 181.33,
        "ttoiL1": 59.65,
        "oppTTOI": 2997.7600000000007,
        "oppTTOIL10": 590.4499999999999,
        "oppTTOIL5": 296.12,
        "oppTTOIL3": 178.61,
        "oppTTOIL1": 60.0
    },
    "wsh": {
        "ttoi": 2853.5499999999993,
        "ttoiL10": 598.6500000000001,
        "ttoiL5": 300.22,
        "ttoiL3": 181.82,
        "ttoiL1": 59.97,
        "oppTTOI": 2895.83,
        "oppTTOIL10": 600.93,
        "oppTTOIL5": 291.71,
        "oppTTOIL3": 176.01,
        "oppTTOIL1": 57.480000000000004
    },
    "nyi": {
        "ttoi": 3020.1699999999996,
        "ttoiL10": 596.87,
        "ttoiL5": 298.0,
        "ttoiL3": 179.92,
        "ttoiL1": 60.0,
        "oppTTOI": 2952.9,
        "oppTTOIL10": 609.31,
        "oppTTOIL5": 302.67,
        "oppTTOIL3": 180.37,
        "oppTTOIL1": 60.0
    },
    "stl": {
        "ttoi": 2929.47,
        "ttoiL10": 601.66,
        "ttoiL5": 304.16,
        "ttoiL3": 182.26000000000002,
        "ttoiL1": 58.17,
        "oppTTOI": 2931.59,
        "oppTTOIL10": 597.6800000000001,
        "oppTTOIL5": 296.6,
        "oppTTOIL3": 177.4,
        "oppTTOIL1": 60.0
    },
    "ott": {
        "ttoi": 2816.09,
        "ttoiL10": 607.7400000000001,
        "ttoiL5": 305.46000000000004,
        "ttoiL3": 183.66000000000003,
        "ttoiL1": 62.08,
        "oppTTOI": 2813.7699999999995,
        "oppTTOIL10": 607.26,
        "oppTTOIL5": 301.09000000000003,
        "oppTTOIL3": 181.09,
        "oppTTOIL1": 61.17
    },
    "min": {
        "ttoi": 2954.23,
        "ttoiL10": 600.41,
        "ttoiL5": 296.81,
        "ttoiL3": 176.84,
        "ttoiL1": 58.02,
        "oppTTOI": 2900.83,
        "oppTTOIL10": 602.2099999999999,
        "oppTTOIL5": 297.56,
        "oppTTOIL3": 179.78,
        "oppTTOIL1": 60.0
    },
    "tor": {
        "ttoi": 2903.2399999999993,
        "ttoiL10": 594.8900000000001,
        "ttoiL5": 298.96,
        "ttoiL3": 182.54,
        "ttoiL1": 58.32,
        "oppTTOI": 2921.19,
        "oppTTOIL10": 608.98,
        "oppTTOIL5": 305.53000000000003,
        "oppTTOIL3": 183.33,
        "oppTTOIL1": 58.95
    },
    "tb": {
        "ttoi": 2988.35,
        "ttoiL10": 597.66,
        "ttoiL5": 295.7,
        "ttoiL3": 180.0,
        "ttoiL1": 60.0,
        "oppTTOI": 2996.9600000000005,
        "oppTTOIL10": 594.9799999999999,
        "oppTTOIL5": 296.75,
        "oppTTOIL3": 177.18,
        "oppTTOIL1": 58.43
    },
    "nsh": {
        "ttoi": 3036.929999999999,
        "ttoiL10": 592.94,
        "ttoiL5": 299.34,
        "ttoiL3": 181.16,
        "ttoiL1": 58.28,
        "oppTTOI": 3048.3,
        "oppTTOIL10": 601.9599999999999,
        "oppTTOIL5": 301.78,
        "oppTTOIL3": 184.1,
        "oppTTOIL1": 59.92
    },
    "nyr": {
        "ttoi": 2935.7199999999993,
        "ttoiL10": 592.57,
        "ttoiL5": 298.86,
        "ttoiL3": 177.38,
        "ttoiL1": 61.88,
        "oppTTOI": 2997.1600000000003,
        "oppTTOIL10": 593.48,
        "oppTTOIL5": 299.0,
        "oppTTOIL3": 178.07,
        "oppTTOIL1": 59.5
    },
    "nj": {
        "ttoi": 2862.859999999999,
        "ttoiL10": 595.9899999999999,
        "ttoiL5": 298.05999999999995,
        "ttoiL3": 175.76,
        "ttoiL1": 60.0,
        "oppTTOI": 2866.8700000000003,
        "oppTTOIL10": 589.93,
        "oppTTOIL5": 296.15,
        "oppTTOIL3": 176.15,
        "oppTTOIL1": 60.0
    },
    "cbj": {
        "ttoi": 2953.810000000001,
        "ttoiL10": 607.0500000000001,
        "ttoiL5": 301.34,
        "ttoiL3": 181.57,
        "ttoiL1": 59.77,
        "oppTTOI": 3016.86,
        "oppTTOIL10": 597.1999999999999,
        "oppTTOIL5": 301.54999999999995,
        "oppTTOIL3": 182.26999999999998,
        "oppTTOIL1": 60.0
    },
    "la": {
        "ttoi": 2892.210000000001,
        "ttoiL10": 596.2400000000001,
        "ttoiL5": 302.54,
        "ttoiL3": 180.62,
        "ttoiL1": 59.75,
        "oppTTOI": 2902.399999999999,
        "oppTTOIL10": 613.6300000000001,
        "oppTTOIL5": 306.72,
        "oppTTOIL3": 187.70000000000002,
        "oppTTOIL1": 63.75
    },
    "ana": {
        "ttoi": 2977.0899999999997,
        "ttoiL10": 598.72,
        "ttoiL5": 302.62,
        "ttoiL3": 184.08,
        "ttoiL1": 63.45,
        "oppTTOI": 2993.0700000000006,
        "oppTTOIL10": 602.9000000000001,
        "oppTTOIL5": 303.55,