{
    "pit": {
        "ttoi": 2108.74,
        "ttoiL10": 608.39,
        "ttoiL5": 306.17,
        "ttoiL3": 180.0,
        "ttoiL1": 60.0,
        "oppTTOI": 2106.48,
        "oppTTOIL10": 599.5899999999999,
        "oppTTOIL5": 303.16999999999996,
        "oppTTOIL3": 178.82,
        "oppTTOIL1": 60.0
    },
    "nyi": {
        "ttoi": 2182.9299999999994,
        "ttoiL10": 605.1199999999999,
        "ttoiL5": 300.45,
        "ttoiL3": 179.03,
        "ttoiL1": 59.03,
        "oppTTOI": 2111.6200000000003,
        "oppTTOIL10": 606.9699999999999,
        "oppTTOIL5": 300.27,
        "oppTTOIL3": 178.77,
        "oppTTOIL1": 60.0
    },
    "stl": {
        "ttoi": 2145.49,
        "ttoiL10": 593.17,
        "ttoiL5": 297.28000000000003,
        "ttoiL3": 177.3,
        "ttoiL1": 58.47,
        "oppTTOI": 2147.91,
        "oppTTOIL10": 593.3000000000001,
        "oppTTOIL5": 296.6,
        "oppTTOIL3": 177.4,
        "oppTTOIL1": 60.0
    },
    "ott": {
        "ttoi": 1914.3199999999997,
        "ttoiL10": 595.65,
        "ttoiL5": 300.46,
        "ttoiL3": 180.0,
        "ttoiL1": 60.0,
        "oppTTOI": 1906.6500000000003,
        "oppTTOIL10": 604.44,
        "oppTTOIL5": 300.92,
        "oppTTOIL3": 181.17000000000002,
        "oppTTOIL1": 61.17
    },
    "car": {
        "ttoi": 2225.32,
        "ttoiL10": 607.74,
        "ttoiL5": 302.37,
        "ttoiL3": 180.0,
        "ttoiL1": 60.0,
        "oppTTOI": 2232.0299999999997,
        "oppTTOIL10": 601.74,
        "oppTTOIL5": 304.05,
        "oppTTOIL3": 184.05,
        "oppTTOIL1": 65.0
    },
    "min": {
        "ttoi": 2112.83,
        "ttoiL10": 610.9300000000001,
        "ttoiL5": 299.73,
        "ttoiL3": 175.54,
        "ttoiL1": 58.18,
        "oppTTOI": 2061.79,
        "oppTTOIL10": 608.49,
        "oppTTOIL5": 304.78,
        "oppTTOIL3": 184.78,
        "oppTTOIL1": 60.0
    },
    "tor": {
        "ttoi": 2066.92,
        "ttoiL10": 597.37,
        "ttoiL5": 298.26,
        "ttoiL3": 178.43,
        "ttoiL1": 58.9,
        "oppTTOI": 2080.7300000000005,
        "oppTTOIL10": 611.6500000000001,
        "oppTTOIL5": 303.33000000000004,
        "oppTTOIL3": 183.33,
        "oppTTOIL1": 58.95
    },
    "mtl": {
        "ttoi": 2191.9900000000002,
        "ttoiL10": 610.92,
        "ttoiL5": 302.12,
        "ttoiL3": 177.2,
        "ttoiL1": 58.4,
        "oppTTOI": 2189.7500000000005,
        "oppTTOIL10": 608.38,
        "oppTTOIL5": 304.18,
        "oppTTOIL3": 181.07999999999998,
        "oppTTOIL1": 65.0
    },
    "ari": {
        "ttoi": 2101.4,
        "ttoiL10": 598.99,
        "ttoiL5": 303.06,
        "ttoiL3": 183.43,
        "ttoiL1": 59.48,
        "oppTTOI": 2094.95,
        "oppTTOIL10": 588.52,
        "oppTTOIL5": 298.0,
        "oppTTOIL3": 176.68,
        "oppTTOIL1": 59.85
    },
    "fla": {
        "ttoi": 2142.33,
        "ttoiL10": 592.73,
        "ttoiL5": 299.13,
        "ttoiL3": 179.63,
        "ttoiL1": 59.63,
        "oppTTOI": 2077.3500000000004,
        "oppTTOIL10": 585.8100000000001,
        "oppTTOIL5": 291.43,
        "oppTTOIL3": 176.35,
        "oppTTOIL1": 58.42
    },
    "tb": {
        "ttoi": 2272.0799999999995,
        "ttoiL10": 601.1700000000001,
        "ttoiL5": 302.69,
        "ttoiL3": 177.69,
        "ttoiL1": 60.0,
        "oppTTOI": 2280.1,
        "oppTTOIL10": 594.9799999999999,
        "oppTTOIL5": 296.28,
        "oppTTOIL3": 177.18,
        "oppTTOIL1": 58.43
    },
    "phi": {
        "ttoi": 2176.89,
        "ttoiL10": 610.56,
        "ttoiL5": 302.38,
        "ttoiL3": 179.68,
        "ttoiL1": 57.1,
        "oppTTOI": 2175.75,
        "oppTTOIL10": 607.73,
        "oppTTOIL5": 304.65,
        "oppTTOIL3": 184.92000000000002,
        "oppTTOIL1": 63.85
    },
    "nsh": {
        "ttoi": 2206.74,
        "ttoiL10": 603.7099999999999,
        "ttoiL5": 303.66999999999996,
        "ttoiL3": 183.89,
        "ttoiL1": 65.0,
        "oppTTOI": 2214.3500000000004,
        "oppTTOIL10": 604.97,
        "oppTTOIL5": 302.68,
        "oppTTOIL3": 183.05,
        "oppTTOIL1": 59.92
    },
    "buf": {
        "ttoi": 2266.59,
        "ttoiL10": 595.14,
        "ttoiL5": 298.5,
        "ttoiL3": 176.42000000000002,
        "ttoiL1": 58.07,
        "oppTTOI": 2278.2699999999995,
        "oppTTOIL10": 597.4599999999999,
        "oppTTOIL5": 297.63,
        "oppTTOIL3": 176.53,
        "oppTTOIL1": 58.75
    },
    "nyr": {
        "ttoi": 2041.4200000000003,
        "ttoiL10": 594.9900000000001,
        "ttoiL5": 295.62,
        "ttoiL3": 178.2,
        "ttoiL1": 60.0,
        "oppTTOI": 2094.68,
        "oppTTOIL10": 590.62,
        "oppTTOIL5": 295.01,
        "oppTTOIL3": 176.93,
        "oppTTOIL1": 59.5
    },
    "vgk": {
        "ttoi": 2238.59,
        "ttoiL10": 597.0000000000001,
        "ttoiL5": 292.78000000000003,
        "ttoiL3": 173.73000000000002,
        "ttoiL1": 60.0,
        "oppTTOI": 2243.8900000000003,
        "oppTTOIL10": 605.4699999999999,
        "oppTTOIL5": 302.27,
        "oppTTOIL3": 182.27,
        "oppTTOIL1": 60.0
    },
    "nj": {
        "ttoi": 2088.89,
        "ttoiL10": 604.35,
        "ttoiL5": 301.65,
        "ttoiL3": 181.65,
        "ttoiL1": 60.0,
        "oppTTOI": 2089.0899999999997,
        "oppTTOIL10": 596.14,
        "oppTTOIL5": 296.58,
        "oppTTOIL3": 177.88,
        "oppTTOIL1": 60.0
    },
    "cbj": {
        "ttoi": 2221.7600000000007,
        "ttoiL10": 551.4100000000001,
        "ttoiL5": 310.48,
        "ttoiL3": 186.35999999999999,
        "ttoiL1": 61.33,
        "oppTTOI": 2282.96,
        "oppTTOIL10": 599.25,
        "oppTTOIL5": 300.14,
        "oppTTOIL3": 182.26999999999998,
        "oppTTOIL1": 60.0
    },
    "la": {
        "ttoi": 1987.0400000000002,
        "ttoiL10": 601.24,
        "ttoiL5": 299.78000000000003,
        "ttoiL3": 182.65,
        "ttoiL1": 64.68,
        "oppTTOI": 1990.8999999999999,
        "oppTTOIL10": 603.88,
        "oppTTOIL5": 307.29,
        "oppTTOIL3": 183.27,
        "oppTTOIL1": 63.75
    },
    "ana": {
        "ttoi": 2140.95,
        "ttoiL10": 593.58,
        "ttoiL5": 295.78,
        "ttoiL3": 176.82999999999998,
        "ttoiL1": 60.0,
        "oppTTOI": 2153.3700000000003,
        "oppTTOIL10": 597.0500000000001,
        "oppTTOIL5": 298.78000000000003,
        "oppTTOIL3": 179.43,
        "oppTTOIL1": 59.85
    },
    "sj": {
        "ttoi": 2213.37,
        "ttoiL10": 595.3900000000001,
        "ttoiL5": 296.92,
        "ttoiL3": 178.92000000000002,
        "ttoiL1": 58.92,
        "oppTTOI": 2222.0799999999995,
        "oppTTOIL10": 595.9799999999999,
        "oppTTOIL5": 299.2,
        "oppTTOIL3": 178.93,
        "oppTTOIL1": 59.1
    },
    "col": {
        "ttoi": 2225.9399999999996,
        "ttoiL10": 598.3599999999999,
        "ttoiL5": 303.84,
        "ttoiL3": 184.47,
        "ttoiL1": 59.8,
        "oppTTOI": 2216.19,
        "oppTTOIL10": 604.1700000000001,
        "oppTTOIL5": 303.62,
        "oppTTOIL3": 179.87,
        "oppTTOIL1": 60.0
    },
    "dal": {
        "ttoi": 2103.0600000000004,
        "ttoiL10": 599.56,
        "ttoiL5": 306.15999999999997,
        "ttoiL3": 183.0,
        "ttoiL1": 60.0,
        "oppTTOI": 2113.29,
        "oppTTOIL10": 601.37,
        "oppTTOIL5": 303.67,
        "oppTTOIL3": 184.87,
        "oppTTOIL1": 60.0
    },
    "det": {
        "ttoi": 2214.49,
        "ttoiL10": 596.1999999999999,
        "ttoiL5": 302.82,
        "ttoiL3": 180.01999999999998,
        "ttoiL1": 57.8,
        "oppTTOI": 2228.129999999999,
        "oppTTOIL10": 596.1899999999999,
        "oppTTOIL5": 298.32,
        "oppTTOIL3": 179.12,
        "oppTTOIL1": 59.42
    },
    "cgy": {
        "ttoi": 2167.4700000000003,
        "ttoiL10": 599.3100000000001,
        "ttoiL5": 296.83000000000004,
        "ttoiL3": 176.83,
        "ttoiL1": 60.0,
        "oppTTOI": 2166.8799999999997,
        "oppTTOIL10": 589.65,
        "oppTTOIL5": 293.58,
        "oppTTOIL3": 176.9,