{
    "pit": {
        "ttoi": 2831.65,
        "ttoiL10": 605.4299999999998,
        "ttoiL5": 305.17999999999995,
        "ttoiL3": 186.76999999999998,
        "ttoiL1": 60.0,
        "oppTTOI": 2834.9200000000005,
        "oppTTOIL10": 602.6700000000001,
        "oppTTOIL5": 300.45,
        "oppTTOIL3": 178.82,
        "oppTTOIL1": 60.0
    },
    "wpg": {
        "ttoi": 2947.100000000001,
        "ttoiL10": 603.15,
        "ttoiL5": 302.42,
        "ttoiL3": 179.22,
        "ttoiL1": 59.5,
        "oppTTOI": 2926.35,
        "oppTTOIL10": 591.38,
        "oppTTOIL5": 296.17,
        "oppTTOIL3": 181.38,
        "oppTTOIL1": 60.0
    },
    "mtl": {
        "ttoi": 3038.7400000000007,
        "ttoiL10": 597.32,
        "ttoiL5": 300.47,
        "ttoiL3": 182.0,
        "ttoiL1": 60.0,
        "oppTTOI": 3032.5699999999997,
        "oppTTOIL10": 607.77,
        "oppTTOIL5": 302.21999999999997,
        "oppTTOIL3": 185.7,
        "oppTTOIL1": 62.72
    },
    "fla": {
        "ttoi": 3046.8400000000006,
        "ttoiL10": 600.19,
        "ttoiL5": 304.12,
        "ttoiL3": 179.12,
        "ttoiL1": 60.0,
        "oppTTOI": 2983.4899999999993,
        "oppTTOIL10": 592.87,
        "oppTTOIL5": 301.2,
        "oppTTOIL3": 180.4,
        "oppTTOIL1": 64.05
    },
    "ari": {
        "ttoi": 2944.9300000000003,
        "ttoiL10": 600.97,
        "ttoiL5": 297.75,
        "ttoiL3": 177.88,
        "ttoiL1": 57.879999999999995,
        "oppTTOI": 2937.41,
        "oppTTOIL10": 598.62,
        "oppTTOIL5": 299.71,
        "oppTTOIL3": 179.43,
        "oppTTOIL1": 59.58
    },
    "vgk": {
        "ttoi": 3135.1400000000003,
        "ttoiL10": 598.7800000000001,
        "ttoiL5": 298.47,
        "ttoiL3": 178.47,
        "ttoiL1": 60.0,
        "oppTTOI": 3129.66,
        "oppTTOIL10": 604.4000000000001,
        "oppTTOIL5": 301.1,
        "oppTTOIL3": 181.1,
        "oppTTOIL1": 58.83
    },
    "sea": {
        "ttoi": 3031.55,
        "ttoiL10": 599.9300000000001,
        "ttoiL5": 301.15000000000003,
        "ttoiL3": 181.48000000000002,
        "ttoiL1": 58.43,
        "oppTTOI": 3027.1299999999997,
        "oppTTOIL10": 601.56,
        "oppTTOIL5": 299.53,
        "oppTTOIL3": 180.0,
        "oppTTOIL1": 60.0
    },
    "car": {
        "ttoi": 3005.8200000000006,
        "ttoiL10": 595.5,
        "ttoiL5": 297.37,
        "ttoiL3": 177.42000000000002,
        "ttoiL1": 59.72,
        "oppTTOI": 3008.7800000000007,
        "oppTTOIL10": 603.4,
        "oppTTOIL5": 304.88,
        "oppTTOIL3": 185.23,
        "oppTTOIL1": 60.83
    },
    "van": {
        "ttoi": 3069.4200000000005,
        "ttoiL10": 611.34,
        "ttoiL5": 304.04,
        "ttoiL3": 183.93,
        "ttoiL1": 60.0,
        "oppTTOI": 3047.0899999999992,
        "oppTTOIL10": 588.9,
        "oppTTOIL5": 294.9,
        "oppTTOIL3": 177.3,
        "oppTTOIL1": 61.12
    },
    "phi": {
        "ttoi": 3143.5699999999997,
        "ttoiL10": 593.3799999999999,
        "ttoiL5": 297.46,
        "ttoiL3": 179.82999999999998,
        "ttoiL1": 59.85,
        "oppTTOI": 3138.26,
        "oppTTOIL10": 600.4300000000001,
        "oppTTOIL5": 304.65,
        "oppTTOIL3": 187.42,
        "oppTTOIL1": 60.0
    },
    "buf": {
        "ttoi": 2979.96,
        "ttoiL10": 593.3699999999999,
        "ttoiL5": 295.46,
        "ttoiL3": 179.28,
        "ttoiL1": 59.28,
        "oppTTOI": 2989.99,
        "oppTTOIL10": 594.6300000000001,
        "oppTTOIL5": 294.83000000000004,
        "oppTTOIL3": 177.05,
        "oppTTOIL1": 58.3
    },
    "bos": {
        "ttoi": 3082.709999999999,
        "ttoiL10": 599.55,
        "ttoiL5": 298.6,
        "ttoiL3": 179.25,
        "ttoiL1": 59.6,
        "oppTTOI": 3057.76,
        "oppTTOIL10": 590.4499999999999,
        "oppTTOIL5": 296.12,
        "oppTTOIL3": 178.61,
        "oppTTOIL1": 60.0
    },
    "wsh": {
        "ttoi": 2913.0699999999993,
        "ttoiL10": 598.1700000000001,
        "ttoiL5": 300.11,
        "ttoiL3": 181.51000000000002,
        "ttoiL1": 59.52,
        "oppTTOI": 2955.83,
        "oppTTOIL10": 600.93,
        "oppTTOIL5": 291.71,
        "oppTTOIL3": 176.01,
        "oppTTOIL1": 57.480000000000004
    },
    "nyi": {
        "ttoi": 3080.1699999999996,
        "ttoiL10": 596.52,
        "ttoiL5": 297.32,
        "ttoiL3": 181.57,
        "ttoiL1": 60.0,
        "oppTTOI": 3012.2799999999997,
        "oppTTOIL10": 609.31,
        "oppTTOIL5": 302.67,
        "oppTTOIL3": 180.37,
        "oppTTOIL1": 60.0
    },
    "stl": {
        "ttoi": 2929.47,
        "ttoiL10": 601.66,
        "ttoiL5": 304.16,
        "ttoiL3": 182.26000000000002,
        "ttoiL1": 58.17,
        "oppTTOI": 2931.59,
        "oppTTOIL10": 597.6800000000001,
        "oppTTOIL5": 296.6,
        "oppTTOIL3": 177.4,
        "oppTTOIL1": 60.0
    },
    "ott": {
        "ttoi": 2816.09,
        "ttoiL10": 607.7400000000001,
        "ttoiL5": 305.46000000000004,
        "ttoiL3": 183.66000000000003,
        "ttoiL1": 62.08,
        "oppTTOI": 2813.7699999999995,
        "oppTTOIL10": 607.26,
        "oppTTOIL5": 301.09000000000003,
        "oppTTOIL3": 181.09,
        "oppTTOIL1": 61.17
    },
    "min": {
        "ttoi": 3014.16,
        "ttoiL10": 600.34,
        "ttoiL5": 296.77,
        "ttoiL3": 176.77,
        "ttoiL1": 59.93,
        "oppTTOI": 2958.38,
        "oppTTOIL10": 600.11,
        "oppTTOIL5": 295.68,
        "oppTTOIL3": 177.32999999999998,
        "oppTTOIL1": 60.0
    },
    "tor": {
        "ttoi": 2963.189999999999,
        "ttoiL10": 594.4900000000001,
        "ttoiL5": 302.36,
        "ttoiL3": 178.27,
        "ttoiL1": 59.95,
        "oppTTOI": 2978.29,
        "oppTTOIL10": 608.98,
        "oppTTOIL5": 305.53000000000003,
        "oppTTOIL3": 183.33,
        "oppTTOIL1": 58.95
    },
    "tb": {
        "ttoi": 3106.3100000000004,
        "ttoiL10": 595.1400000000001,
        "ttoiL5": 297.96000000000004,
        "ttoiL3": 177.96,
        "ttoiL1": 59.38,
        "oppTTOI": 3116.9600000000005,
        "oppTTOIL10": 594.9799999999999,
        "oppTTOIL5": 296.75,
        "oppTTOIL3": 177.18,
        "oppTTOIL1": 58.43
    },
    "nsh": {
        "ttoi": 3036.929999999999,
        "ttoiL10": 592.94,
        "ttoiL5": 299.34,
        "ttoiL3": 181.16,
        "ttoiL1": 58.28,
        "oppTTOI": 3048.3,
        "oppTTOIL10": 601.9599999999999,
        "oppTTOIL5": 301.78,
        "oppTTOIL3": 184.1,
        "oppTTOIL1": 59.92
    },
    "nyr": {
        "ttoi": 2995.7199999999993,
        "ttoiL10": 594.94,
        "ttoiL5": 298.86,
        "ttoiL3": 181.55,
        "ttoiL1": 60.0,
        "oppTTOI": 3055.7400000000002,
        "oppTTOIL10": 593.48,
        "oppTTOIL5": 299.0,
        "oppTTOIL3": 178.07,
        "oppTTOIL1": 59.5
    },
    "nj": {
        "ttoi": 2920.959999999999,
        "ttoiL10": 592.22,
        "ttoiL5": 296.44,
        "ttoiL3": 176.38,
        "ttoiL1": 58.1,
        "oppTTOI": 2926.4500000000003,
        "oppTTOIL10": 591.7099999999999,
        "oppTTOIL5": 296.15,
        "oppTTOIL3": 176.15,
        "oppTTOIL1": 60.0
    },
    "cbj": {
        "ttoi": 2953.810000000001,
        "ttoiL10": 607.0500000000001,
        "ttoiL5": 301.34,
        "ttoiL3": 181.57,
        "ttoiL1": 59.77,
        "oppTTOI": 3016.86,
        "oppTTOIL10": 597.1999999999999,
        "oppTTOIL5": 301.54999999999995,
        "oppTTOIL3": 182.26999999999998,
        "oppTTOIL1": 60.0
    },
    "la": {
        "ttoi": 2892.210000000001,
        "ttoiL10": 596.2400000000001,
        "ttoiL5": 302.54,
        "ttoiL3": 180.62,
        "ttoiL1": 59.75,
        "oppTTOI": 2902.399999999999,
        "oppTTOIL10": 613.6300000000001,
        "oppTTOIL5": 306.72,
        "oppTTOIL3": 187.70000000000002,
        "oppTTOIL1": 63.75
    },
    "ana": {
        "ttoi": 2977.0899999999997,
        "ttoiL10": 598.72,
        "ttoiL5": 302.62,
        "ttoiL3": 184.08,
        "ttoiL1": 63.45,
        "oppTTOI": 2993.0700000000006,