{
    "pit": {
        "ttoi": 2526.4700000000003,
        "ttoiL10": 597.73,
        "ttoiL5": 300.25,
        "ttoiL3": 181.95,
        "ttoiL1": 60.0,
        "oppTTOI": 2527.9900000000002,
        "oppTTOIL10": 601.2700000000001,
        "oppTTOIL5": 300.45,
        "oppTTOIL3": 178.82,
        "oppTTOIL1": 60.0
    },
    "sea": {
        "ttoi": 2730.4,
        "ttoiL10": 600.8299999999999,
        "ttoiL5": 298.78,
        "ttoiL3": 178.78,
        "ttoiL1": 59.45,
        "oppTTOI": 2726.4599999999996,
        "oppTTOIL10": 605.03,
        "oppTTOIL5": 299.53,
        "oppTTOIL3": 179.88,
        "oppTTOIL1": 60.0
    },
    "car": {
        "ttoi": 2650.1,
        "ttoiL10": 604.78,
        "ttoiL5": 304.78,
        "ttoiL3": 179.78,
        "ttoiL1": 60.0,
        "oppTTOI": 2656.500000000001,
        "oppTTOIL10": 603.4,
        "oppTTOIL5": 304.88,
        "oppTTOIL3": 185.23,
        "oppTTOIL1": 60.83
    },
    "van": {
        "ttoi": 2706.0100000000007,
        "ttoiL10": 604.23,
        "ttoiL5": 307.51,
        "ttoiL3": 185.0,
        "ttoiL1": 60.0,
        "oppTTOI": 2689.14,
        "oppTTOIL10": 589.25,
        "oppTTOIL5": 296.22,
        "oppTTOIL3": 178.72,
        "oppTTOIL1": 61.12
    },
    "phi": {
        "ttoi": 2730.04,
        "ttoiL10": 610.2500000000001,
        "ttoiL5": 308.45000000000005,
        "ttoiL3": 179.85000000000002,
        "ttoiL1": 60.0,
        "oppTTOI": 2722.97,
        "oppTTOIL10": 600.4300000000001,
        "oppTTOIL5": 304.65,
        "oppTTOIL3": 187.42,
        "oppTTOIL1": 60.0
    },
    "buf": {
        "ttoi": 2684.5,
        "ttoiL10": 594.3299999999999,
        "ttoiL5": 297.90999999999997,
        "ttoiL3": 177.91,
        "ttoiL1": 60.0,
        "oppTTOI": 2693.4699999999993,
        "oppTTOIL10": 595.46,
        "oppTTOIL5": 294.83000000000004,
        "oppTTOIL3": 177.05,
        "oppTTOIL1": 58.3
    },
    "bos": {
        "ttoi": 2664.18,
        "ttoiL10": 606.09,
        "ttoiL5": 303.89,
        "ttoiL3": 181.01999999999998,
        "ttoiL1": 59.97,
        "oppTTOI": 2637.0,
        "oppTTOIL10": 590.1500000000001,
        "oppTTOIL5": 296.12,
        "oppTTOIL3": 178.61,
        "oppTTOIL1": 60.0
    },
    "wsh": {
        "ttoi": 2553.3299999999995,
        "ttoiL10": 602.28,
        "ttoiL5": 298.43,
        "ttoiL3": 178.48,
        "ttoiL1": 60.0,
        "oppTTOI": 2593.17,
        "oppTTOIL10": 600.93,
        "oppTTOIL5": 291.71,
        "oppTTOIL3": 176.01,
        "oppTTOIL1": 57.480000000000004
    },
    "nyi": {
        "ttoi": 2722.17,
        "ttoiL10": 598.27,
        "ttoiL5": 298.87,
        "ttoiL3": 178.64,
        "ttoiL1": 60.37,
        "oppTTOI": 2651.95,
        "oppTTOIL10": 609.31,
        "oppTTOIL5": 302.67,
        "oppTTOIL3": 180.37,
        "oppTTOIL1": 60.0
    },
    "stl": {
        "ttoi": 2565.88,
        "ttoiL10": 597.69,
        "ttoiL5": 295.42,
        "ttoiL3": 178.3,
        "ttoiL1": 57.73,
        "oppTTOI": 2568.21,
        "oppTTOIL10": 598.3000000000001,
        "oppTTOIL5": 296.6,
        "oppTTOIL3": 177.4,
        "oppTTOIL1": 60.0
    },
    "ott": {
        "ttoi": 2387.35,
        "ttoiL10": 593.03,
        "ttoiL5": 296.84000000000003,
        "ttoiL3": 179.0,
        "ttoiL1": 59.92,
        "oppTTOI": 2385.62,
        "oppTTOIL10": 604.5300000000001,
        "oppTTOIL5": 301.09000000000003,
        "oppTTOIL3": 181.09,
        "oppTTOIL1": 61.17
    },
    "min": {
        "ttoi": 2717.3900000000003,
        "ttoiL10": 604.56,
        "ttoiL5": 303.57,
        "ttoiL3": 179.97,
        "ttoiL1": 59.97,
        "oppTTOI": 2663.7099999999996,
        "oppTTOIL10": 603.59,
        "oppTTOIL5": 304.21000000000004,
        "oppTTOIL3": 179.21,
        "oppTTOIL1": 60.0
    },
    "tor": {
        "ttoi": 2604.2799999999993,
        "ttoiL10": 596.26,
        "ttoiL5": 295.93,
        "ttoiL3": 177.13,
        "ttoiL1": 59.63,
        "oppTTOI": 2618.21,
        "oppTTOIL10": 608.98,
        "oppTTOIL5": 305.53000000000003,
        "oppTTOIL3": 183.33,
        "oppTTOIL1": 58.95
    },
    "mtl": {
        "ttoi": 2738.27,
        "ttoiL10": 604.68,
        "ttoiL5": 296.85,
        "ttoiL3": 179.05,
        "ttoiL1": 59.05,
        "oppTTOI": 2731.53,
        "oppTTOIL10": 608.38,
        "oppTTOIL5": 299.5,
        "oppTTOIL3": 181.07999999999998,
        "oppTTOIL1": 65.0
    },
    "ari": {
        "ttoi": 2587.1800000000003,
        "ttoiL10": 609.21,
        "ttoiL5": 307.28999999999996,
        "ttoiL3": 183.22,
        "ttoiL1": 58.85,
        "oppTTOI": 2580.85,
        "oppTTOIL10": 598.1899999999999,
        "oppTTOIL5": 298.0,
        "oppTTOIL3": 176.68,
        "oppTTOIL1": 59.85
    },
    "fla": {
        "ttoi": 2683.4500000000003,
        "ttoiL10": 600.75,
        "ttoiL5": 301.57,
        "ttoiL3": 179.60000000000002,
        "ttoiL1": 57.88,
        "oppTTOI": 2620.2999999999997,
        "oppTTOIL10": 589.69,
        "oppTTOIL5": 295.0,
        "oppTTOIL3": 176.35,
        "oppTTOIL1": 58.42
    },
    "tb": {
        "ttoi": 2692.6499999999996,
        "ttoiL10": 598.26,
        "ttoiL5": 301.96,
        "ttoiL3": 181.48,
        "ttoiL1": 60.0,
        "oppTTOI": 2702.17,
        "oppTTOIL10": 594.9799999999999,
        "oppTTOIL5": 296.75,
        "oppTTOIL3": 177.18,
        "oppTTOIL1": 58.43
    },
    "nsh": {
        "ttoi": 2680.609999999999,
        "ttoiL10": 601.09,
        "ttoiL5": 293.95,
        "ttoiL3": 176.62,
        "ttoiL1": 59.87,
        "oppTTOI": 2686.86,
        "oppTTOIL10": 601.9599999999999,
        "oppTTOIL5": 301.78,
        "oppTTOIL3": 184.1,
        "oppTTOIL1": 59.92
    },
    "nyr": {
        "ttoi": 2578.3100000000004,
        "ttoiL10": 596.89,
        "ttoiL5": 292.64,
        "ttoiL3": 177.53,
        "ttoiL1": 57.53,
        "oppTTOI": 2637.3799999999997,
        "oppTTOIL10": 588.85,
        "oppTTOIL5": 296.92999999999995,
        "oppTTOIL3": 178.95,
        "oppTTOIL1": 59.5
    },
    "vgk": {
        "ttoi": 2714.16,
        "ttoiL10": 592.52,
        "ttoiL5": 298.57,
        "ttoiL3": 177.79999999999998,
        "ttoiL1": 59.92,
        "oppTTOI": 2719.0099999999998,
        "oppTTOIL10": 605.4699999999999,
        "oppTTOIL5": 302.27,
        "oppTTOIL3": 182.27,
        "oppTTOIL1": 60.0
    },
    "nj": {
        "ttoi": 2564.7999999999993,
        "ttoiL10": 595.7900000000001,
        "ttoiL5": 297.93,
        "ttoiL3": 176.06,
        "ttoiL1": 59.75,
        "oppTTOI": 2565.85,
        "oppTTOIL10": 594.9799999999999,
        "oppTTOIL5": 296.15,
        "oppTTOIL3": 176.15,
        "oppTTOIL1": 60.0
    },
    "cbj": {
        "ttoi": 2652.4700000000007,
        "ttoiL10": 617.0699999999999,
        "ttoiL5": 305.71,
        "ttoiL3": 182.63,
        "ttoiL1": 60.0,
        "oppTTOI": 2715.4800000000005,
        "oppTTOIL10": 602.92,
        "oppTTOIL5": 300.14,
        "oppTTOIL3": 182.26999999999998,
        "oppTTOIL1": 60.0
    },
    "la": {
        "ttoi": 2529.7200000000003,
        "ttoiL10": 607.3599999999999,
        "ttoiL5": 298.73,
        "ttoiL3": 177.4,
        "ttoiL1": 57.55,
        "oppTTOI": 2540.5699999999993,
        "oppTTOIL10": 609.2,
        "oppTTOIL5": 300.39,
        "oppTTOIL3": 183.27,
        "oppTTOIL1": 63.75
    },
    "ana": {
        "ttoi": 2616.5199999999995,
        "ttoiL10": 592.4,
        "ttoiL5": 297.7,
        "ttoiL3": 178.15,
        "ttoiL1": 57.35,
        "oppTTOI": 2633.0000000000005,
        "oppTTOIL10": 595.62,
        "oppTTOIL5": 299.43,
        "oppTTOIL3": 179.43,
        "oppTTOIL1": 59.85
    },
    "sj": {
        "ttoi": 2694.9400000000005,
        "ttoiL10": 600.49,
        "ttoiL5": 304.35,
        "ttoiL3": 184.35000000000002,
        "ttoiL1": 64.9,
        "oppTTOI": 2702.4199999999996,
        "oppTTOIL10": 603.83,
        "oppTTOIL5": 303.58000000000004,
        "oppTTOIL3": 183.93,
        "oppTTOIL1": 59.1
    },
    "col": {
        "ttoi": 2769.7599999999998,