{
    "pit": {
        "ttoi": 4684.589999999999,
        "ttoiL10": 604.4499999999999,
        "ttoiL5": 301.5,
        "ttoiL3": 181.5,
        "ttoiL1": 61.5,
        "oppTTOI": 4683.85,
        "oppTTOIL10": 601.97,
        "oppTTOIL5": 297.87,
        "oppTTOIL3": 178.32,
        "oppTTOIL1": 59.5
    },
    "tor": {
        "ttoi": 4649.730000000001,
        "ttoiL10": 598.39,
        "ttoiL5": 301.2,
        "ttoiL3": 181.5,
        "ttoiL1": 61.5,
        "oppTTOI": 4646.519999999998,
        "oppTTOIL10": 606.31,
        "oppTTOIL5": 304.83000000000004,
        "oppTTOIL3": 180.33,
        "oppTTOIL1": 61.5
    },
    "tb": {
        "ttoi": 4601.330000000001,
        "ttoiL10": 595.13,
        "ttoiL5": 296.0,
        "ttoiL3": 177.25,
        "ttoiL1": 57.62,
        "oppTTOI": 4612.560000000001,
        "oppTTOIL10": 596.91,
        "oppTTOIL5": 296.75,
        "oppTTOIL3": 178.43,
        "oppTTOIL1": 60.0
    },
    "wsh": {
        "ttoi": 4606.38,
        "ttoiL10": 610.36,
        "ttoiL5": 304.26,
        "ttoiL3": 179.39,
        "ttoiL1": 60.68,
        "oppTTOI": 4641.92,
        "oppTTOIL10": 591.1,
        "oppTTOIL5": 297.37,
        "oppTTOIL3": 177.37,
        "oppTTOIL1": 60.0
    },
    "nj": {
        "ttoi": 4647.889999999999,
        "ttoiL10": 600.38,
        "ttoiL5": 300.88,
        "ttoiL3": 183.25,
        "ttoiL1": 65.0,
        "oppTTOI": 4654.42,
        "oppTTOIL10": 594.0,
        "oppTTOIL5": 294.18,
        "oppTTOIL3": 178.03,
        "oppTTOIL1": 60.0
    },
    "nyr": {
        "ttoi": 4617.950000000001,
        "ttoiL10": 606.2700000000001,
        "ttoiL5": 298.24,
        "ttoiL3": 179.62,
        "ttoiL1": 60.0,
        "oppTTOI": 4670.95,
        "oppTTOIL10": 593.76,
        "oppTTOIL5": 298.28,
        "oppTTOIL3": 176.4,
        "oppTTOIL1": 60.0
    },
    "cbj": {
        "ttoi": 4616.299999999999,
        "ttoiL10": 599.81,
        "ttoiL5": 301.48,
        "ttoiL3": 177.05,
        "ttoiL1": 60.0,
        "oppTTOI": 4692.52,
        "oppTTOIL10": 602.26,
        "oppTTOIL5": 304.35,
        "oppTTOIL3": 184.63,
        "oppTTOIL1": 65.0
    },
    "car": {
        "ttoi": 4687.459999999999,
        "ttoiL10": 602.55,
        "ttoiL5": 299.32,
        "ttoiL3": 179.32,
        "ttoiL1": 60.0,
        "oppTTOI": 4694.47,
        "oppTTOIL10": 604.18,
        "oppTTOIL5": 304.53,
        "oppTTOIL3": 185.76,
        "oppTTOIL1": 59.93
    },
    "col": {
        "ttoi": 4691.83,
        "ttoiL10": 599.88,
        "ttoiL5": 294.96,
        "ttoiL3": 176.75,
        "ttoiL1": 56.75,
        "oppTTOI": 4689.379999999998,
        "oppTTOIL10": 603.2099999999999,
        "oppTTOIL5": 300.53999999999996,
        "oppTTOIL3": 180.67,
        "oppTTOIL1": 60.85
    },
    "dal": {
        "ttoi": 4681.94,
        "ttoiL10": 595.47,
        "ttoiL5": 296.32,
        "ttoiL3": 176.75,
        "ttoiL1": 60.0,
        "oppTTOI": 4687.6399999999985,
        "oppTTOIL10": 599.0,
        "oppTTOIL5": 295.72,
        "oppTTOIL3": 177.54,
        "oppTTOIL1": 57.54
    },
    "det": {
        "ttoi": 4616.040000000001,
        "ttoiL10": 598.1400000000001,
        "ttoiL5": 302.22,
        "ttoiL3": 177.22,
        "ttoiL1": 60.0,
        "oppTTOI": 4627.669999999999,
        "oppTTOIL10": 597.5799999999999,
        "oppTTOIL5": 299.16,
        "oppTTOIL3": 180.36,
        "oppTTOIL1": 59.22
    },
    "sj": {
        "ttoi": 4617.579999999999,
        "ttoiL10": 599.12,
        "ttoiL5": 299.59000000000003,
        "ttoiL3": 180.19,
        "ttoiL1": 58.3,
        "oppTTOI": 4630.0,
        "oppTTOIL10": 604.48,
        "oppTTOIL5": 303.25,
        "oppTTOIL3": 178.25,
        "oppTTOIL1": 59.77
    },
    "ott": {
        "ttoi": 4623.86,
        "ttoiL10": 595.65,
        "ttoiL5": 297.06,
        "ttoiL3": 178.78,
        "ttoiL1": 60.08,
        "oppTTOI": 4617.559999999999,
        "oppTTOIL10": 600.36,
        "oppTTOIL5": 300.84000000000003,
        "oppTTOIL3": 183.42000000000002,
        "oppTTOIL1": 62.25
    },
    "edm": {
        "ttoi": 4564.24,
        "ttoiL10": 596.01,
        "ttoiL5": 301.52,
        "ttoiL3": 179.37,
        "ttoiL1": 60.0,
        "oppTTOI": 4569.509999999999,
        "oppTTOIL10": 594.59,
        "oppTTOIL5": 296.22,
        "oppTTOIL3": 178.55,
        "oppTTOIL1": 59.3
    },
    "bos": {
        "ttoi": 4728.530000000002,
        "ttoiL10": 602.7,
        "ttoiL5": 305.88,
        "ttoiL3": 181.28,
        "ttoiL1": 61.48,
        "oppTTOI": 4702.579999999999,
        "oppTTOIL10": 592.17,
        "oppTTOIL5": 297.54,
        "oppTTOIL3": 179.43,
        "oppTTOIL1": 60.0
    },
    "cgy": {
        "ttoi": 4548.369999999998,
        "ttoiL10": 585.2299999999999,
        "ttoiL5": 295.07,
        "ttoiL3": 177.12,
        "ttoiL1": 59.1,
        "oppTTOI": 4556.86,
        "oppTTOIL10": 593.8,
        "oppTTOIL5": 296.59999999999997,
        "oppTTOIL3": 178.95,
        "oppTTOIL1": 59.25
    },
    "sea": {
        "ttoi": 4595.319999999999,
        "ttoiL10": 600.4699999999999,
        "ttoiL5": 296.96999999999997,
        "ttoiL3": 178.82999999999998,
        "ttoiL1": 58.83,
        "oppTTOI": 4589.089999999999,
        "oppTTOIL10": 594.13,
        "oppTTOIL5": 297.48,
        "oppTTOIL3": 177.6,
        "oppTTOIL1": 57.6
    },
    "van": {
        "ttoi": 4679.639999999999,
        "ttoiL10": 592.92,
        "ttoiL5": 300.0,
        "ttoiL3": 180.0,
        "ttoiL1": 60.0,
        "oppTTOI": 4654.87,
        "oppTTOIL10": 590.1700000000001,
        "oppTTOIL5": 296.72,
        "oppTTOIL3": 180.54,
        "oppTTOIL1": 61.7
    },
    "phi": {
        "ttoi": 4689.16,
        "ttoiL10": 590.8100000000001,
        "ttoiL5": 291.25,
        "ttoiL3": 173.85,
        "ttoiL1": 60.0,
        "oppTTOI": 4687.530000000002,
        "oppTTOIL10": 600.27,
        "oppTTOIL5": 307.41999999999996,
        "oppTTOIL3": 183.85,
        "oppTTOIL1": 60.0
    },
    "mtl": {
        "ttoi": 4654.070000000001,
        "ttoiL10": 596.5,
        "ttoiL5": 293.65,
        "ttoiL3": 173.98,
        "ttoiL1": 59.08,
        "oppTTOI": 4659.69,
        "oppTTOIL10": 606.9000000000001,
        "oppTTOIL5": 303.8,
        "oppTTOIL3": 187.72,
        "oppTTOIL1": 60.0
    },
    "nyi": {
        "ttoi": 4635.149999999998,
        "ttoiL10": 594.21,
        "ttoiL5": 298.91,
        "ttoiL3": 178.88,
        "ttoiL1": 60.0,
        "oppTTOI": 4567.75,
        "oppTTOIL10": 600.37,
        "oppTTOIL5": 299.25,
        "oppTTOIL3": 180.95,
        "oppTTOIL1": 60.95
    },
    "la": {
        "ttoi": 4623.869999999999,
        "ttoiL10": 592.03,
        "ttoiL5": 295.47,
        "ttoiL3": 178.47,
        "ttoiL1": 59.12,
        "oppTTOI": 4633.8,
        "oppTTOIL10": 607.21,
        "oppTTOIL5": 306.12,
        "oppTTOIL3": 181.12,
        "oppTTOIL1": 57.37
    },
    "chi": {
        "ttoi": 4597.830000000002,
        "ttoiL10": 594.8299999999999,
        "ttoiL5": 295.45,
        "ttoiL3": 177.93,
        "ttoiL1": 60.0,
        "oppTTOI": 4602.050000000001,
        "oppTTOIL10": 593.1899999999999,
        "oppTTOIL5": 294.83,
        "oppTTOIL3": 177.25,
        "oppTTOIL1": 59.98
    },
    "fla": {
        "ttoi": 4676.749999999999,
        "ttoiL10": 605.1800000000001,
        "ttoiL5": 305.31,
        "ttoiL3": 182.07999999999998,
        "ttoiL1": 62.08,
        "oppTTOI": 4615.28,
        "oppTTOIL10": 593.12,
        "oppTTOIL5": 300.37,
        "oppTTOIL3": 182.44,
        "oppTTOIL1": 59.97
    },
    "wpg": {
        "ttoi": 4616.879999999999,
        "ttoiL10": 595.4799999999999,
        "ttoiL5": 297.02,
        "ttoiL3": 179.92000000000002,
        "ttoiL1": 60.0,
        "oppTTOI": 4583.410000000001,
        "oppTTOIL10": 591.9599999999999,
        "oppTTOIL5": 298.96,
        "oppTTOIL3": 177.57999999999998,
        "oppTTOIL1": 58.58
    },
    "min": {
        "ttoi": 4641.369999999999,
        "ttoiL10": 604.52,
        "ttoiL5": 298.66999999999996,