{
    "ana": {
        "ttoi": 3850.36,
        "ttoiL10": 592.2,
        "ttoiL5": 293.38,
        "ttoiL3": 176.9,
        "ttoiL1": 58.58,
        "oppTTOI": 3849.23,
        "oppTTOIL10": 606.9,
        "oppTTOIL5": 309.1,
        "oppTTOIL3": 186.85,
        "oppTTOIL1": 62.85
    },
    "utah": {
        "ttoi": 3860.91,
        "ttoiL10": 603.66,
        "ttoiL5": 306.07,
        "ttoiL3": 188.17000000000002,
        "ttoiL1": 60.0,
        "oppTTOI": 3868.31,
        "oppTTOIL10": 610.17,
        "oppTTOIL5": 307.03,
        "oppTTOIL3": 184.41,
        "oppTTOIL1": 58.58
    },
    "wsh": {
        "ttoi": 3795.91,
        "ttoiL10": 601.9300000000001,
        "ttoiL5": 308.95,
        "ttoiL3": 180.0,
        "ttoiL1": 60.0,
        "oppTTOI": 3768.44,
        "oppTTOIL10": 598.24,
        "oppTTOIL5": 301.79,
        "oppTTOIL3": 176.79,
        "oppTTOIL1": 58.62
    },
    "nyi": {
        "ttoi": 3760.48,
        "ttoiL10": 587.02,
        "ttoiL5": 290.37,
        "ttoiL3": 173.53,
        "ttoiL1": 56.45,
        "oppTTOI": 3762.61,
        "oppTTOIL10": 592.25,
        "oppTTOIL5": 301.07,
        "oppTTOIL3": 177.9,
        "oppTTOIL1": 59.7
    },
    "stl": {
        "ttoi": 3832.8,
        "ttoiL10": 609.04,
        "ttoiL5": 299.35,
        "ttoiL3": 185.2,
        "ttoiL1": 60.45,
        "oppTTOI": 3849.23,
        "oppTTOIL10": 599.61,
        "oppTTOIL5": 301.21,
        "oppTTOIL3": 181.48000000000002,
        "oppTTOIL1": 58.6
    },
    "van": {
        "ttoi": 3860.4,
        "ttoiL10": 598.99,
        "ttoiL5": 301.92,
        "ttoiL3": 182.52,
        "ttoiL1": 65.0,
        "oppTTOI": 3851.94,
        "oppTTOIL10": 599.59,
        "oppTTOIL5": 296.5,
        "oppTTOIL3": 177.88,
        "oppTTOIL1": 57.879999999999995
    },
    "edm": {
        "ttoi": 3820.71,
        "ttoiL10": 596.52,
        "ttoiL5": 301.40999999999997,
        "ttoiL3": 182.28,
        "ttoiL1": 57.55,
        "oppTTOI": 3766.04,
        "oppTTOIL10": 598.62,
        "oppTTOIL5": 297.32,
        "oppTTOIL3": 177.02,
        "oppTTOIL1": 59.92
    },
    "chi": {
        "ttoi": 3825.0,
        "ttoiL10": 598.71,
        "ttoiL5": 305.59000000000003,
        "ttoiL3": 184.92000000000002,
        "ttoiL1": 59.1,
        "oppTTOI": 3830.58,
        "oppTTOIL10": 599.28,
        "oppTTOIL5": 298.3,
        "oppTTOIL3": 178.53,
        "oppTTOIL1": 60.0
    },
    "buf": {
        "ttoi": 3630.69,
        "ttoiL10": 591.03,
        "ttoiL5": 293.05,
        "ttoiL3": 177.75,
        "ttoiL1": 60.0,
        "oppTTOI": 3649.84,
        "oppTTOIL10": 601.47,
        "oppTTOIL5": 301.47,
        "oppTTOIL3": 181.6,
        "oppTTOIL1": 57.82
    },
    "det": {
        "ttoi": 3843.77,
        "ttoiL10": 596.2,
        "ttoiL5": 292.37,
        "ttoiL3": 177.03,
        "ttoiL1": 60.0,
        "oppTTOI": 3836.45,
        "oppTTOIL10": 604.77,
        "oppTTOIL5": 302.66,
        "oppTTOIL3": 182.66,
        "oppTTOIL1": 61.08
    },
    "bos": {
        "ttoi": 3850.36,
        "ttoiL10": 600.8,
        "ttoiL5": 296.39,
        "ttoiL3": 179.25,
        "ttoiL1": 59.57,
        "oppTTOI": 3841.97,
        "oppTTOIL10": 611.42,
        "oppTTOIL5": 302.53,
        "oppTTOIL3": 182.65,
        "oppTTOIL1": 63.65
    },
    "la": {
        "ttoi": 3725.28,
        "ttoiL10": 605.29,
        "ttoiL5": 303.07,
        "ttoiL3": 179.7,
        "ttoiL1": 59.4,
        "oppTTOI": 3707.11,
        "oppTTOIL10": 602.32,
        "oppTTOIL5": 305.29,
        "oppTTOIL3": 182.79000000000002,
        "oppTTOIL1": 64.93
    },
    "dal": {
        "ttoi": 3705.27,
        "ttoiL10": 598.41,
        "ttoiL5": 302.16,
        "ttoiL3": 182.16,
        "ttoiL1": 60.0,
        "oppTTOI": 3686.69,
        "oppTTOIL10": 592.8,
        "oppTTOIL5": 295.9,
        "oppTTOIL3": 179.8,
        "oppTTOIL1": 59.8
    },
    "mtl": {
        "ttoi": 3784.81,
        "ttoiL10": 606.6,
        "ttoiL5": 303.4,
        "ttoiL3": 177.47,
        "ttoiL1": 60.07,
        "oppTTOI": 3787.29,
        "oppTTOIL10": 602.3,
        "oppTTOIL5": 305.4,
        "oppTTOIL3": 185.0,
        "oppTTOIL1": 60.0
    },
    "cgy": {
        "ttoi": 3798.48,
        "ttoiL10": 615.04,
        "ttoiL5": 312.5,
        "ttoiL3": 189.23000000000002,
        "ttoiL1": 65.0,
        "oppTTOI": 3788.75,
        "oppTTOIL10": 616.08,
        "oppTTOIL5": 308.88,
        "oppTTOIL3": 185.2,
        "oppTTOIL1": 58.75
    },
    "sea": {
        "ttoi": 3851.9900000000002,
        "ttoiL10": 594.47,
        "ttoiL5": 293.47,
        "ttoiL3": 178.52,
        "ttoiL1": 59.8,
        "oppTTOI": 3881.93,
        "oppTTOIL10": 588.35,
        "oppTTOIL5": 292.8,
        "oppTTOIL3": 175.32999999999998,
        "oppTTOIL1": 60.0
    },
    "nsh": {
        "ttoi": 3689.28,
        "ttoiL10": 600.76,
        "ttoiL5": 302.22,
        "ttoiL3": 182.22,
        "ttoiL1": 59.57,
        "oppTTOI": 3765.1,
        "oppTTOIL10": 595.21,
        "oppTTOIL5": 296.8,
        "oppTTOIL3": 178.55,
        "oppTTOIL1": 60.0
    },
    "pit": {
        "ttoi": 3978.73,
        "ttoiL10": 597.76,
        "ttoiL5": 300.39,
        "ttoiL3": 180.82,
        "ttoiL1": 60.82,
        "oppTTOI": 3979.52,
        "oppTTOIL10": 604.0699999999999,
        "oppTTOIL5": 296.53999999999996,
        "oppTTOIL3": 182.07999999999998,
        "oppTTOIL1": 59.5
    },
    "fla": {
        "ttoi": 3776.84,
        "ttoiL10": 593.2,
        "ttoiL5": 296.85,
        "ttoiL3": 176.85,
        "ttoiL1": 57.0,
        "oppTTOI": 3774.57,
        "oppTTOIL10": 595.46,
        "oppTTOIL5": 301.36,
        "oppTTOIL3": 178.07,
        "oppTTOIL1": 59.85
    },
    "tb": {
        "ttoi": 3698.66,
        "ttoiL10": 597.78,
        "ttoiL5": 298.2,
        "ttoiL3": 179.38,
        "ttoiL1": 60.0,
        "oppTTOI": 3703.46,
        "oppTTOIL10": 595.53,
        "oppTTOIL5": 303.38,
        "oppTTOIL3": 184.55,
        "oppTTOIL1": 64.55
    },
    "car": {
        "ttoi": 3814.9,
        "ttoiL10": 598.37,
        "ttoiL5": 303.02,
        "ttoiL3": 179.75,
        "ttoiL1": 59.75,
        "oppTTOI": 3830.43,
        "oppTTOIL10": 611.7,
        "oppTTOIL5": 300.45,
        "oppTTOIL3": 181.55,
        "oppTTOIL1": 61.87
    },
    "phi": {
        "ttoi": 3851.68,
        "ttoiL10": 600.78,
        "ttoiL5": 294.93,
        "ttoiL3": 176.42000000000002,
        "ttoiL1": 56.95,
        "oppTTOI": 3864.77,
        "oppTTOIL10": 602.04,
        "oppTTOIL5": 293.54,
        "oppTTOIL3": 180.07,
        "oppTTOIL1": 60.0
    },
    "wpg": {
        "ttoi": 3899.41,
        "ttoiL10": 603.88,
        "ttoiL5": 296.49,
        "ttoiL3": 178.23,
        "ttoiL1": 60.0,
        "oppTTOI": 3888.39,
        "oppTTOIL10": 602.47,
        "oppTTOIL5": 303.44,
        "oppTTOIL3": 179.46,
        "oppTTOIL1": 63.43
    },
    "nj": {
        "ttoi": 3763.18,
        "ttoiL10": 596.02,
        "ttoiL5": 299.55,
        "ttoiL3": 180.0,
        "ttoiL1": 60.0,
        "oppTTOI": 3768.8,
        "oppTTOIL10": 591.98,
        "oppTTOIL5": 299.35,
        "oppTTOIL3": 179.67000000000002,
        "oppTTOIL1": 60.0
    },
    "vgk": {
        "ttoi": 3766.5,
        "ttoiL10": 595.43,
        "ttoiL5": 296.03,
        "ttoiL3": 176.6,
        "ttoiL1": 59.45,
        "oppTTOI": 3748.68,
        "oppTTOIL10": 591.29,
        "oppTTOIL5": 295.11,
        "oppTTOIL3": 175.88,
        "oppTTOIL1": 57.480000000000004
    },
    "col": {
        "ttoi": 3856.83,
        "ttoiL10": 600.73,
        "ttoiL5": 304.26,
        "ttoiL3": 184.57999999999998,
        "ttoiL1": 65.0,
        "oppTTOI": 3865.82,
        "oppTTOIL10": 594.52,
        "oppTTOIL5": 299.87,
        "oppTTOIL3": 179.07,
        "oppTTOIL1": 57.65
    },
    "cbj": {
        "ttoi": 3791.75,
        "ttoiL10": 599.24,
        "ttoiL5": 296.17,
        "ttoiL3": 179.0,
        "ttoiL1": 59.15,
        "oppTTOI": 3780.36,
        "oppTTOIL10": 603.26,
        "oppTTOIL5": 300.93,