{
    "pit": {
        "ttoi": 3425.53,
        "ttoiL10": 593.8800000000001,
        "ttoiL5": 300.25,
        "ttoiL3": 179.3,
        "ttoiL1": 57.6,
        "oppTTOI": 3431.95,
        "oppTTOIL10": 602.1700000000001,
        "oppTTOIL5": 298.27,
        "oppTTOIL3": 178.32,
        "oppTTOIL1": 59.5
    },
    "sea": {
        "ttoi": 3578.42,
        "ttoiL10": 605.3,
        "ttoiL5": 305.75,
        "ttoiL3": 184.92000000000002,
        "ttoiL1": 60.0,
        "oppTTOI": 3570.8799999999997,
        "oppTTOIL10": 601.26,
        "oppTTOIL5": 297.48,
        "oppTTOIL3": 177.6,
        "oppTTOIL1": 57.6
    },
    "van": {
        "ttoi": 3727.46,
        "ttoiL10": 597.74,
        "ttoiL5": 298.77,
        "ttoiL3": 181.62,
        "ttoiL1": 60.0,
        "oppTTOI": 3708.9400000000005,
        "oppTTOIL10": 592.57,
        "oppTTOIL5": 296.72,
        "oppTTOIL3": 180.54,
        "oppTTOIL1": 61.7
    },
    "phi": {
        "ttoi": 3677.439999999999,
        "ttoiL10": 593.72,
        "ttoiL5": 294.55,
        "ttoiL3": 176.93,
        "ttoiL1": 60.0,
        "oppTTOI": 3670.1400000000003,
        "oppTTOIL10": 600.85,
        "oppTTOIL5": 305.53999999999996,
        "oppTTOIL3": 183.85,
        "oppTTOIL1": 60.0
    },
    "mtl": {
        "ttoi": 3634.5400000000013,
        "ttoiL10": 595.8,
        "ttoiL5": 300.15,
        "ttoiL3": 182.72,
        "ttoiL1": 64.92,
        "oppTTOI": 3635.3900000000003,
        "oppTTOIL10": 606.9000000000001,
        "oppTTOIL5": 303.8,
        "oppTTOIL3": 187.72,
        "oppTTOIL1": 60.0
    },
    "nyi": {
        "ttoi": 3561.0399999999995,
        "ttoiL10": 600.87,
        "ttoiL5": 299.58,
        "ttoiL3": 179.45,
        "ttoiL1": 60.0,
        "oppTTOI": 3497.2,
        "oppTTOIL10": 603.84,
        "oppTTOIL5": 300.09,
        "oppTTOIL3": 180.95,
        "oppTTOIL1": 60.95
    },
    "la": {
        "ttoi": 3553.8,
        "ttoiL10": 601.59,
        "ttoiL5": 299.02,
        "ttoiL3": 175.9,
        "ttoiL1": 60.0,
        "oppTTOI": 3564.0599999999995,
        "oppTTOIL10": 612.19,
        "oppTTOIL5": 310.07000000000005,
        "oppTTOIL3": 186.12,
        "oppTTOIL1": 57.37
    },
    "chi": {
        "ttoi": 3583.63,
        "ttoiL10": 594.7599999999999,
        "ttoiL5": 298.21,
        "ttoiL3": 180.72,
        "ttoiL1": 60.0,
        "oppTTOI": 3596.8799999999997,
        "oppTTOIL10": 600.03,
        "oppTTOIL5": 300.76,
        "oppTTOIL3": 175.85999999999999,
        "oppTTOIL1": 59.98
    },
    "fla": {
        "ttoi": 3595.8700000000003,
        "ttoiL10": 609.0300000000001,
        "ttoiL5": 309.59000000000003,
        "ttoiL3": 188.31,
        "ttoiL1": 65.0,
        "oppTTOI": 3531.8299999999995,
        "oppTTOIL10": 593.07,
        "oppTTOIL5": 300.37,
        "oppTTOIL3": 182.44,
        "oppTTOIL1": 59.97
    },
    "wpg": {
        "ttoi": 3485.3400000000006,
        "ttoiL10": 597.74,
        "ttoiL5": 299.15,
        "ttoiL3": 179.18,
        "ttoiL1": 58.63,
        "oppTTOI": 3456.0099999999998,
        "oppTTOIL10": 590.3599999999999,
        "oppTTOIL5": 298.96,
        "oppTTOIL3": 177.57999999999998,
        "oppTTOIL1": 58.58
    },
    "min": {
        "ttoi": 3612.359999999999,
        "ttoiL10": 598.2,
        "ttoiL5": 297.96000000000004,
        "ttoiL3": 178.29000000000002,
        "ttoiL1": 59.77,
        "oppTTOI": 3548.4500000000003,
        "oppTTOIL10": 597.8399999999999,
        "oppTTOIL5": 295.05999999999995,
        "oppTTOIL3": 175.27999999999997,
        "oppTTOIL1": 57.73
    },
    "ari": {
        "ttoi": 3596.6400000000003,
        "ttoiL10": 590.11,
        "ttoiL5": 297.28000000000003,
        "ttoiL3": 176.73000000000002,
        "ttoiL1": 60.0,
        "oppTTOI": 3597.3700000000003,
        "oppTTOIL10": 593.9,
        "oppTTOIL5": 299.71,
        "oppTTOIL3": 179.43,
        "oppTTOIL1": 59.58
    },
    "vgk": {
        "ttoi": 3612.3199999999993,
        "ttoiL10": 597.18,
        "ttoiL5": 301.48,
        "ttoiL3": 182.68,
        "ttoiL1": 58.15,
        "oppTTOI": 3613.5999999999995,
        "oppTTOIL10": 604.0200000000001,
        "oppTTOIL5": 301.1,
        "oppTTOIL3": 181.1,
        "oppTTOIL1": 58.83
    },
    "car": {
        "ttoi": 3609.5100000000007,
        "ttoiL10": 603.69,
        "ttoiL5": 302.52,
        "ttoiL3": 185.0,
        "ttoiL1": 60.0,
        "oppTTOI": 3609.5800000000004,
        "oppTTOIL10": 603.9,
        "oppTTOIL5": 304.6,
        "oppTTOIL3": 185.23,
        "oppTTOIL1": 60.83
    },
    "buf": {
        "ttoi": 3582.2699999999995,
        "ttoiL10": 602.31,
        "ttoiL5": 306.27,
        "ttoiL3": 186.37,
        "ttoiL1": 61.7,
        "oppTTOI": 3591.92,
        "oppTTOIL10": 598.5300000000001,
        "oppTTOIL5": 294.83000000000004,
        "oppTTOIL3": 177.05,
        "oppTTOIL1": 58.3
    },
    "bos": {
        "ttoi": 3704.7300000000005,
        "ttoiL10": 622.02,
        "ttoiL5": 313.42,
        "ttoiL3": 186.57,
        "ttoiL1": 60.0,
        "oppTTOI": 3682.0499999999997,
        "oppTTOIL10": 596.5799999999999,
        "oppTTOIL5": 296.12,
        "oppTTOIL3": 178.61,
        "oppTTOIL1": 60.0
    },
    "wsh": {
        "ttoi": 3518.8099999999995,
        "ttoiL10": 605.74,
        "ttoiL5": 302.95,
        "ttoiL3": 179.78,
        "ttoiL1": 60.0,
        "oppTTOI": 3556.75,
        "oppTTOIL10": 600.93,
        "oppTTOIL5": 291.71,
        "oppTTOIL3": 176.01,
        "oppTTOIL1": 57.480000000000004
    },
    "stl": {
        "ttoi": 3522.98,
        "ttoiL10": 593.51,
        "ttoiL5": 296.88,
        "ttoiL3": 180.25,
        "ttoiL1": 64.2,
        "oppTTOI": 3533.2000000000007,
        "oppTTOIL10": 597.6800000000001,
        "oppTTOIL5": 296.6,
        "oppTTOIL3": 177.4,
        "oppTTOIL1": 60.0
    },
    "ott": {
        "ttoi": 3479.68,
        "ttoiL10": 603.59,
        "ttoiL5": 304.23,
        "ttoiL3": 179.23,
        "ttoiL1": 59.23,
        "oppTTOI": 3471.669999999999,
        "oppTTOIL10": 602.82,
        "oppTTOIL5": 300.99,
        "oppTTOIL3": 181.07,
        "oppTTOIL1": 61.17
    },
    "tor": {
        "ttoi": 3561.5699999999997,
        "ttoiL10": 598.38,
        "ttoiL5": 299.09999999999997,
        "ttoiL3": 179.45,
        "ttoiL1": 60.0,
        "oppTTOI": 3571.369999999999,
        "oppTTOIL10": 603.98,
        "oppTTOIL5": 303.33000000000004,
        "oppTTOIL3": 183.33,
        "oppTTOIL1": 58.95
    },
    "tb": {
        "ttoi": 3702.540000000001,
        "ttoiL10": 596.23,
        "ttoiL5": 295.13,
        "ttoiL3": 176.78,
        "ttoiL1": 61.15,
        "oppTTOI": 3714.860000000001,
        "oppTTOIL10": 594.9799999999999,
        "oppTTOIL5": 296.75,
        "oppTTOIL3": 177.18,
        "oppTTOIL1": 58.43
    },
    "nsh": {
        "ttoi": 3636.6199999999994,
        "ttoiL10": 599.69,
        "ttoiL5": 299.27,
        "ttoiL3": 179.9,
        "ttoiL1": 60.0,
        "oppTTOI": 3640.75,
        "oppTTOIL10": 597.74,
        "oppTTOIL5": 299.61,
        "oppTTOIL3": 184.1,
        "oppTTOIL1": 59.92
    },
    "nyr": {
        "ttoi": 3530.3499999999995,
        "ttoiL10": 594.63,
        "ttoiL5": 295.88,
        "ttoiL3": 176.48,
        "ttoiL1": 59.8,
        "oppTTOI": 3589.3499999999995,
        "oppTTOIL10": 596.39,
        "oppTTOIL5": 299.4,
        "oppTTOIL3": 181.38,
        "oppTTOIL1": 59.5
    },
    "nj": {
        "ttoi": 3577.599999999999,
        "ttoiL10": 592.97,
        "ttoiL5": 295.39,
        "ttoiL3": 175.72,
        "ttoiL1": 56.45,
        "oppTTOI": 3582.140000000001,
        "oppTTOIL10": 599.19,
        "oppTTOIL5": 296.15,
        "oppTTOIL3": 176.15,
        "oppTTOIL1": 60.0
    },
    "cbj": {
        "ttoi": 3475.3000000000006,
        "ttoiL10": 581.26,
        "ttoiL5": 287.32,
        "ttoiL3": 174.95,
        "ttoiL1": 56.63,
        "oppTTOI": 3549.76,
        "oppTTOIL10": 596.2099999999999,
        "oppTTOIL5": 299.05999999999995,
        "oppTTOIL3": 177.01,
        "oppTTOIL1": 60.0
    },