{
    "ana": {
        "ttoi": 4880.71,
        "ttoiL10": 608.3,
        "ttoiL5": 305.92,
        "ttoiL3": 185.51,
        "ttoiL1": 61.18,
        "oppTTOI": 4874.69,
        "oppTTOIL10": 608.35,
        "oppTTOIL5": 306.8,
        "oppTTOIL3": 182.85,
        "oppTTOIL1": 60.0
    },
    "wpg": {
        "ttoi": 5041.24,
        "ttoiL10": 603.21,
        "ttoiL5": 299.68,
        "ttoiL3": 179.88,
        "ttoiL1": 60.0,
        "oppTTOI": 5024.04,
        "oppTTOIL10": 604.62,
        "oppTTOIL5": 300.64,
        "oppTTOIL3": 184.61,
        "oppTTOIL1": 61.18
    },
    "min": {
        "ttoi": 5131.96,
        "ttoiL10": 622.72,
        "ttoiL5": 324.12,
        "ttoiL3": 201.51,
        "ttoiL1": 64.08,
        "oppTTOI": 5114.71,
        "oppTTOIL10": 592.32,
        "oppTTOIL5": 300.72,
        "oppTTOIL3": 182.57,
        "oppTTOIL1": 64.7
    },
    "col": {
        "ttoi": 5146.35,
        "ttoiL10": 619.46,
        "ttoiL5": 321.44,
        "ttoiL3": 184.01999999999998,
        "ttoiL1": 58.5,
        "oppTTOI": 5165.07,
        "oppTTOIL10": 595.93,
        "oppTTOIL5": 298.7,
        "oppTTOIL3": 178.7,
        "oppTTOIL1": 59.63
    },
    "la": {
        "ttoi": 5114.15,
        "ttoiL10": 610.96,
        "ttoiL5": 313.53000000000003,
        "ttoiL3": 193.53,
        "ttoiL1": 56.88,
        "oppTTOI": 5092.8,
        "oppTTOIL10": 599.62,
        "oppTTOIL5": 302.02,
        "oppTTOIL3": 182.64,
        "oppTTOIL1": 59.23
    },
    "cgy": {
        "ttoi": 4839.83,
        "ttoiL10": 617.42,
        "ttoiL5": 306.18,
        "ttoiL3": 185.0,
        "ttoiL1": 65.0,
        "oppTTOI": 4820.21,
        "oppTTOIL10": 618.01,
        "oppTTOIL5": 306.06,
        "oppTTOIL3": 179.61,
        "oppTTOIL1": 61.18
    },
    "edm": {
        "ttoi": 5210.08,
        "ttoiL10": 610.84,
        "ttoiL5": 313.93,
        "ttoiL3": 196.4,
        "ttoiL1": 60.0,
        "oppTTOI": 5152.58,
        "oppTTOIL10": 598.62,
        "oppTTOIL5": 296.25,
        "oppTTOIL3": 178.27,
        "oppTTOIL1": 60.0
    },
    "van": {
        "ttoi": 4890.12,
        "ttoiL10": 607.47,
        "ttoiL5": 309.15,
        "ttoiL3": 186.43,
        "ttoiL1": 59.25,
        "oppTTOI": 4889.98,
        "oppTTOIL10": 600.87,
        "oppTTOIL5": 297.88,
        "oppTTOIL3": 177.88,
        "oppTTOIL1": 60.0
    },
    "sj": {
        "ttoi": 4838.28,
        "ttoiL10": 599.63,
        "ttoiL5": 301.4,
        "ttoiL3": 183.2,
        "ttoiL1": 58.85,
        "oppTTOI": 4874.7,
        "oppTTOIL10": 600.66,
        "oppTTOIL5": 303.76,
        "oppTTOIL3": 184.82999999999998,
        "oppTTOIL1": 65.0
    },
    "tor": {
        "ttoi": 5049.9,
        "ttoiL10": 620.57,
        "ttoiL5": 318.78,
        "ttoiL3": 198.78,
        "ttoiL1": 57.93,
        "oppTTOI": 5027.8,
        "oppTTOIL10": 595.26,
        "oppTTOIL5": 298.35,
        "oppTTOIL3": 180.85,
        "oppTTOIL1": 57.7
    },
    "nyr": {
        "ttoi": 4773.11,
        "ttoiL10": 593.78,
        "ttoiL5": 295.39,
        "ttoiL3": 178.38,
        "ttoiL1": 60.0,
        "oppTTOI": 4785.0,
        "oppTTOIL10": 592.56,
        "oppTTOIL5": 294.98,
        "oppTTOIL3": 176.95,
        "oppTTOIL1": 60.98
    },
    "bos": {
        "ttoi": 4800.55,
        "ttoiL10": 591.04,
        "ttoiL5": 296.17,
        "ttoiL3": 178.47,
        "ttoiL1": 61.47,
        "oppTTOI": 4807.66,
        "oppTTOIL10": 607.35,
        "oppTTOIL5": 308.46999999999997,
        "oppTTOIL3": 183.65,
        "oppTTOIL1": 60.0
    },
    "car": {
        "ttoi": 5119.7,
        "ttoiL10": 650.34,
        "ttoiL5": 346.43,
        "ttoiL3": 226.88,
        "ttoiL1": 84.28,
        "oppTTOI": 5130.39,
        "oppTTOIL10": 603.24,
        "oppTTOIL5": 300.89,
        "oppTTOIL3": 181.21,
        "oppTTOIL1": 59.67
    },
    "nsh": {
        "ttoi": 4761.72,
        "ttoiL10": 597.88,
        "ttoiL5": 303.33,
        "ttoiL3": 178.45,
        "ttoiL1": 60.0,
        "oppTTOI": 4847.18,
        "oppTTOIL10": 592.05,
        "oppTTOIL5": 298.12,
        "oppTTOIL3": 179.57,
        "oppTTOIL1": 59.57
    },
    "dal": {
        "ttoi": 5118.45,
        "ttoiL10": 624.85,
        "ttoiL5": 322.58,
        "ttoiL3": 185.14999999999998,
        "ttoiL1": 60.0,
        "oppTTOI": 5091.01,
        "oppTTOIL10": 597.63,
        "oppTTOIL5": 299.73,
        "oppTTOIL3": 181.63,
        "oppTTOIL1": 61.83
    },
    "stl": {
        "ttoi": 5034.09,
        "ttoiL10": 600.4,
        "ttoiL5": 300.99,
        "ttoiL3": 176.29,
        "ttoiL1": 60.0,
        "oppTTOI": 5049.0,
        "oppTTOIL10": 599.81,
        "oppTTOIL5": 301.48,
        "oppTTOIL3": 178.6,
        "oppTTOIL1": 60.0
    },
    "utah": {
        "ttoi": 4886.62,
        "ttoiL10": 607.44,
        "ttoiL5": 303.37,
        "ttoiL3": 178.65,
        "ttoiL1": 60.0,
        "oppTTOI": 4888.89,
        "oppTTOIL10": 607.47,
        "oppTTOIL5": 307.03,
        "oppTTOIL3": 184.41,
        "oppTTOIL1": 58.58
    },
    "wsh": {
        "ttoi": 5000.32,
        "ttoiL10": 607.43,
        "ttoiL5": 302.43,
        "ttoiL3": 180.0,
        "ttoiL1": 60.0,
        "oppTTOI": 4965.01,
        "oppTTOIL10": 601.89,
        "oppTTOIL5": 295.09,
        "oppTTOIL3": 176.92,
        "oppTTOIL1": 58.62
    },
    "nyi": {
        "ttoi": 4792.8,
        "ttoiL10": 598.31,
        "ttoiL5": 302.64,
        "ttoiL3": 180.71,
        "ttoiL1": 57.53,
        "oppTTOI": 4796.44,
        "oppTTOIL10": 596.15,
        "oppTTOIL5": 301.07,
        "oppTTOIL3": 177.9,
        "oppTTOIL1": 59.7
    },
    "chi": {
        "ttoi": 4851.8,
        "ttoiL10": 612.75,
        "ttoiL5": 310.63,
        "ttoiL3": 190.63,
        "ttoiL1": 60.8,
        "oppTTOI": 4861.02,
        "oppTTOIL10": 596.38,
        "oppTTOIL5": 295.63,
        "oppTTOIL3": 178.53,
        "oppTTOIL1": 60.0
    },
    "buf": {
        "ttoi": 4662.35,
        "ttoiL10": 607.0,
        "ttoiL5": 302.18,
        "ttoiL3": 184.05,
        "ttoiL1": 59.05,
        "oppTTOI": 4677.78,
        "oppTTOIL10": 601.64,
        "oppTTOIL5": 304.12,
        "oppTTOIL3": 179.52,
        "oppTTOIL1": 57.82
    },
    "det": {
        "ttoi": 4801.67,
        "ttoiL10": 601.72,
        "ttoiL5": 301.59,
        "ttoiL3": 183.37,
        "ttoiL1": 60.0,
        "oppTTOI": 4790.76,
        "oppTTOIL10": 600.55,
        "oppTTOIL5": 300.56,
        "oppTTOIL3": 178.68,
        "oppTTOIL1": 61.08
    },
    "mtl": {
        "ttoi": 5052.14,
        "ttoiL10": 603.99,
        "ttoiL5": 298.85,
        "ttoiL3": 176.5,
        "ttoiL1": 58.38,
        "oppTTOI": 5048.73,
        "oppTTOIL10": 601.41,
        "oppTTOIL5": 304.0,
        "oppTTOIL3": 184.0,
        "oppTTOIL1": 60.0
    },
    "sea": {
        "ttoi": 4809.0,
        "ttoiL10": 596.53,
        "ttoiL5": 298.96,
        "ttoiL3": 179.34,
        "ttoiL1": 56.62,
        "oppTTOI": 4845.53,
        "oppTTOIL10": 588.35,
        "oppTTOIL5": 292.8,
        "oppTTOIL3": 175.32999999999998,
        "oppTTOIL1": 60.0
    },
    "pit": {
        "ttoi": 4823.22,
        "ttoiL10": 605.24,
        "ttoiL5": 298.89,
        "ttoiL3": 179.77,
        "ttoiL1": 59.85,
        "oppTTOI": 4819.18,
        "oppTTOIL10": 599.5699999999999,
        "oppTTOIL5": 299.96,
        "oppTTOIL3": 181.98,
        "oppTTOIL1": 59.5
    },
    "fla": {
        "ttoi": 4978.79,
        "ttoiL10": 600.82,
        "ttoiL5": 299.28,
        "ttoiL3": 179.28,
        "ttoiL1": 59.85,
        "oppTTOI": 4981.42,
        "oppTTOIL10": 600.46,
        "oppTTOIL5": 301.36,
        "oppTTOIL3": 178.07,
        "oppTTOIL1": 59.85
    },
    "tb": {
        "ttoi": 4911.2,
        "ttoiL10": 606.6,
        "ttoiL5": 298.17,
        "ttoiL3": 178.24,
        "ttoiL1": 58.47,
        "oppTTOI": 4918.15,
        "oppTTOIL10": 603.99,
        "oppTTOIL5": 302.53,
        "oppTTOIL3": 182.53,
        "oppTTOIL1": 64.55
    },
    "phi": {
        "ttoi": 4754.79,
        "ttoiL10": 601.73,