{
    "ana": {
        "ttoi": 235.15,
        "ttoiL10": 235.15,
        "ttoiL5": 235.15,
        "ttoiL3": 175.3,
        "ttoiL1": 57.87,
        "oppTTOI": 237.03000000000003,
        "oppTTOIL10": 237.03000000000003,
        "oppTTOIL5": 237.03000000000003,
        "oppTTOIL3": 177.98000000000002,
        "oppTTOIL1": 58.63
    },
    "ari": {
        "ttoi": 300.23,
        "ttoiL10": 300.23,
        "ttoiL5": 300.23,
        "ttoiL3": 176.51,
        "ttoiL1": 58.63,
        "oppTTOI": 302.43,
        "oppTTOIL10": 302.43,
        "oppTTOIL5": 302.43,
        "oppTTOIL3": 182.69,
        "oppTTOIL1": 57.87
    },
    "dal": {
        "ttoi": 252.22,
        "ttoiL10": 252.22,
        "ttoiL5": 252.22,
        "ttoiL3": 187.22,
        "ttoiL1": 62.22,
        "oppTTOI": 249.06,
        "oppTTOIL10": 249.06,
        "oppTTOIL5": 249.06,
        "oppTTOIL3": 184.82999999999998,
        "oppTTOIL1": 57.78
    },
    "car": {
        "ttoi": 360.25,
        "ttoiL10": 360.25,
        "ttoiL5": 300.25,
        "ttoiL3": 175.9,
        "ttoiL1": 56.95,
        "oppTTOI": 363.25,
        "oppTTOIL10": 363.25,
        "oppTTOIL5": 303.25,
        "oppTTOIL3": 184.05,
        "oppTTOIL1": 59.65
    },
    "vgk": {
        "ttoi": 362.71000000000004,
        "ttoiL10": 362.71000000000004,
        "ttoiL5": 302.71000000000004,
        "ttoiL3": 183.66000000000003,
        "ttoiL1": 59.45,
        "oppTTOI": 363.87,
        "oppTTOIL10": 363.87,
        "oppTTOIL5": 304.47,
        "oppTTOIL3": 184.85,
        "oppTTOIL1": 59.85
    },
    "stl": {
        "ttoi": 249.64999999999998,
        "ttoiL10": 249.64999999999998,
        "ttoiL5": 249.64999999999998,
        "ttoiL3": 184.82,
        "ttoiL1": 60.0,
        "oppTTOI": 247.88,
        "oppTTOIL10": 247.88,
        "oppTTOIL5": 247.88,
        "oppTTOIL3": 182.88,
        "oppTTOIL1": 59.85
    },
    "nyi": {
        "ttoi": 240.57,
        "ttoiL10": 240.57,
        "ttoiL5": 240.57,
        "ttoiL3": 180.72,
        "ttoiL1": 59.12,
        "oppTTOI": 239.88,
        "oppTTOIL10": 239.88,
        "oppTTOIL5": 239.88,
        "oppTTOIL3": 177.56,
        "oppTTOIL1": 58.03
    },
    "nyr": {
        "ttoi": 296.56,
        "ttoiL10": 296.56,
        "ttoiL5": 296.56,
        "ttoiL3": 179.89,
        "ttoiL1": 60.0,
        "oppTTOI": 297.07,
        "oppTTOIL10": 297.07,
        "oppTTOIL5": 297.07,
        "oppTTOIL3": 177.52,
        "oppTTOIL1": 58.72
    },
    "nj": {
        "ttoi": 243.29,
        "ttoiL10": 243.29,
        "ttoiL5": 243.29,
        "ttoiL3": 183.32,
        "ttoiL1": 62.32,
        "oppTTOI": 244.58,
        "oppTTOIL10": 244.58,
        "oppTTOIL5": 244.58,
        "oppTTOIL3": 182.8,
        "oppTTOIL1": 65.0
    },
    "bos": {
        "ttoi": 238.9,
        "ttoiL10": 238.9,
        "ttoiL5": 238.9,
        "ttoiL3": 179.02,
        "ttoiL1": 60.0,
        "oppTTOI": 231.35999999999999,
        "oppTTOIL10": 231.35999999999999,
        "oppTTOIL5": 231.35999999999999,
        "oppTTOIL3": 174.82999999999998,
        "oppTTOIL1": 59.18
    },
    "la": {
        "ttoi": 302.1,
        "ttoiL10": 302.1,
        "ttoiL5": 302.1,
        "ttoiL3": 178.05,
        "ttoiL1": 58.05,
        "oppTTOI": 303.44,
        "oppTTOIL10": 303.44,
        "oppTTOIL5": 303.44,
        "oppTTOIL3": 185.0,
        "oppTTOIL1": 60.0
    },
    "sj": {
        "ttoi": 301.53,
        "ttoiL10": 301.53,
        "ttoiL5": 301.53,
        "ttoiL3": 176.53,
        "ttoiL1": 60.0,
        "oppTTOI": 303.85,
        "oppTTOIL10": 303.85,
        "oppTTOIL5": 303.85,
        "oppTTOIL3": 183.85000000000002,
        "oppTTOIL1": 60.0
    },
    "nsh": {
        "ttoi": 352.89,
        "ttoiL10": 352.89,
        "ttoiL5": 295.62,
        "ttoiL3": 178.42000000000002,
        "ttoiL1": 60.0,
        "oppTTOI": 356.86,
        "oppTTOIL10": 356.86,
        "oppTTOIL5": 296.86,
        "oppTTOIL3": 178.99,
        "oppTTOIL1": 59.02
    },
    "chi": {
        "ttoi": 357.28,
        "ttoiL10": 357.28,
        "ttoiL5": 297.28,
        "ttoiL3": 180.0,
        "ttoiL1": 60.0,
        "oppTTOI": 353.05,
        "oppTTOIL10": 353.05,
        "oppTTOIL5": 293.6,
        "oppTTOIL3": 179.88,
        "oppTTOIL1": 59.88
    },
    "buf": {
        "ttoi": 299.17,
        "ttoiL10": 299.17,
        "ttoiL5": 299.17,
        "ttoiL3": 180.74,
        "ttoiL1": 60.0,
        "oppTTOI": 299.15,
        "oppTTOIL10": 299.15,
        "oppTTOIL5": 299.15,
        "oppTTOIL3": 178.97,
        "oppTTOIL1": 60.0
    },
    "cgy": {
        "ttoi": 300.22,
        "ttoiL10": 300.22,
        "ttoiL5": 300.22,
        "ttoiL3": 182.67000000000002,
        "ttoiL1": 57.87,
        "oppTTOI": 301.87,
        "oppTTOIL10": 301.87,
        "oppTTOIL5": 301.87,
        "oppTTOIL3": 178.67000000000002,
        "oppTTOIL1": 58.97
    },
    "tb": {
        "ttoi": 360.23,
        "ttoiL10": 360.23,
        "ttoiL5": 300.23,
        "ttoiL3": 184.26,
        "ttoiL1": 64.08,
        "oppTTOI": 360.42,
        "oppTTOIL10": 360.42,
        "oppTTOIL5": 302.69,
        "oppTTOIL3": 179.04000000000002,
        "oppTTOIL1": 61.77
    },
    "col": {
        "ttoi": 304.2,
        "ttoiL10": 304.2,
        "ttoiL5": 304.2,
        "ttoiL3": 180.0,
        "ttoiL1": 60.0,
        "oppTTOI": 301.25,
        "oppTTOIL10": 301.25,
        "oppTTOIL5": 301.25,
        "oppTTOIL3": 176.6,
        "oppTTOIL1": 56.95
    },
    "sea": {
        "ttoi": 361.92,
        "ttoiL10": 361.92,
        "ttoiL5": 302.3,
        "ttoiL3": 179.43,
        "ttoiL1": 60.0,
        "oppTTOI": 363.9,
        "oppTTOIL10": 363.9,
        "oppTTOIL5": 303.9,
        "oppTTOIL3": 178.9,
        "oppTTOIL1": 59.3
    },
    "ott": {
        "ttoi": 298.32,
        "ttoiL10": 298.32,
        "ttoiL5": 298.32,
        "ttoiL3": 179.17,
        "ttoiL1": 59.6,
        "oppTTOI": 296.77,
        "oppTTOIL10": 296.77,
        "oppTTOIL5": 296.77,
        "oppTTOIL3": 178.3,
        "oppTTOIL1": 60.0
    },
    "cbj": {
        "ttoi": 300.22,
        "ttoiL10": 300.22,
        "ttoiL5": 300.22,
        "ttoiL3": 182.3,
        "ttoiL1": 63.03,
        "oppTTOI": 297.57,
        "oppTTOIL10": 297.57,
        "oppTTOIL5": 297.57,
        "oppTTOIL3": 180.9,
        "oppTTOIL1": 57.87
    },
    "min": {
        "ttoi": 301.45000000000005,
        "ttoiL10": 301.45000000000005,
        "ttoiL5": 301.45000000000005,
        "ttoiL3": 181.45000000000002,
        "ttoiL1": 63.03,
        "oppTTOI": 298.6,
        "oppTTOIL10": 298.6,
        "oppTTOIL5": 298.6,
        "oppTTOIL3": 180.32999999999998,
        "oppTTOIL1": 63.03
    },
    "det": {
        "ttoi": 297.15,
        "ttoiL10": 297.15,
        "ttoiL5": 297.15,
        "ttoiL3": 179.35,
        "ttoiL1": 59.35,
        "oppTTOI": 295.76,
        "oppTTOIL10": 295.76,
        "oppTTOIL5": 295.76,
        "oppTTOIL3": 178.84,
        "oppTTOIL1": 59.27
    },
    "phi": {
        "ttoi": 300.89,
        "ttoiL10": 300.89,
        "ttoiL5": 300.89,
        "ttoiL3": 181.94,
        "ttoiL1": 62.22,
        "oppTTOI": 297.47,
        "oppTTOIL10": 297.47,
        "oppTTOIL5": 297.47,
        "oppTTOIL3": 180.24,
        "oppTTOIL1": 58.02
    },
    "wsh": {
        "ttoi": 245.45000000000002,
        "ttoiL10": 245.45000000000002,
        "ttoiL5": 245.45000000000002,
        "ttoiL3": 185.52,
        "ttoiL1": 60.52,
        "oppTTOI": 245.57999999999998,
        "oppTTOIL10": 245.57999999999998,
        "oppTTOIL5": 245.57999999999998,
        "oppTTOIL3": 185.57999999999998,
        "oppTTOIL1": 64.8
    },
    "pit": {
        "ttoi": 294.65,
        "ttoiL10": 294.65,
        "ttoiL5": 294.65,
        "ttoiL3": 177.15,
        "ttoiL1": 58.03,
        "oppTTOI": 297.75,
        "oppTTOIL10": 297.75,
        "oppTTOIL5": 297.75,
        "oppTTOIL3": 177.82,
        "oppTTOIL1": 57.82
    },
    "wpg": {
        "ttoi": 301.27,
        "ttoiL10": 301.27,
        "ttoiL5": 301.27,