{
    "ana": {
        "ttoi": 534.72,
        "ttoiL10": 534.72,
        "ttoiL5": 299.57,
        "ttoiL3": 178.66,
        "ttoiL1": 60.0,
        "oppTTOI": 539.44,
        "oppTTOIL10": 539.44,
        "oppTTOIL5": 301.16,
        "oppTTOIL3": 180.08,
        "oppTTOIL1": 58.63
    },
    "pit": {
        "ttoi": 534.35,
        "ttoiL10": 534.35,
        "ttoiL5": 297.73,
        "ttoiL3": 179.7,
        "ttoiL1": 59.7,
        "oppTTOI": 537.75,
        "oppTTOIL10": 537.75,
        "oppTTOIL5": 297.82,
        "oppTTOIL3": 177.82,
        "oppTTOIL1": 60.0
    },
    "phi": {
        "ttoi": 539.9000000000001,
        "ttoiL10": 539.9000000000001,
        "ttoiL5": 301.23,
        "ttoiL3": 179.26,
        "ttoiL1": 59.73,
        "oppTTOI": 536.99,
        "oppTTOIL10": 536.99,
        "oppTTOIL5": 299.97,
        "oppTTOIL3": 177.75,
        "oppTTOIL1": 59.73
    },
    "bos": {
        "ttoi": 543.77,
        "ttoiL10": 543.77,
        "ttoiL5": 304.87,
        "ttoiL3": 185.05,
        "ttoiL1": 63.6,
        "oppTTOI": 529.6700000000001,
        "oppTTOIL10": 529.6700000000001,
        "oppTTOIL5": 293.89,
        "oppTTOIL3": 176.94,
        "oppTTOIL1": 58.93
    },
    "cbj": {
        "ttoi": 540.5799999999999,
        "ttoiL10": 540.5799999999999,
        "ttoiL5": 303.39,
        "ttoiL3": 178.63,
        "ttoiL1": 57.22,
        "oppTTOI": 543.75,
        "oppTTOIL10": 543.75,
        "oppTTOIL5": 302.79999999999995,
        "oppTTOIL3": 179.76999999999998,
        "oppTTOIL1": 62.33
    },
    "ari": {
        "ttoi": 477.69000000000005,
        "ttoiL10": 477.69000000000005,
        "ttoiL5": 295.94,
        "ttoiL3": 177.46,
        "ttoiL1": 59.8,
        "oppTTOI": 481.72,
        "oppTTOIL10": 481.72,
        "oppTTOIL5": 302.16,
        "oppTTOIL3": 177.29000000000002,
        "oppTTOIL1": 57.87
    },
    "dal": {
        "ttoi": 428.16999999999996,
        "ttoiL10": 428.16999999999996,
        "ttoiL5": 298.16999999999996,
        "ttoiL3": 175.95,
        "ttoiL1": 59.57,
        "oppTTOI": 426.21000000000004,
        "oppTTOIL10": 426.21000000000004,
        "oppTTOIL5": 302.05,
        "oppTTOIL3": 177.22,
        "oppTTOIL1": 57.78
    },
    "car": {
        "ttoi": 603.98,
        "ttoiL10": 603.98,
        "ttoiL5": 300.68,
        "ttoiL3": 184.82999999999998,
        "ttoiL1": 60.0,
        "oppTTOI": 607.8100000000001,
        "oppTTOIL10": 607.8100000000001,
        "oppTTOIL5": 303.20000000000005,
        "oppTTOIL3": 184.05,
        "oppTTOIL1": 59.65
    },
    "vgk": {
        "ttoi": 614.74,
        "ttoiL10": 614.74,
        "ttoiL5": 311.47999999999996,
        "ttoiL3": 192.15999999999997,
        "ttoiL1": 64.33,
        "oppTTOI": 614.8100000000001,
        "oppTTOIL10": 614.8100000000001,
        "oppTTOIL5": 311.04,
        "oppTTOIL3": 182.12,
        "oppTTOIL1": 59.85
    },
    "chi": {
        "ttoi": 538.98,
        "ttoiL10": 538.98,
        "ttoiL5": 301.70000000000005,
        "ttoiL3": 181.70000000000002,
        "ttoiL1": 60.0,
        "oppTTOI": 535.5,
        "oppTTOIL10": 535.5,
        "oppTTOIL5": 299.5,
        "oppTTOIL3": 179.5,
        "oppTTOIL1": 59.8
    },
    "la": {
        "ttoi": 485.30999999999995,
        "ttoiL10": 485.30999999999995,
        "ttoiL5": 301.26,
        "ttoiL3": 183.21,
        "ttoiL1": 63.92,
        "oppTTOI": 486.09999999999997,
        "oppTTOIL10": 486.09999999999997,
        "oppTTOIL5": 302.65999999999997,
        "oppTTOIL3": 177.66,
        "oppTTOIL1": 59.67
    },
    "stl": {
        "ttoi": 428.55,
        "ttoiL10": 428.55,
        "ttoiL5": 298.72,
        "ttoiL3": 178.9,
        "ttoiL1": 60.0,
        "oppTTOI": 426.83000000000004,
        "oppTTOIL10": 426.83000000000004,
        "oppTTOIL5": 307.3,
        "oppTTOIL3": 184.27,
        "oppTTOIL1": 59.85
    },
    "nyi": {
        "ttoi": 480.64000000000004,
        "ttoiL10": 480.64000000000004,
        "ttoiL5": 299.19,
        "ttoiL3": 181.29,
        "ttoiL1": 61.42,
        "oppTTOI": 476.88000000000005,
        "oppTTOIL10": 476.88000000000005,
        "oppTTOIL5": 294.22,
        "oppTTOIL3": 177.56,
        "oppTTOIL1": 58.03
    },
    "nyr": {
        "ttoi": 543.6600000000001,
        "ttoiL10": 543.6600000000001,
        "ttoiL5": 307.1,
        "ttoiL3": 187.3,
        "ttoiL1": 64.18,
        "oppTTOI": 544.72,
        "oppTTOIL10": 544.72,
        "oppTTOIL5": 296.8,
        "oppTTOIL3": 177.52,
        "oppTTOIL1": 58.72
    },
    "nj": {
        "ttoi": 480.15999999999997,
        "ttoiL10": 480.15999999999997,
        "ttoiL5": 299.19,
        "ttoiL3": 177.22,
        "ttoiL1": 60.0,
        "oppTTOI": 477.58000000000004,
        "oppTTOIL10": 477.58000000000004,
        "oppTTOIL5": 298.0,
        "oppTTOIL3": 180.7,
        "oppTTOIL1": 65.0
    },
    "fla": {
        "ttoi": 477.46,
        "ttoiL10": 477.46,
        "ttoiL5": 302.21,
        "ttoiL3": 183.07999999999998,
        "ttoiL1": 63.6,
        "oppTTOI": 472.5,
        "oppTTOIL10": 472.5,
        "oppTTOIL5": 294.8,
        "oppTTOIL3": 179.6,
        "oppTTOIL1": 63.6
    },
    "det": {
        "ttoi": 600.0899999999999,
        "ttoiL10": 600.0899999999999,
        "ttoiL5": 302.94,
        "ttoiL3": 178.01999999999998,
        "ttoiL1": 61.42,
        "oppTTOI": 601.63,
        "oppTTOIL10": 601.63,
        "oppTTOIL5": 300.51,
        "oppTTOIL3": 179.12,
        "oppTTOIL1": 60.0
    },
    "sj": {
        "ttoi": 537.43,
        "ttoiL10": 537.43,
        "ttoiL5": 295.9,
        "ttoiL3": 179.03,
        "ttoiL1": 59.5,
        "oppTTOI": 543.2,
        "oppTTOIL10": 543.2,
        "oppTTOIL5": 303.33000000000004,
        "oppTTOIL3": 179.65,
        "oppTTOIL1": 60.0
    },
    "nsh": {
        "ttoi": 474.06000000000006,
        "ttoiL10": 474.06000000000006,
        "ttoiL5": 299.59000000000003,
        "ttoiL3": 181.17000000000002,
        "ttoiL1": 62.22,
        "oppTTOI": 478.94,
        "oppTTOIL10": 478.94,
        "oppTTOIL5": 296.86,
        "oppTTOIL3": 178.99,
        "oppTTOIL1": 59.02
    },
    "buf": {
        "ttoi": 533.65,
        "ttoiL10": 533.65,
        "ttoiL5": 294.48,
        "ttoiL3": 177.60000000000002,
        "ttoiL1": 60.0,
        "oppTTOI": 538.0699999999999,
        "oppTTOIL10": 538.0699999999999,
        "oppTTOIL5": 298.34,
        "oppTTOIL3": 179.22,
        "oppTTOIL1": 60.0
    },
    "col": {
        "ttoi": 482.95,
        "ttoiL10": 482.95,
        "ttoiL5": 298.75,
        "ttoiL3": 178.75,
        "ttoiL1": 59.22,
        "oppTTOI": 480.03,
        "oppTTOIL10": 480.03,
        "oppTTOIL5": 295.38,
        "oppTTOIL3": 176.95,
        "oppTTOIL1": 60.0
    },
    "ott": {
        "ttoi": 476.94000000000005,
        "ttoiL10": 476.94000000000005,
        "ttoiL5": 298.22,
        "ttoiL3": 178.62,
        "ttoiL1": 60.0,
        "oppTTOI": 476.34000000000003,
        "oppTTOIL10": 476.34000000000003,
        "oppTTOIL5": 297.87,
        "oppTTOIL3": 179.05,
        "oppTTOIL1": 59.7
    },
    "mtl": {
        "ttoi": 556.13,
        "ttoiL10": 556.13,
        "ttoiL5": 312.08,
        "ttoiL3": 194.28,
        "ttoiL1": 65.0,
        "oppTTOI": 550.76,
        "oppTTOIL10": 550.76,
        "oppTTOIL5": 298.81,
        "oppTTOIL3": 179.26,
        "oppTTOIL1": 56.88
    },
    "cgy": {
        "ttoi": 536.8199999999999,
        "ttoiL10": 536.8199999999999,
        "ttoiL5": 294.46999999999997,
        "ttoiL3": 176.75,
        "ttoiL1": 58.05,
        "oppTTOI": 541.3499999999999,
        "oppTTOIL10": 541.3499999999999,
        "oppTTOIL5": 298.52,
        "oppTTOIL3": 178.97,
        "oppTTOIL1": 58.97
    },
    "tb": {
        "ttoi": 542.81,
        "ttoiL10": 542.81,
        "ttoiL5": 306.65999999999997,
        "ttoiL3": 182.57999999999998,
        "ttoiL1": 62.58,
        "oppTTOI": 541.73,
        "oppTTOIL10": 541.73,
        "oppTTOIL5": 297.51000000000005,
        "oppTTOIL3": 180.67000000000002,