{
    "pit": {
        "ttoi": 3917.91,
        "ttoiL10": 595.24,
        "ttoiL5": 297.47,
        "ttoiL3": 178.57,
        "ttoiL1": 60.0,
        "oppTTOI": 3920.07,
        "oppTTOIL10": 611.98,
        "oppTTOIL5": 308.58,
        "oppTTOIL3": 182.07999999999998,
        "oppTTOIL1": 59.5
    },
    "min": {
        "ttoi": 3779.47,
        "ttoiL10": 595.91,
        "ttoiL5": 295.49,
        "ttoiL3": 176.41,
        "ttoiL1": 57.58,
        "oppTTOI": 3762.23,
        "oppTTOIL10": 592.05,
        "oppTTOIL5": 293.94,
        "oppTTOIL3": 177.19,
        "oppTTOIL1": 60.0
    },
    "vgk": {
        "ttoi": 3707.05,
        "ttoiL10": 594.21,
        "ttoiL5": 296.36,
        "ttoiL3": 177.15,
        "ttoiL1": 57.15,
        "oppTTOI": 3687.86,
        "oppTTOIL10": 590.19,
        "oppTTOIL5": 294.01,
        "oppTTOIL3": 177.9,
        "oppTTOIL1": 60.0
    },
    "col": {
        "ttoi": 3791.83,
        "ttoiL10": 595.73,
        "ttoiL5": 299.26,
        "ttoiL3": 179.26,
        "ttoiL1": 60.0,
        "oppTTOI": 3800.82,
        "oppTTOIL10": 590.14,
        "oppTTOIL5": 296.77,
        "oppTTOIL3": 177.02,
        "oppTTOIL1": 58.57
    },
    "tor": {
        "ttoi": 3774.56,
        "ttoiL10": 608.94,
        "ttoiL5": 308.8,
        "ttoiL3": 182.8,
        "ttoiL1": 64.73,
        "oppTTOI": 3751.29,
        "oppTTOIL10": 594.33,
        "oppTTOIL5": 296.08,
        "oppTTOIL3": 179.37,
        "oppTTOIL1": 61.0
    },
    "bos": {
        "ttoi": 3790.79,
        "ttoiL10": 599.25,
        "ttoiL5": 296.82,
        "ttoiL3": 178.55,
        "ttoiL1": 60.0,
        "oppTTOI": 3784.97,
        "oppTTOIL10": 611.15,
        "oppTTOIL5": 300.05,
        "oppTTOIL3": 177.82,
        "oppTTOIL1": 57.9
    },
    "phi": {
        "ttoi": 3794.73,
        "ttoiL10": 601.86,
        "ttoiL5": 302.98,
        "ttoiL3": 179.47,
        "ttoiL1": 59.8,
        "oppTTOI": 3804.77,
        "oppTTOIL10": 603.03,
        "oppTTOIL5": 300.15999999999997,
        "oppTTOIL3": 179.35,
        "oppTTOIL1": 61.05
    },
    "nyr": {
        "ttoi": 3767.49,
        "ttoiL10": 599.43,
        "ttoiL5": 301.85,
        "ttoiL3": 181.85,
        "ttoiL1": 57.4,
        "oppTTOI": 3765.02,
        "oppTTOIL10": 591.32,
        "oppTTOIL5": 296.4,
        "oppTTOIL3": 176.8,
        "oppTTOIL1": 58.42
    },
    "wsh": {
        "ttoi": 3735.91,
        "ttoiL10": 601.9300000000001,
        "ttoiL5": 307.9,
        "ttoiL3": 184.12,
        "ttoiL1": 60.0,
        "oppTTOI": 3709.82,
        "oppTTOIL10": 592.45,
        "oppTTOIL5": 298.93,
        "oppTTOIL3": 179.26,
        "oppTTOIL1": 60.0
    },
    "nj": {
        "ttoi": 3703.18,
        "ttoiL10": 595.04,
        "ttoiL5": 299.28,
        "ttoiL3": 179.55,
        "ttoiL1": 60.0,
        "oppTTOI": 3709.65,
        "oppTTOIL10": 597.19,
        "oppTTOIL5": 304.08,
        "oppTTOIL3": 184.07999999999998,
        "oppTTOIL1": 65.0
    },
    "nsh": {
        "ttoi": 3629.71,
        "ttoiL10": 600.57,
        "ttoiL5": 301.42,
        "ttoiL3": 182.65,
        "ttoiL1": 62.65,
        "oppTTOI": 3706.98,
        "oppTTOIL10": 603.25,
        "oppTTOIL5": 308.77,
        "oppTTOIL3": 183.76999999999998,
        "oppTTOIL1": 60.0
    },
    "utah": {
        "ttoi": 3800.91,
        "ttoiL10": 607.94,
        "ttoiL5": 305.69,
        "ttoiL3": 188.17000000000002,
        "ttoiL1": 65.0,
        "oppTTOI": 3809.73,
        "oppTTOIL10": 608.46,
        "oppTTOIL5": 303.76,
        "oppTTOIL3": 186.99,
        "oppTTOIL1": 63.9
    },
    "sj": {
        "ttoi": 3818.83,
        "ttoiL10": 604.11,
        "ttoiL5": 300.45,
        "ttoiL3": 177.57999999999998,
        "ttoiL1": 57.83,
        "oppTTOI": 3848.05,
        "oppTTOIL10": 599.15,
        "oppTTOIL5": 301.54,
        "oppTTOIL3": 181.61,
        "oppTTOIL1": 57.93
    },
    "sea": {
        "ttoi": 3792.19,
        "ttoiL10": 590.69,
        "ttoiL5": 293.67,
        "ttoiL3": 175.95,
        "ttoiL1": 58.77,
        "oppTTOI": 3821.86,
        "oppTTOIL10": 591.58,
        "oppTTOIL5": 296.9,
        "oppTTOIL3": 178.22,
        "oppTTOIL1": 59.6
    },
    "ana": {
        "ttoi": 3733.16,
        "ttoiL10": 603.58,
        "ttoiL5": 296.1,
        "ttoiL3": 176.18,
        "ttoiL1": 59.7,
        "oppTTOI": 3729.23,
        "oppTTOIL10": 594.91,
        "oppTTOIL5": 297.07,
        "oppTTOIL3": 178.96,
        "oppTTOIL1": 56.38
    },
    "la": {
        "ttoi": 3665.88,
        "ttoiL10": 610.89,
        "ttoiL5": 301.52,
        "ttoiL3": 185.3,
        "ttoiL1": 60.0,
        "oppTTOI": 3650.66,
        "oppTTOIL10": 604.59,
        "oppTTOIL5": 309.87,
        "oppTTOIL3": 181.47,
        "oppTTOIL1": 60.0
    },
    "buf": {
        "ttoi": 3570.69,
        "ttoiL10": 589.28,
        "ttoiL5": 293.45,
        "ttoiL3": 175.63,
        "ttoiL1": 60.0,
        "oppTTOI": 3589.84,
        "oppTTOIL10": 597.38,
        "oppTTOIL5": 296.62,
        "oppTTOIL3": 180.55,
        "oppTTOIL1": 60.0
    },
    "tb": {
        "ttoi": 3638.66,
        "ttoiL10": 597.6,
        "ttoiL5": 297.78,
        "ttoiL3": 179.38,
        "ttoiL1": 59.38,
        "oppTTOI": 3643.71,
        "oppTTOIL10": 604.94,
        "oppTTOIL5": 307.82,
        "oppTTOIL3": 182.3,
        "oppTTOIL1": 58.7
    },
    "ott": {
        "ttoi": 3702.93,
        "ttoiL10": 597.17,
        "ttoiL5": 304.55,
        "ttoiL3": 181.3,
        "ttoiL1": 60.0,
        "oppTTOI": 3704.88,
        "oppTTOIL10": 598.75,
        "oppTTOIL5": 306.49,
        "oppTTOIL3": 182.44,
        "oppTTOIL1": 59.9
    },
    "edm": {
        "ttoi": 3820.71,
        "ttoiL10": 596.52,
        "ttoiL5": 301.40999999999997,
        "ttoiL3": 182.28,
        "ttoiL1": 57.55,
        "oppTTOI": 3766.04,
        "oppTTOIL10": 594.67,
        "oppTTOIL5": 299.0,
        "oppTTOIL3": 181.2,
        "oppTTOIL1": 59.95
    },
    "cbj": {
        "ttoi": 3732.6,
        "ttoiL10": 597.52,
        "ttoiL5": 297.02,
        "ttoiL3": 177.02,
        "ttoiL1": 60.0,
        "oppTTOI": 3720.36,
        "oppTTOIL10": 610.75,
        "oppTTOIL5": 304.05,
        "oppTTOIL3": 183.35,
        "oppTTOIL1": 65.0
    },
    "car": {
        "ttoi": 3755.15,
        "ttoiL10": 595.5,
        "ttoiL5": 301.67,
        "ttoiL3": 180.0,
        "ttoiL1": 60.0,
        "oppTTOI": 3770.43,
        "oppTTOIL10": 600.38,
        "oppTTOIL5": 300.05,
        "oppTTOIL3": 181.43,
        "oppTTOIL1": 61.5
    },
    "fla": {
        "ttoi": 3719.84,
        "ttoiL10": 594.23,
        "ttoiL5": 299.6,
        "ttoiL3": 179.85,
        "ttoiL1": 60.0,
        "oppTTOI": 3715.0,
        "oppTTOIL10": 602.04,
        "oppTTOIL5": 305.64,
        "oppTTOIL3": 185.79,
        "oppTTOIL1": 64.27
    },
    "det": {
        "ttoi": 3783.77,
        "ttoiL10": 593.93,
        "ttoiL5": 291.82,
        "ttoiL3": 175.0,
        "ttoiL1": 57.13,
        "oppTTOI": 3776.45,
        "oppTTOIL10": 599.44,
        "oppTTOIL5": 298.09000000000003,
        "oppTTOIL3": 179.82,
        "oppTTOIL1": 58.55
    },
    "nyi": {
        "ttoi": 3704.0299999999997,
        "ttoiL10": 588.24,
        "ttoiL5": 293.92,
        "ttoiL3": 176.5,
        "ttoiL1": 57.08,
        "oppTTOI": 3703.21,
        "oppTTOIL10": 600.17,
        "oppTTOIL5": 300.94,
        "oppTTOIL3": 181.62,
        "oppTTOIL1": 59.37
    },
    "mtl": {
        "ttoi": 3664.74,
        "ttoiL10": 605.76,
        "ttoiL5": 306.68,
        "ttoiL3": 183.32999999999998,
        "ttoiL1": 57.4,
        "oppTTOI": 3668.99,
        "oppTTOIL10": 605.55,
        "oppTTOIL5": 300.0,
        "oppTTOIL3": 180.0,
        "oppTTOIL1": 60.0
    },
    "cgy": {
        "ttoi": 3733.48,
        "ttoiL10": 608.26,
        "ttoiL5": 307.5,
        "ttoiL3": 184.23000000000002,
        "ttoiL1": 59.95,
        "oppTTOI": 3723.75,
        "oppTTOIL10": 601.17,
        "oppTTOIL5": 300.1,
        "oppTTOIL3": 184.3,
        "oppTTOIL1": 59.3
    },