{
    "pit": {
        "ttoi": 3322.67,
        "ttoiL10": 602.39,
        "ttoiL5": 306.73,
        "ttoiL3": 184.9,
        "ttoiL1": 59.9,
        "oppTTOI": 3320.71,
        "oppTTOIL10": 611.98,
        "oppTTOIL5": 308.58,
        "oppTTOIL3": 182.07999999999998,
        "oppTTOIL1": 59.5
    },
    "nyr": {
        "ttoi": 3168.06,
        "ttoiL10": 605.3,
        "ttoiL5": 297.3,
        "ttoiL3": 177.43,
        "ttoiL1": 57.43,
        "oppTTOI": 3166.5099999999998,
        "oppTTOIL10": 592.9,
        "oppTTOIL5": 297.98,
        "oppTTOIL3": 178.38,
        "oppTTOIL1": 59.9
    },
    "nj": {
        "ttoi": 3167.16,
        "ttoiL10": 598.74,
        "ttoiL5": 298.44,
        "ttoiL3": 182.09,
        "ttoiL1": 59.02,
        "oppTTOI": 3172.52,
        "oppTTOIL10": 597.19,
        "oppTTOIL5": 304.08,
        "oppTTOIL3": 184.07999999999998,
        "oppTTOIL1": 65.0
    },
    "nsh": {
        "ttoi": 3029.14,
        "ttoiL10": 594.12,
        "ttoiL5": 293.95,
        "ttoiL3": 177.34,
        "ttoiL1": 59.63,
        "oppTTOI": 3113.73,
        "oppTTOIL10": 598.47,
        "oppTTOIL5": 304.1,
        "oppTTOIL3": 181.12,
        "oppTTOIL1": 60.0
    },
    "utah": {
        "ttoi": 3257.25,
        "ttoiL10": 609.2,
        "ttoiL5": 312.75,
        "ttoiL3": 187.83,
        "ttoiL1": 64.28,
        "oppTTOI": 3267.47,
        "oppTTOIL10": 603.42,
        "oppTTOIL5": 308.35,
        "oppTTOIL3": 182.52,
        "oppTTOIL1": 63.9
    },
    "sj": {
        "ttoi": 3274.49,
        "ttoiL10": 591.53,
        "ttoiL5": 297.22,
        "ttoiL3": 177.22,
        "ttoiL1": 59.77,
        "oppTTOI": 3302.62,
        "oppTTOIL10": 599.92,
        "oppTTOIL5": 301.54,
        "oppTTOIL3": 181.61,
        "oppTTOIL1": 57.93
    },
    "sea": {
        "ttoi": 3257.52,
        "ttoiL10": 595.34,
        "ttoiL5": 297.64,
        "ttoiL3": 179.69,
        "ttoiL1": 56.02,
        "oppTTOI": 3284.17,
        "oppTTOIL10": 591.58,
        "oppTTOIL5": 296.9,
        "oppTTOIL3": 178.22,
        "oppTTOIL1": 59.6
    },
    "ana": {
        "ttoi": 3129.58,
        "ttoiL10": 601.1,
        "ttoiL5": 298.55,
        "ttoiL3": 178.55,
        "ttoiL1": 59.8,
        "oppTTOI": 3123.24,
        "oppTTOIL10": 593.69,
        "oppTTOIL5": 294.9,
        "oppTTOIL3": 177.14,
        "oppTTOIL1": 56.38
    },
    "la": {
        "ttoi": 3054.99,
        "ttoiL10": 598.31,
        "ttoiL5": 301.32,
        "ttoiL3": 184.67000000000002,
        "ttoiL1": 65.0,
        "oppTTOI": 3040.83,
        "oppTTOIL10": 596.58,
        "oppTTOIL5": 302.9,
        "oppTTOIL3": 185.04,
        "oppTTOIL1": 60.0
    },
    "wsh": {
        "ttoi": 3193.98,
        "ttoiL10": 604.23,
        "ttoiL5": 302.54,
        "ttoiL3": 181.02,
        "ttoiL1": 60.0,
        "oppTTOI": 3164.08,
        "oppTTOIL10": 592.45,
        "oppTTOIL5": 298.9,
        "oppTTOIL3": 178.93,
        "oppTTOIL1": 59.68
    },
    "buf": {
        "ttoi": 2981.41,
        "ttoiL10": 591.51,
        "ttoiL5": 298.08,
        "ttoiL3": 180.0,
        "ttoiL1": 60.0,
        "oppTTOI": 2994.17,
        "oppTTOIL10": 609.69,
        "oppTTOIL5": 302.8,
        "oppTTOIL3": 180.55,
        "oppTTOIL1": 60.0
    },
    "tb": {
        "ttoi": 3100.88,
        "ttoiL10": 589.58,
        "ttoiL5": 295.1,
        "ttoiL3": 178.37,
        "ttoiL1": 59.82,
        "oppTTOI": 3114.88,
        "oppTTOIL10": 604.94,
        "oppTTOIL5": 307.82,
        "oppTTOIL3": 182.3,
        "oppTTOIL1": 58.7
    },
    "ott": {
        "ttoi": 3221.12,
        "ttoiL10": 594.45,
        "ttoiL5": 297.13,
        "ttoiL3": 175.36,
        "ttoiL1": 57.38,
        "oppTTOI": 3224.4,
        "oppTTOIL10": 601.83,
        "oppTTOIL5": 302.99,
        "oppTTOIL3": 181.04,
        "oppTTOIL1": 59.9
    },
    "edm": {
        "ttoi": 3282.22,
        "ttoiL10": 598.76,
        "ttoiL5": 304.1,
        "ttoiL3": 181.2,
        "ttoiL1": 58.03,
        "oppTTOI": 3225.21,
        "oppTTOIL10": 599.52,
        "oppTTOIL5": 299.0,
        "oppTTOIL3": 181.2,
        "oppTTOIL1": 59.95
    },
    "cbj": {
        "ttoi": 3256.96,
        "ttoiL10": 604.15,
        "ttoiL5": 300.77,
        "ttoiL3": 178.88,
        "ttoiL1": 64.45,
        "oppTTOI": 3250.42,
        "oppTTOIL10": 611.03,
        "oppTTOIL5": 304.33,
        "oppTTOIL3": 182.8,
        "oppTTOIL1": 65.0
    },
    "car": {
        "ttoi": 3216.53,
        "ttoiL10": 596.28,
        "ttoiL5": 293.7,
        "ttoiL3": 173.7,
        "ttoiL1": 56.88,
        "oppTTOI": 3233.76,
        "oppTTOIL10": 599.74,
        "oppTTOIL5": 300.05,
        "oppTTOIL3": 181.43,
        "oppTTOIL1": 61.5
    },
    "fla": {
        "ttoi": 3243.64,
        "ttoiL10": 591.86,
        "ttoiL5": 297.86,
        "ttoiL3": 177.93,
        "ttoiL1": 60.0,
        "oppTTOI": 3241.55,
        "oppTTOIL10": 602.04,
        "oppTTOIL5": 305.64,
        "oppTTOIL3": 185.79,
        "oppTTOIL1": 64.27
    },
    "det": {
        "ttoi": 3189.84,
        "ttoiL10": 618.19,
        "ttoiL5": 313.62,
        "ttoiL3": 188.67000000000002,
        "ttoiL1": 64.37,
        "oppTTOI": 3174.95,
        "oppTTOIL10": 594.34,
        "oppTTOIL5": 298.09000000000003,
        "oppTTOIL3": 179.82,
        "oppTTOIL1": 58.55
    },
    "nyi": {
        "ttoi": 3173.46,
        "ttoiL10": 596.99,
        "ttoiL5": 294.97,
        "ttoiL3": 174.42000000000002,
        "ttoiL1": 57.67,
        "oppTTOI": 3170.28,
        "oppTTOIL10": 598.74,
        "oppTTOIL5": 300.94,
        "oppTTOIL3": 181.62,
        "oppTTOIL1": 59.37
    },
    "phi": {
        "ttoi": 3250.9,
        "ttoiL10": 597.97,
        "ttoiL5": 297.97,
        "ttoiL3": 178.49,
        "ttoiL1": 58.03,
        "oppTTOI": 3261.69,
        "oppTTOIL10": 607.3,
        "oppTTOIL5": 298.68,
        "oppTTOIL3": 180.81,
        "oppTTOIL1": 59.78
    },
    "mtl": {
        "ttoi": 3178.21,
        "ttoiL10": 595.46,
        "ttoiL5": 292.93,
        "ttoiL3": 177.21,
        "ttoiL1": 59.63,
        "oppTTOI": 3182.66,
        "oppTTOIL10": 602.15,
        "oppTTOIL5": 300.0,
        "oppTTOIL3": 180.0,
        "oppTTOIL1": 60.0
    },
    "col": {
        "ttoi": 3316.1,
        "ttoiL10": 589.78,
        "ttoiL5": 296.64,
        "ttoiL3": 177.67000000000002,
        "ttoiL1": 60.0,
        "oppTTOI": 3327.37,
        "oppTTOIL10": 588.64,
        "oppTTOIL5": 298.17,
        "oppTTOIL3": 179.1,
        "oppTTOIL1": 59.35
    },
    "tor": {
        "ttoi": 3165.62,
        "ttoiL10": 595.25,
        "ttoiL5": 296.58,
        "ttoiL3": 179.5,
        "ttoiL1": 60.0,
        "oppTTOI": 3144.29,
        "oppTTOIL10": 590.77,
        "oppTTOIL5": 296.29,
        "oppTTOIL3": 177.65,
        "oppTTOIL1": 59.52
    },
    "cgy": {
        "ttoi": 3183.44,
        "ttoiL10": 589.18,
        "ttoiL5": 293.0,
        "ttoiL3": 175.55,
        "ttoiL1": 58.22,
        "oppTTOI": 3182.75,
        "oppTTOIL10": 598.83,
        "oppTTOIL5": 300.1,
        "oppTTOIL3": 184.3,
        "oppTTOIL1": 59.3
    },
    "bos": {
        "ttoi": 3249.56,
        "ttoiL10": 598.38,
        "ttoiL5": 293.71000000000004,
        "ttoiL3": 177.9,
        "ttoiL1": 58.02,
        "oppTTOI": 3241.27,
        "oppTTOIL10": 608.31,
        "oppTTOIL5": 302.75,
        "oppTTOIL3": 178.5,
        "oppTTOIL1": 59.92
    },
    "wpg": {
        "ttoi": 3295.53,
        "ttoiL10": 598.2,
        "ttoiL5": 301.04,
        "ttoiL3": 181.87,
        "ttoiL1": 60.0,
        "oppTTOI": 3280.48,
        "oppTTOIL10": 599.28,
        "oppTTOIL5": 300.66,
        "oppTTOIL3": 176.6,
        "oppTTOIL1": 59.05
    },
    "dal": {
        "ttoi": 3106.86,
        "ttoiL10": 599.3,
        "ttoiL5": 302.23,
        "ttoiL3": 181.9,
        "ttoiL1": 65.0,
        "oppTTOI": 3092.58,
        "oppTTOIL10": 601.11,
        "oppTTOIL5": 297.63,
        "oppTTOIL3": 179.45,
        "oppTTOIL1": 60.0
    },
    "min": {
        "ttoi": 3243.56,
        "ttoiL10": 594.75,