{
    "ana": {
        "ttoi": 2733.0399999999995,
        "ttoiL10": 592.0900000000001,
        "ttoiL5": 294.67,
        "ttoiL3": 173.87,
        "ttoiL1": 58.57,
        "oppTTOI": 2752.9999999999995,
        "oppTTOIL10": 603.32,
        "oppTTOIL5": 302.36,
        "oppTTOIL3": 180.91,
        "oppTTOIL1": 59.48
    },
    "nyr": {
        "ttoi": 2696.86,
        "ttoiL10": 595.44,
        "ttoiL5": 296.08,
        "ttoiL3": 176.07999999999998,
        "ttoiL1": 60.0,
        "oppTTOI": 2755.9,
        "oppTTOIL10": 598.5699999999999,
        "oppTTOIL5": 298.79,
        "oppTTOIL3": 176.74,
        "oppTTOIL1": 58.57
    },
    "sj": {
        "ttoi": 2819.37,
        "ttoiL10": 606.0,
        "ttoiL5": 308.78000000000003,
        "ttoiL3": 189.33,
        "ttoiL1": 64.43,
        "oppTTOI": 2824.8899999999994,
        "oppTTOIL10": 601.46,
        "oppTTOIL5": 296.98,
        "oppTTOIL3": 177.41,
        "oppTTOIL1": 57.95
    },
    "wsh": {
        "ttoi": 2612.9599999999996,
        "ttoiL10": 597.01,
        "ttoiL5": 298.06,
        "ttoiL3": 179.63,
        "ttoiL1": 59.63,
        "oppTTOI": 2652.6,
        "oppTTOIL10": 610.51,
        "oppTTOIL5": 299.84000000000003,
        "oppTTOIL3": 175.27,
        "oppTTOIL1": 57.35
    },
    "fla": {
        "ttoi": 2742.7200000000007,
        "ttoiL10": 600.39,
        "ttoiL5": 296.07,
        "ttoiL3": 178.07,
        "ttoiL1": 59.27,
        "oppTTOI": 2678.48,
        "oppTTOIL10": 540.5600000000001,
        "oppTTOIL5": 301.48,
        "oppTTOIL3": 177.88,
        "oppTTOIL1": 60.8
    },
    "tb": {
        "ttoi": 2808.3499999999995,
        "ttoiL10": 596.2700000000001,
        "ttoiL5": 297.18,
        "ttoiL3": 175.7,
        "ttoiL1": 55.75,
        "oppTTOI": 2821.0499999999997,
        "oppTTOIL10": 600.52,
        "oppTTOIL5": 300.05,
        "oppTTOIL3": 180.0,
        "oppTTOIL1": 60.0
    },
    "car": {
        "ttoi": 2708.4500000000003,
        "ttoiL10": 603.13,
        "ttoiL5": 298.13,
        "ttoiL3": 176.45,
        "ttoiL1": 58.35,
        "oppTTOI": 2716.5,
        "oppTTOIL10": 598.24,
        "oppTTOIL5": 299.72,
        "oppTTOIL3": 179.4,
        "oppTTOIL1": 60.0
    },
    "nsh": {
        "ttoi": 2795.769999999999,
        "ttoiL10": 589.03,
        "ttoiL5": 291.78000000000003,
        "ttoiL3": 175.03,
        "ttoiL1": 58.18,
        "oppTTOI": 2806.1300000000006,
        "oppTTOIL10": 596.0400000000001,
        "oppTTOIL5": 297.97,
        "oppTTOIL3": 179.18,
        "oppTTOIL1": 59.55
    },
    "det": {
        "ttoi": 2760.75,
        "ttoiL10": 604.06,
        "ttoiL5": 299.93,
        "ttoiL3": 180.52,
        "ttoiL1": 60.0,
        "oppTTOI": 2765.019999999999,
        "oppTTOIL10": 592.45,
        "oppTTOIL5": 296.17,
        "oppTTOIL3": 179.1,
        "oppTTOIL1": 59.1
    },
    "wpg": {
        "ttoi": 2703.6600000000003,
        "ttoiL10": 598.3900000000001,
        "ttoiL5": 299.71000000000004,
        "ttoiL3": 183.11,
        "ttoiL1": 58.98,
        "oppTTOI": 2682.28,
        "oppTTOIL10": 589.59,
        "oppTTOIL5": 292.43,
        "oppTTOIL3": 175.63,
        "oppTTOIL1": 56.57
    },
    "tor": {
        "ttoi": 2720.7,
        "ttoiL10": 593.78,
        "ttoiL5": 293.54999999999995,
        "ttoiL3": 176.04999999999998,
        "ttoiL1": 59.87,
        "oppTTOI": 2737.25,
        "oppTTOIL10": 616.88,
        "oppTTOIL5": 312.07,
        "oppTTOIL3": 192.07,
        "oppTTOIL1": 62.2
    },
    "edm": {
        "ttoi": 2515.88,
        "ttoiL10": 606.53,
        "ttoiL5": 302.41,
        "ttoiL3": 179.55,
        "ttoiL1": 59.85,
        "oppTTOI": 2518.1,
        "oppTTOIL10": 595.73,
        "oppTTOIL5": 298.75,
        "oppTTOIL3": 180.0,
        "oppTTOIL1": 60.0
    },
    "ari": {
        "ttoi": 2707.1800000000003,
        "ttoiL10": 605.78,
        "ttoiL5": 303.21999999999997,
        "ttoiL3": 178.85,
        "ttoiL1": 60.0,
        "oppTTOI": 2697.41,
        "oppTTOIL10": 598.24,
        "oppTTOIL5": 300.03,
        "oppTTOIL3": 178.15,
        "oppTTOIL1": 56.83
    },
    "vgk": {
        "ttoi": 2836.67,
        "ttoiL10": 598.0799999999999,
        "ttoiL5": 300.31,
        "ttoiL3": 182.43,
        "ttoiL1": 62.58,
        "oppTTOI": 2840.4199999999996,
        "oppTTOIL10": 605.4699999999999,
        "oppTTOIL5": 300.62,
        "oppTTOIL3": 179.85,
        "oppTTOIL1": 60.0
    },
    "sea": {
        "ttoi": 2790.0699999999997,
        "ttoiL10": 600.5,
        "ttoiL5": 298.45,
        "ttoiL3": 178.7,
        "ttoiL1": 59.67,
        "oppTTOI": 2786.33,
        "oppTTOIL10": 607.78,
        "oppTTOIL5": 308.78000000000003,
        "oppTTOIL3": 184.65,
        "oppTTOIL1": 59.65
    },
    "cgy": {
        "ttoi": 2764.27,
        "ttoiL10": 596.8,
        "ttoiL5": 301.92,
        "ttoiL3": 181.92000000000002,
        "ttoiL1": 58.75,
        "oppTTOI": 2768.289999999999,
        "oppTTOIL10": 601.2099999999999,
        "oppTTOIL5": 300.89,
        "oppTTOIL3": 184.01999999999998,
        "oppTTOIL1": 59.3
    },
    "nj": {
        "ttoi": 2687.0999999999995,
        "ttoiL10": 598.21,
        "ttoiL5": 298.36,
        "ttoiL3": 182.05,
        "ttoiL1": 62.58,
        "oppTTOI": 2688.249999999999,
        "oppTTOIL10": 604.91,
        "oppTTOIL5": 307.65999999999997,
        "oppTTOIL3": 184.88,
        "oppTTOIL1": 60.0
    },
    "nyi": {
        "ttoi": 2782.8499999999995,
        "ttoiL10": 599.92,
        "ttoiL5": 299.2,
        "ttoiL3": 179.32,
        "ttoiL1": 60.68,
        "oppTTOI": 2712.6299999999997,
        "oppTTOIL10": 601.33,
        "oppTTOIL5": 301.58000000000004,
        "oppTTOIL3": 176.58,
        "oppTTOIL1": 58.77
    },
    "chi": {
        "ttoi": 2811.92,
        "ttoiL10": 596.75,
        "ttoiL5": 301.73,
        "ttoiL3": 178.55,
        "ttoiL1": 58.18,
        "oppTTOI": 2815.389999999999,
        "oppTTOIL10": 593.88,
        "oppTTOIL5": 297.88,
        "oppTTOIL3": 178.0,
        "oppTTOIL1": 58.38
    },
    "col": {
        "ttoi": 2829.7599999999998,
        "ttoiL10": 603.82,
        "ttoiL5": 296.32,
        "ttoiL3": 178.62,
        "ttoiL1": 60.0,
        "oppTTOI": 2820.2500000000005,
        "oppTTOIL10": 616.92,
        "oppTTOIL5": 307.7,
        "oppTTOIL3": 183.75,
        "oppTTOIL1": 59.07
    },
    "van": {
        "ttoi": 2824.8100000000004,
        "ttoiL10": 603.03,
        "ttoiL5": 303.8,
        "ttoiL3": 178.8,
        "ttoiL1": 59.43,
        "oppTTOI": 2803.87,
        "oppTTOIL10": 591.99,
        "oppTTOIL5": 299.58,
        "oppTTOIL3": 176.53,
        "oppTTOIL1": 59.6
    },
    "la": {
        "ttoi": 2654.1900000000005,
        "ttoiL10": 609.47,
        "ttoiL5": 301.87,
        "ttoiL3": 182.01999999999998,
        "ttoiL1": 64.52,
        "oppTTOI": 2663.5499999999997,
        "oppTTOIL10": 598.23,
        "oppTTOIL5": 297.18,
        "oppTTOIL3": 179.19,
        "oppTTOIL1": 59.52
    },
    "mtl": {
        "ttoi": 2798.2700000000004,
        "ttoiL10": 606.28,
        "ttoiL5": 301.07,
        "ttoiL3": 179.05,
        "ttoiL1": 60.0,
        "oppTTOI": 2791.53,
        "oppTTOIL10": 601.4499999999999,
        "oppTTOIL5": 300.64,
        "oppTTOIL3": 178.42000000000002,
        "oppTTOIL1": 58.42
    },
    "stl": {
        "ttoi": 2625.3100000000004,
        "ttoiL10": 597.1200000000001,
        "ttoiL5": 297.5,
        "ttoiL3": 176.56,
        "ttoiL1": 59.43,
        "oppTTOI": 2627.8400000000006,
        "oppTTOIL10": 594.67,
        "oppTTOIL5": 293.75,
        "oppTTOIL3": 175.82999999999998,
        "oppTTOIL1": 57.55
    },
    "phi": {
        "ttoi": 2846.1099999999997,
        "ttoiL10": 609.22,
        "ttoiL5": 295.92,
        "ttoiL3": 176.07,
        "ttoiL1": 58.42,
        "oppTTOI": 2842.02,
        "oppTTOIL10": 598.6899999999999,
        "oppTTOIL5": 296.71,
        "oppTTOIL3": 176.70999999999998,
        "oppTTOIL1": 57.5
    },
    "pit": {
        "ttoi": 2644.88,
        "ttoiL10": 596.14,