{
    "ana": {
        "ttoi": 4514.79,
        "ttoiL10": 604.43,
        "ttoiL5": 303.36,
        "ttoiL3": 184.68,
        "ttoiL1": 60.0,
        "oppTTOI": 4512.09,
        "oppTTOIL10": 606.64,
        "oppTTOIL5": 306.8,
        "oppTTOIL3": 182.85,
        "oppTTOIL1": 60.0
    },
    "van": {
        "ttoi": 4522.22,
        "ttoiL10": 601.82,
        "ttoiL5": 299.57,
        "ttoiL3": 174.57,
        "ttoiL1": 59.72,
        "oppTTOI": 4520.79,
        "oppTTOIL10": 600.87,
        "oppTTOIL5": 297.88,
        "oppTTOIL3": 177.88,
        "oppTTOIL1": 60.0
    },
    "cgy": {
        "ttoi": 4533.65,
        "ttoiL10": 617.19,
        "ttoiL5": 311.24,
        "ttoiL3": 183.82,
        "ttoiL1": 64.52,
        "oppTTOI": 4521.48,
        "oppTTOIL10": 615.76,
        "oppTTOIL5": 309.46,
        "oppTTOIL3": 180.51,
        "oppTTOIL1": 59.68
    },
    "sj": {
        "ttoi": 4480.6,
        "ttoiL10": 603.65,
        "ttoiL5": 301.95,
        "ttoiL3": 181.95,
        "ttoiL1": 60.0,
        "oppTTOI": 4511.43,
        "oppTTOIL10": 600.66,
        "oppTTOIL5": 303.76,
        "oppTTOIL3": 184.82999999999998,
        "oppTTOIL1": 65.0
    },
    "tor": {
        "ttoi": 4489.33,
        "ttoiL10": 599.02,
        "ttoiL5": 302.26,
        "ttoiL3": 179.88,
        "ttoiL1": 60.0,
        "oppTTOI": 4465.2,
        "oppTTOIL10": 593.54,
        "oppTTOIL5": 298.35,
        "oppTTOIL3": 180.85,
        "oppTTOIL1": 57.7
    },
    "nyr": {
        "ttoi": 4477.72,
        "ttoiL10": 590.46,
        "ttoiL5": 298.39,
        "ttoiL3": 179.32999999999998,
        "ttoiL1": 58.93,
        "oppTTOI": 4485.0,
        "oppTTOIL10": 592.56,
        "oppTTOIL5": 294.98,
        "oppTTOIL3": 176.95,
        "oppTTOIL1": 60.98
    },
    "bos": {
        "ttoi": 4504.38,
        "ttoiL10": 596.6,
        "ttoiL5": 294.87,
        "ttoiL3": 176.97,
        "ttoiL1": 59.67,
        "oppTTOI": 4506.79,
        "oppTTOIL10": 607.27,
        "oppTTOIL5": 307.46999999999997,
        "oppTTOIL3": 188.47,
        "oppTTOIL1": 60.0
    },
    "car": {
        "ttoi": 4469.36,
        "ttoiL10": 594.46,
        "ttoiL5": 297.88,
        "ttoiL3": 177.88,
        "ttoiL1": 60.0,
        "oppTTOI": 4481.87,
        "oppTTOIL10": 603.24,
        "oppTTOIL5": 300.89,
        "oppTTOIL3": 181.21,
        "oppTTOIL1": 59.67
    },
    "nsh": {
        "ttoi": 4400.89,
        "ttoiL10": 589.5,
        "ttoiL5": 295.6,
        "ttoiL3": 178.37,
        "ttoiL1": 60.0,
        "oppTTOI": 4480.25,
        "oppTTOIL10": 592.05,
        "oppTTOIL5": 298.12,
        "oppTTOIL3": 179.57,
        "oppTTOIL1": 59.57
    },
    "dal": {
        "ttoi": 4432.63,
        "ttoiL10": 606.79,
        "ttoiL5": 299.49,
        "ttoiL3": 179.49,
        "ttoiL1": 59.67,
        "oppTTOI": 4407.23,
        "oppTTOIL10": 597.63,
        "oppTTOIL5": 299.73,
        "oppTTOIL3": 181.63,
        "oppTTOIL1": 61.83
    },
    "stl": {
        "ttoi": 4616.44,
        "ttoiL10": 606.17,
        "ttoiL5": 302.65,
        "ttoiL3": 182.75,
        "ttoiL1": 60.0,
        "oppTTOI": 4625.22,
        "oppTTOIL10": 599.81,
        "oppTTOIL5": 301.48,
        "oppTTOIL3": 178.6,
        "oppTTOIL1": 60.0
    },
    "utah": {
        "ttoi": 4583.25,
        "ttoiL10": 603.62,
        "ttoiL5": 304.07,
        "ttoiL3": 179.77,
        "ttoiL1": 60.0,
        "oppTTOI": 4585.4,
        "oppTTOIL10": 607.47,
        "oppTTOIL5": 307.03,
        "oppTTOIL3": 184.41,
        "oppTTOIL1": 58.58
    },
    "wsh": {
        "ttoi": 4452.89,
        "ttoiL10": 596.98,
        "ttoiL5": 296.22,
        "ttoiL3": 180.0,
        "ttoiL1": 60.0,
        "oppTTOI": 4423.95,
        "oppTTOIL10": 593.98,
        "oppTTOIL5": 295.09,
        "oppTTOIL3": 176.92,
        "oppTTOIL1": 58.62
    },
    "nyi": {
        "ttoi": 4430.16,
        "ttoiL10": 605.8,
        "ttoiL5": 293.43,
        "ttoiL3": 177.72,
        "ttoiL1": 60.0,
        "oppTTOI": 4432.44,
        "oppTTOIL10": 596.15,
        "oppTTOIL5": 301.07,
        "oppTTOIL3": 177.9,
        "oppTTOIL1": 59.7
    },
    "edm": {
        "ttoi": 4541.82,
        "ttoiL10": 599.26,
        "ttoiL5": 300.35,
        "ttoiL3": 177.93,
        "ttoiL1": 59.63,
        "oppTTOI": 4483.51,
        "oppTTOIL10": 598.62,
        "oppTTOIL5": 297.32,
        "oppTTOIL3": 177.02,
        "oppTTOIL1": 59.92
    },
    "chi": {
        "ttoi": 4481.17,
        "ttoiL10": 597.57,
        "ttoiL5": 299.2,
        "ttoiL3": 183.87,
        "ttoiL1": 59.62,
        "oppTTOI": 4494.28,
        "oppTTOIL10": 599.28,
        "oppTTOIL5": 298.3,
        "oppTTOIL3": 178.53,
        "oppTTOIL1": 60.0
    },
    "buf": {
        "ttoi": 4300.17,
        "ttoiL10": 605.93,
        "ttoiL5": 304.82,
        "ttoiL3": 184.82,
        "ttoiL1": 65.0,
        "oppTTOI": 4315.15,
        "oppTTOIL10": 601.29,
        "oppTTOIL5": 306.42,
        "oppTTOIL3": 186.64,
        "oppTTOIL1": 57.82
    },
    "det": {
        "ttoi": 4441.25,
        "ttoiL10": 597.48,
        "ttoiL5": 300.35,
        "ttoiL3": 182.73,
        "ttoiL1": 59.48,
        "oppTTOI": 4432.18,
        "oppTTOIL10": 600.55,
        "oppTTOIL5": 300.56,
        "oppTTOIL3": 178.68,
        "oppTTOIL1": 61.08
    },
    "la": {
        "ttoi": 4503.19,
        "ttoiL10": 597.27,
        "ttoiL5": 297.27,
        "ttoiL3": 179.6,
        "ttoiL1": 59.6,
        "oppTTOI": 4485.27,
        "oppTTOIL10": 603.72,
        "oppTTOIL5": 305.49,
        "oppTTOIL3": 182.79000000000002,
        "oppTTOIL1": 64.93
    },
    "mtl": {
        "ttoi": 4448.15,
        "ttoiL10": 603.69,
        "ttoiL5": 298.24,
        "ttoiL3": 179.42000000000002,
        "ttoiL1": 60.0,
        "oppTTOI": 4445.84,
        "oppTTOIL10": 601.68,
        "oppTTOIL5": 304.0,
        "oppTTOIL3": 184.0,
        "oppTTOIL1": 60.0
    },
    "sea": {
        "ttoi": 4510.04,
        "ttoiL10": 598.05,
        "ttoiL5": 297.57,
        "ttoiL3": 178.05,
        "ttoiL1": 60.0,
        "oppTTOI": 4543.65,
        "oppTTOIL10": 588.35,
        "oppTTOIL5": 292.8,
        "oppTTOIL3": 175.32999999999998,
        "oppTTOIL1": 60.0
    },
    "pit": {
        "ttoi": 4584.33,
        "ttoiL10": 605.6,
        "ttoiL5": 301.35,
        "ttoiL3": 181.65,
        "ttoiL1": 60.0,
        "oppTTOI": 4581.18,
        "oppTTOIL10": 599.15,
        "oppTTOIL5": 300.06,
        "oppTTOIL3": 182.07999999999998,
        "oppTTOIL1": 59.5
    },
    "fla": {
        "ttoi": 4436.89,
        "ttoiL10": 600.05,
        "ttoiL5": 300.01,
        "ttoiL3": 176.76,
        "ttoiL1": 58.92,
        "oppTTOI": 4441.04,
        "oppTTOIL10": 595.46,
        "oppTTOIL5": 301.36,
        "oppTTOIL3": 178.07,
        "oppTTOIL1": 59.85
    },
    "tb": {
        "ttoi": 4426.73,
        "ttoiL10": 603.07,
        "ttoiL5": 301.85,
        "ttoiL3": 182.13,
        "ttoiL1": 64.98,
        "oppTTOI": 4433.59,
        "oppTTOIL10": 603.21,
        "oppTTOIL5": 302.53,
        "oppTTOIL3": 182.53,
        "oppTTOIL1": 64.55
    },
    "phi": {
        "ttoi": 4509.0,
        "ttoiL10": 592.32,
        "ttoiL5": 296.26,
        "ttoiL3": 176.63,
        "ttoiL1": 56.63,
        "oppTTOI": 4525.22,
        "oppTTOIL10": 598.54,
        "oppTTOIL5": 298.47,
        "oppTTOIL3": 180.07,
        "oppTTOIL1": 60.0
    },
    "wpg": {
        "ttoi": 4556.61,
        "ttoiL10": 597.2,
        "ttoiL5": 297.05,
        "ttoiL3": 177.53,
        "ttoiL1": 58.58,
        "oppTTOI": 4544.16,
        "oppTTOIL10": 603.07,
        "oppTTOIL5": 299.46,
        "oppTTOIL3": 179.46,
        "oppTTOIL1": 63.43
    },
    "nj": {
        "ttoi": 4426.02,
        "ttoiL10": 602.84,
        "ttoiL5": 304.72,
        "ttoiL3": 184.89,
        "ttoiL1": 59.92,
        "oppTTOI": 4430.16,
        "oppTTOIL10": 590.45,
        "oppTTOIL5": 299.35,
        "oppTTOIL3": 179.67000000000002,
        "oppTTOIL1": 60.0
    },
    "vgk": {
        "ttoi": 4489.22,
        "ttoiL10": 598.04,