{
    "ana": {
        "ttoi": 4466.64,
        "ttoiL10": 594.66,
        "ttoiL5": 295.19,
        "ttoiL3": 177.07,
        "ttoiL1": 60.0,
        "oppTTOI": 4467.049999999999,
        "oppTTOIL10": 602.97,
        "oppTTOIL5": 307.77,
        "oppTTOIL3": 183.05,
        "oppTTOIL1": 63.57
    },
    "col": {
        "ttoi": 4441.09,
        "ttoiL10": 602.48,
        "ttoiL5": 297.48,
        "ttoiL3": 182.55,
        "ttoiL1": 57.85,
        "oppTTOI": 4470.100000000001,
        "oppTTOIL10": 604.7700000000001,
        "oppTTOIL5": 305.6,
        "oppTTOIL3": 185.0,
        "oppTTOIL1": 60.0
    },
    "stl": {
        "ttoi": 4441.080000000001,
        "ttoiL10": 600.66,
        "ttoiL5": 303.28,
        "ttoiL3": 178.55,
        "ttoiL1": 60.2,
        "oppTTOI": 4440.969999999999,
        "oppTTOIL10": 597.3,
        "oppTTOIL5": 298.15,
        "oppTTOIL3": 177.75,
        "oppTTOIL1": 59.55
    },
    "wpg": {
        "ttoi": 4481.340000000001,
        "ttoiL10": 599.77,
        "ttoiL5": 298.7,
        "ttoiL3": 179.75,
        "ttoiL1": 60.0,
        "oppTTOI": 4472.67,
        "oppTTOIL10": 592.16,
        "oppTTOIL5": 294.06,
        "oppTTOIL3": 175.67,
        "oppTTOIL1": 57.52
    },
    "cgy": {
        "ttoi": 4524.7,
        "ttoiL10": 604.1000000000001,
        "ttoiL5": 297.67,
        "ttoiL3": 177.67000000000002,
        "ttoiL1": 60.0,
        "oppTTOI": 4528.2699999999995,
        "oppTTOIL10": 607.22,
        "oppTTOIL5": 305.57,
        "oppTTOIL3": 182.4,
        "oppTTOIL1": 60.0
    },
    "van": {
        "ttoi": 4445.459999999999,
        "ttoiL10": 597.7899999999998,
        "ttoiL5": 295.71,
        "ttoiL3": 178.09,
        "ttoiL1": 58.72,
        "oppTTOI": 4465.780000000001,
        "oppTTOIL10": 603.81,
        "oppTTOIL5": 300.88,
        "oppTTOIL3": 177.5,
        "oppTTOIL1": 58.12
    },
    "cbj": {
        "ttoi": 4372.790000000001,
        "ttoiL10": 604.73,
        "ttoiL5": 301.84000000000003,
        "ttoiL3": 179.72,
        "ttoiL1": 59.05,
        "oppTTOI": 4383.820000000001,
        "oppTTOIL10": 605.25,
        "oppTTOIL5": 301.0,
        "oppTTOIL3": 181.82,
        "oppTTOIL1": 59.82
    },
    "nyi": {
        "ttoi": 4566.130000000002,
        "ttoiL10": 601.8000000000001,
        "ttoiL5": 303.72,
        "ttoiL3": 183.32999999999998,
        "ttoiL1": 65.0,
        "oppTTOI": 4560.7,
        "oppTTOIL10": 600.5699999999999,
        "oppTTOIL5": 300.0,
        "oppTTOIL3": 180.0,
        "oppTTOIL1": 60.0
    },
    "nsh": {
        "ttoi": 4390.260000000001,
        "ttoiL10": 603.27,
        "ttoiL5": 303.53,
        "ttoiL3": 178.56,
        "ttoiL1": 60.0,
        "oppTTOI": 4386.780000000001,
        "oppTTOIL10": 605.3199999999999,
        "oppTTOIL5": 303.12,
        "oppTTOIL3": 183.14999999999998,
        "oppTTOIL1": 59.32
    },
    "sea": {
        "ttoi": 4403.04,
        "ttoiL10": 609.46,
        "ttoiL5": 306.01,
        "ttoiL3": 184.87,
        "ttoiL1": 59.870000000000005,
        "oppTTOI": 4348.14,
        "oppTTOIL10": 592.48,
        "oppTTOIL5": 295.67,
        "oppTTOIL3": 178.75,
        "oppTTOIL1": 58.7
    },
    "mtl": {
        "ttoi": 4448.3099999999995,
        "ttoiL10": 605.9499999999999,
        "ttoiL5": 302.2,
        "ttoiL3": 182.93,
        "ttoiL1": 65.0,
        "oppTTOI": 4464.130000000001,
        "oppTTOIL10": 608.9399999999999,
        "oppTTOIL5": 299.89,
        "oppTTOIL3": 180.42000000000002,
        "oppTTOIL1": 60.0
    },
    "wsh": {
        "ttoi": 4495.930000000001,
        "ttoiL10": 607.75,
        "ttoiL5": 302.97,
        "ttoiL3": 183.87,
        "ttoiL1": 65.0,
        "oppTTOI": 4522.63,
        "oppTTOIL10": 606.65,
        "oppTTOIL5": 298.65,
        "oppTTOIL3": 180.57,
        "oppTTOIL1": 61.15
    },
    "chi": {
        "ttoi": 4362.099999999999,
        "ttoiL10": 596.1,
        "ttoiL5": 298.15,
        "ttoiL3": 178.15,
        "ttoiL1": 60.0,
        "oppTTOI": 4452.419999999999,
        "oppTTOIL10": 604.98,
        "oppTTOIL5": 300.26,
        "oppTTOIL3": 180.38,
        "oppTTOIL1": 59.83
    },
    "car": {
        "ttoi": 4410.94,
        "ttoiL10": 595.0400000000001,
        "ttoiL5": 300.47,
        "ttoiL3": 182.62,
        "ttoiL1": 57.7,
        "oppTTOI": 4402.85,
        "oppTTOIL10": 606.54,
        "oppTTOIL5": 306.05,
        "oppTTOIL3": 181.05,
        "oppTTOIL1": 60.0
    },
    "tb": {
        "ttoi": 4505.310000000002,
        "ttoiL10": 599.19,
        "ttoiL5": 296.37,
        "ttoiL3": 178.42000000000002,
        "ttoiL1": 59.68,
        "oppTTOI": 4507.099999999999,
        "oppTTOIL10": 600.5999999999999,
        "oppTTOIL5": 301.02,
        "oppTTOIL3": 182.62,
        "oppTTOIL1": 59.72
    },
    "fla": {
        "ttoi": 4472.839999999999,
        "ttoiL10": 599.9,
        "ttoiL5": 292.96,
        "ttoiL3": 177.98,
        "ttoiL1": 60.38,
        "oppTTOI": 4487.25,
        "oppTTOIL10": 596.8,
        "oppTTOIL5": 299.03,
        "oppTTOIL3": 178.75,
        "oppTTOIL1": 61.7
    },
    "la": {
        "ttoi": 4478.259999999999,
        "ttoiL10": 607.16,
        "ttoiL5": 302.15999999999997,
        "ttoiL3": 177.41,
        "ttoiL1": 58.33,
        "oppTTOI": 4455.29,
        "oppTTOIL10": 615.5100000000001,
        "oppTTOIL5": 307.18,
        "oppTTOIL3": 182.66,
        "oppTTOIL1": 58.63
    },
    "buf": {
        "ttoi": 4390.9,
        "ttoiL10": 610.0,
        "ttoiL5": 302.97,
        "ttoiL3": 183.72,
        "ttoiL1": 64.7,
        "oppTTOI": 4380.57,
        "oppTTOIL10": 602.21,
        "oppTTOIL5": 298.46,
        "oppTTOIL3": 178.98,
        "oppTTOIL1": 60.0
    },
    "vgk": {
        "ttoi": 4463.55,
        "ttoiL10": 604.4899999999999,
        "ttoiL5": 302.15999999999997,
        "ttoiL3": 182.43,
        "ttoiL1": 60.0,
        "oppTTOI": 4443.550000000001,
        "oppTTOIL10": 606.68,
        "oppTTOIL5": 304.2,
        "oppTTOIL3": 184.2,
        "oppTTOIL1": 59.28
    },
    "pit": {
        "ttoi": 4449.400000000001,
        "ttoiL10": 592.4399999999999,
        "ttoiL5": 293.67,
        "ttoiL3": 176.17000000000002,
        "ttoiL1": 57.87,
        "oppTTOI": 4448.879999999998,
        "oppTTOIL10": 600.17,
        "oppTTOIL5": 297.28999999999996,
        "oppTTOIL3": 177.92,
        "oppTTOIL1": 60.0
    },
    "dal": {
        "ttoi": 4467.740000000001,
        "ttoiL10": 601.12,
        "ttoiL5": 300.68,
        "ttoiL3": 176.72,
        "ttoiL1": 59.0,
        "oppTTOI": 4403.05,
        "oppTTOIL10": 606.2399999999999,
        "oppTTOIL5": 301.76,
        "oppTTOIL3": 184.55,
        "oppTTOIL1": 64.9
    },
    "ari": {
        "ttoi": 4527.489999999999,
        "ttoiL10": 610.74,
        "ttoiL5": 302.26,
        "ttoiL3": 181.22,
        "ttoiL1": 57.25,
        "oppTTOI": 4531.42,
        "oppTTOIL10": 599.15,
        "oppTTOIL5": 302.38,
        "oppTTOIL3": 182.81,
        "oppTTOIL1": 63.57
    },
    "phi": {
        "ttoi": 4289.74,
        "ttoiL10": 600.1400000000001,
        "ttoiL5": 305.43,
        "ttoiL3": 185.0,
        "ttoiL1": 60.0,
        "oppTTOI": 4315.969999999999,
        "oppTTOIL10": 602.04,
        "oppTTOIL5": 304.4,
        "oppTTOIL3": 179.82,
        "oppTTOIL1": 59.82
    },
    "nj": {
        "ttoi": 4460.499999999999,
        "ttoiL10": 603.2,
        "ttoiL5": 300.72999999999996,
        "ttoiL3": 175.82999999999998,
        "ttoiL1": 57.23,
        "oppTTOI": 4455.269999999998,
        "oppTTOIL10": 592.41,
        "oppTTOIL5": 296.66,
        "oppTTOIL3": 178.66,
        "oppTTOIL1": 60.0
    },
    "edm": {
        "ttoi": 4511.219999999999,
        "ttoiL10": 607.11,
        "ttoiL5": 308.51,
        "ttoiL3": 182.38,
        "ttoiL1": 60.0,
        "oppTTOI": 4499.369999999999,
        "oppTTOIL10": 594.78,
        "oppTTOIL5": 298.57,
        "oppTTOIL3": 177.25,
        "oppTTOIL1": 60.0
    },
    "bos": {
        "ttoi": 4467.25,
        "ttoiL10": 599.9,
        "ttoiL5": 302.95,