{
    "ana": {
        "ttoi": 1845.1699999999996,
        "ttoiL10": 597.88,
        "ttoiL5": 297.8,
        "ttoiL3": 179.45,
        "ttoiL1": 60.0,
        "oppTTOI": 1856.94,
        "oppTTOIL10": 608.72,
        "oppTTOIL5": 302.23,
        "oppTTOIL3": 182.88,
        "oppTTOIL1": 62.8
    },
    "det": {
        "ttoi": 1851.6699999999998,
        "ttoiL10": 592.39,
        "ttoiL5": 291.53,
        "ttoiL3": 173.38,
        "ttoiL1": 57.36,
        "oppTTOI": 1861.0300000000002,
        "oppTTOIL10": 592.1700000000001,
        "oppTTOIL5": 295.37,
        "oppTTOIL3": 177.07,
        "oppTTOIL1": 60.0
    },
    "nj": {
        "ttoi": 1723.8200000000002,
        "ttoiL10": 595.36,
        "ttoiL5": 299.15000000000003,
        "ttoiL3": 180.23000000000002,
        "ttoiL1": 58.03,
        "oppTTOI": 1726.0599999999995,
        "oppTTOIL10": 599.51,
        "oppTTOIL5": 305.43,
        "oppTTOIL3": 187.78,
        "oppTTOIL1": 60.0
    },
    "nyr": {
        "ttoi": 1685.8000000000002,
        "ttoiL10": 596.4399999999999,
        "ttoiL5": 299.37,
        "ttoiL3": 179.77,
        "ttoiL1": 61.35,
        "oppTTOI": 1736.2499999999998,
        "oppTTOIL10": 602.1,
        "oppTTOIL5": 300.22,
        "oppTTOIL3": 180.22,
        "oppTTOIL1": 59.45
    },
    "nyi": {
        "ttoi": 1822.5299999999995,
        "ttoiL10": 611.43,
        "ttoiL5": 304.94,
        "ttoiL3": 183.95,
        "ttoiL1": 58.95,
        "oppTTOI": 1754.09,
        "oppTTOIL10": 600.71,
        "oppTTOIL5": 301.8,
        "oppTTOIL3": 181.8,
        "oppTTOIL1": 58.77
    },
    "wpg": {
        "ttoi": 1803.9300000000003,
        "ttoiL10": 596.13,
        "ttoiL5": 298.55,
        "ttoiL3": 181.15,
        "ttoiL1": 61.15,
        "oppTTOI": 1789.9600000000005,
        "oppTTOIL10": 586.5099999999999,
        "oppTTOIL5": 293.60999999999996,
        "oppTTOIL3": 176.38,
        "oppTTOIL1": 59.58
    },
    "chi": {
        "ttoi": 1791.65,
        "ttoiL10": 599.11,
        "ttoiL5": 296.53,
        "ttoiL3": 178.0,
        "ttoiL1": 58.0,
        "oppTTOI": 1789.05,
        "oppTTOIL10": 597.88,
        "oppTTOIL5": 297.88,
        "oppTTOIL3": 178.0,
        "oppTTOIL1": 58.38
    },
    "col": {
        "ttoi": 1863.85,
        "ttoiL10": 603.3199999999999,
        "ttoiL5": 296.27,
        "ttoiL3": 176.27,
        "ttoiL1": 60.0,
        "oppTTOI": 1855.24,
        "oppTTOIL10": 601.28,
        "oppTTOIL5": 308.0,
        "oppTTOIL3": 183.75,
        "oppTTOIL1": 59.07
    },
    "wsh": {
        "ttoi": 1640.2499999999998,
        "ttoiL10": 611.15,
        "ttoiL5": 307.15,
        "ttoiL3": 187.15,
        "ttoiL1": 65.0,
        "oppTTOI": 1688.74,
        "oppTTOIL10": 612.57,
        "oppTTOIL5": 306.19000000000005,
        "oppTTOIL3": 182.49,
        "oppTTOIL1": 58.35
    },
    "van": {
        "ttoi": 1916.9499999999998,
        "ttoiL10": 603.63,
        "ttoiL5": 304.77,
        "ttoiL3": 185.0,
        "ttoiL1": 60.0,
        "oppTTOI": 1906.1299999999999,
        "oppTTOIL10": 585.39,
        "oppTTOIL5": 291.88,
        "oppTTOIL3": 175.2,
        "oppTTOIL1": 59.6
    },
    "edm": {
        "ttoi": 1671.8700000000001,
        "ttoiL10": 598.0699999999999,
        "ttoiL5": 294.52,
        "ttoiL3": 175.75,
        "ttoiL1": 59.9,
        "oppTTOI": 1682.92,
        "oppTTOIL10": 596.0500000000001,
        "oppTTOIL5": 298.05,
        "oppTTOIL3": 180.0,
        "oppTTOIL1": 60.0
    },
    "la": {
        "ttoi": 1627.2600000000002,
        "ttoiL10": 598.96,
        "ttoiL5": 301.46000000000004,
        "ttoiL3": 181.24,
        "ttoiL1": 64.92,
        "oppTTOI": 1628.1200000000001,
        "oppTTOIL10": 598.9200000000001,
        "oppTTOIL5": 297.18,
        "oppTTOIL3": 179.19,
        "oppTTOIL1": 59.52
    },
    "mtl": {
        "ttoi": 1889.87,
        "ttoiL10": 609.22,
        "ttoiL5": 308.8,
        "ttoiL3": 185.65,
        "ttoiL1": 61.15,
        "oppTTOI": 1887.52,
        "oppTTOIL10": 603.83,
        "oppTTOIL5": 305.64,
        "oppTTOIL3": 178.42000000000002,
        "oppTTOIL1": 58.42
    },
    "stl": {
        "ttoi": 1788.21,
        "ttoiL10": 582.12,
        "ttoiL5": 290.46000000000004,
        "ttoiL3": 179.62,
        "ttoiL1": 60.18,
        "oppTTOI": 1790.91,
        "oppTTOIL10": 587.7,
        "oppTTOIL5": 293.75,
        "oppTTOIL3": 175.82999999999998,
        "oppTTOIL1": 57.55
    },
    "fla": {
        "ttoi": 1843.2,
        "ttoiL10": 595.8,
        "ttoiL5": 293.59999999999997,
        "ttoiL3": 176.95,
        "ttoiL1": 57.4,
        "oppTTOI": 1783.7399999999998,
        "oppTTOIL10": 538.75,
        "oppTTOIL5": 241.17,
        "oppTTOIL3": 181.45,
        "oppTTOIL1": 57.85
    },
    "nsh": {
        "ttoi": 1843.4899999999998,
        "ttoiL10": 601.17,
        "ttoiL5": 299.04,
        "ttoiL3": 180.49,
        "ttoiL1": 60.0,
        "oppTTOI": 1851.2,
        "oppTTOIL10": 598.5500000000001,
        "oppTTOIL5": 296.67,
        "oppTTOIL3": 178.42000000000002,
        "oppTTOIL1": 59.63
    },
    "sj": {
        "ttoi": 1857.4299999999998,
        "ttoiL10": 600.16,
        "ttoiL5": 298.65,
        "ttoiL3": 176.0,
        "ttoiL1": 59.68,
        "oppTTOI": 1862.6499999999999,
        "oppTTOIL10": 601.9899999999999,
        "oppTTOIL5": 299.4,
        "oppTTOIL3": 179.4,
        "oppTTOIL1": 59.83
    },
    "phi": {
        "ttoi": 1811.38,
        "ttoiL10": 617.47,
        "ttoiL5": 305.05,
        "ttoiL3": 185.05,
        "ttoiL1": 59.95,
        "oppTTOI": 1805.3299999999997,
        "oppTTOIL10": 591.7099999999999,
        "oppTTOIL5": 296.71,
        "oppTTOIL3": 176.70999999999998,
        "oppTTOIL1": 57.5
    },
    "pit": {
        "ttoi": 1802.57,
        "ttoiL10": 607.9899999999999,
        "ttoiL5": 302.21999999999997,
        "ttoiL3": 183.95,
        "ttoiL1": 60.0,
        "oppTTOI": 1803.5000000000002,
        "oppTTOIL10": 592.99,
        "oppTTOIL5": 296.27,
        "oppTTOIL3": 177.42,
        "oppTTOIL1": 58.82
    },
    "vgk": {
        "ttoi": 1945.81,
        "ttoiL10": 608.85,
        "ttoiL5": 304.22,
        "ttoiL3": 179.87,
        "ttoiL1": 59.47,
        "oppTTOI": 1946.0200000000002,
        "oppTTOIL10": 607.0699999999999,
        "oppTTOIL5": 300.28,
        "oppTTOIL3": 179.85,
        "oppTTOIL1": 60.0
    },
    "ari": {
        "ttoi": 1798.34,
        "ttoiL10": 599.23,
        "ttoiL5": 295.93,
        "ttoiL3": 178.6,
        "ttoiL1": 60.0,
        "oppTTOI": 1795.12,
        "oppTTOIL10": 599.6400000000001,
        "oppTTOIL5": 297.91999999999996,
        "oppTTOIL3": 181.1,
        "oppTTOIL1": 63.45
    },
    "bos": {
        "ttoi": 1757.7,
        "ttoiL10": 609.6,
        "ttoiL5": 306.18,
        "ttoiL3": 189.82999999999998,
        "ttoiL1": 62.05,
        "oppTTOI": 1733.5699999999997,
        "oppTTOIL10": 586.4,
        "oppTTOIL5": 293.01,
        "oppTTOIL3": 175.19,
        "oppTTOIL1": 58.93
    },
    "cbj": {
        "ttoi": 1851.28,
        "ttoiL10": 537.64,
        "ttoiL5": 240.93,
        "ttoiL3": 120.93,
        "ttoiL1": 57.5,
        "oppTTOI": 1913.34,
        "oppTTOIL10": 598.69,
        "oppTTOIL5": 301.31,
        "oppTTOIL3": 182.32999999999998,
        "oppTTOIL1": 62.33
    },
    "dal": {
        "ttoi": 1796.9000000000003,
        "ttoiL10": 597.52,
        "ttoiL5": 293.4,
        "ttoiL3": 173.64999999999998,
        "ttoiL1": 61.08,
        "oppTTOI": 1803.59,
        "oppTTOIL10": 591.67,
        "oppTTOIL5": 293.65,
        "oppTTOIL3": 178.0,
        "oppTTOIL1": 57.78
    },
    "car": {
        "ttoi": 1863.05,
        "ttoiL10": 600.4,
        "ttoiL5": 303.52,
        "ttoiL3": 185.47,
        "ttoiL1": 64.92,
        "oppTTOI": 1871.7900000000002,
        "oppTTOIL10": 597.6700000000001,
        "oppTTOIL5": 299.72,
        "oppTTOIL3": 180.8,
        "oppTTOIL1": 59.65
    },
    "buf": {
        "ttoi": 1908.2700000000004,
        "ttoiL10": 592.9,
        "ttoiL5": 301.82,