{
    "pit": {
        "ttoi": 3962.8899999999994,
        "ttoiL10": 594.96,
        "ttoiL5": 298.22,
        "ttoiL3": 178.92000000000002,
        "ttoiL1": 56.900000000000006,
        "oppTTOI": 3970.24,
        "oppTTOIL10": 603.9,
        "oppTTOIL5": 297.87,
        "oppTTOIL3": 178.32,
        "oppTTOIL1": 59.5
    },
    "nyr": {
        "ttoi": 3951.6799999999994,
        "ttoiL10": 597.81,
        "ttoiL5": 298.53,
        "ttoiL3": 179.01,
        "ttoiL1": 59.18,
        "oppTTOI": 4007.87,
        "oppTTOIL10": 593.76,
        "oppTTOIL5": 296.85,
        "oppTTOIL3": 178.28,
        "oppTTOIL1": 56.900000000000006
    },
    "sj": {
        "ttoi": 3961.5800000000004,
        "ttoiL10": 600.0899999999999,
        "ttoiL5": 295.82,
        "ttoiL3": 175.9,
        "ttoiL1": 58.85,
        "oppTTOI": 3969.0499999999997,
        "oppTTOIL10": 604.75,
        "oppTTOIL5": 307.32,
        "oppTTOIL3": 183.87,
        "oppTTOIL1": 59.77
    },
    "ott": {
        "ttoi": 3908.2099999999996,
        "ttoiL10": 607.76,
        "ttoiL5": 311.9,
        "ttoiL3": 192.68,
        "ttoiL1": 64.55,
        "oppTTOI": 3903.2199999999993,
        "oppTTOIL10": 602.84,
        "oppTTOIL5": 303.0,
        "oppTTOIL3": 183.42000000000002,
        "oppTTOIL1": 62.25
    },
    "edm": {
        "ttoi": 3904.9300000000003,
        "ttoiL10": 612.9300000000001,
        "ttoiL5": 307.56,
        "ttoiL3": 183.51,
        "ttoiL1": 64.98,
        "oppTTOI": 3908.6000000000004,
        "oppTTOIL10": 595.47,
        "oppTTOIL5": 296.22,
        "oppTTOIL3": 178.55,
        "oppTTOIL1": 59.3
    },
    "bos": {
        "ttoi": 4185.6500000000015,
        "ttoiL10": 605.9200000000001,
        "ttoiL5": 298.62,
        "ttoiL3": 179.54000000000002,
        "ttoiL1": 59.82,
        "oppTTOI": 4159.380000000001,
        "oppTTOIL10": 596.5799999999999,
        "oppTTOIL5": 297.54,
        "oppTTOIL3": 179.43,
        "oppTTOIL1": 60.0
    },
    "wsh": {
        "ttoi": 3936.0199999999995,
        "ttoiL10": 596.99,
        "ttoiL5": 299.38,
        "ttoiL3": 179.65,
        "ttoiL1": 60.0,
        "oppTTOI": 3973.010000000001,
        "oppTTOIL10": 591.1,
        "oppTTOIL5": 295.9,
        "oppTTOIL3": 177.37,
        "oppTTOIL1": 59.89
    },
    "cbj": {
        "ttoi": 3956.8600000000006,
        "ttoiL10": 596.8100000000001,
        "ttoiL5": 302.92,
        "ttoiL3": 184.87,
        "ttoiL1": 59.87,
        "oppTTOI": 4030.7600000000007,
        "oppTTOIL10": 597.63,
        "oppTTOIL5": 296.73,
        "oppTTOIL3": 179.72,
        "oppTTOIL1": 60.0
    },
    "cgy": {
        "ttoi": 4022.9200000000005,
        "ttoiL10": 597.75,
        "ttoiL5": 299.78,
        "ttoiL3": 179.78,
        "ttoiL1": 59.78,
        "oppTTOI": 4018.659999999999,
        "oppTTOIL10": 593.8,
        "oppTTOIL5": 295.90000000000003,
        "oppTTOIL3": 176.65,
        "oppTTOIL1": 59.25
    },
    "sea": {
        "ttoi": 3994.8499999999995,
        "ttoiL10": 601.35,
        "ttoiL5": 298.96000000000004,
        "ttoiL3": 179.69,
        "ttoiL1": 58.12,
        "oppTTOI": 3988.14,
        "oppTTOIL10": 601.26,
        "oppTTOIL5": 297.48,
        "oppTTOIL3": 177.6,
        "oppTTOIL1": 57.6
    },
    "van": {
        "ttoi": 4086.7200000000003,
        "ttoiL10": 598.75,
        "ttoiL5": 299.31,
        "ttoiL3": 178.21,
        "ttoiL1": 58.02,
        "oppTTOI": 4066.4900000000002,
        "oppTTOIL10": 591.52,
        "oppTTOIL5": 296.72,
        "oppTTOIL3": 180.54,
        "oppTTOIL1": 61.7
    },
    "phi": {
        "ttoi": 4098.35,
        "ttoiL10": 597.84,
        "ttoiL5": 295.99,
        "ttoiL3": 176.10000000000002,
        "ttoiL1": 57.28,
        "oppTTOI": 4089.3200000000006,
        "oppTTOIL10": 600.27,
        "oppTTOIL5": 305.53999999999996,
        "oppTTOIL3": 183.85,
        "oppTTOIL1": 60.0
    },
    "mtl": {
        "ttoi": 4057.570000000001,
        "ttoiL10": 605.75,
        "ttoiL5": 297.75,
        "ttoiL3": 180.35,
        "ttoiL1": 59.93,
        "oppTTOI": 4059.2700000000004,
        "oppTTOIL10": 605.7700000000001,
        "oppTTOIL5": 303.8,
        "oppTTOIL3": 187.72,
        "oppTTOIL1": 60.0
    },
    "nyi": {
        "ttoi": 3981.259999999999,
        "ttoiL10": 599.67,
        "ttoiL5": 300.22,
        "ttoiL3": 180.67000000000002,
        "ttoiL1": 63.28,
        "oppTTOI": 3919.9399999999996,
        "oppTTOIL10": 601.49,
        "oppTTOIL5": 300.14,
        "oppTTOIL3": 180.95,
        "oppTTOIL1": 60.95
    },
    "la": {
        "ttoi": 4031.8400000000006,
        "ttoiL10": 596.4699999999999,
        "ttoiL5": 295.02,
        "ttoiL3": 176.32,
        "ttoiL1": 60.0,
        "oppTTOI": 4042.6299999999987,
        "oppTTOIL10": 612.1899999999999,
        "oppTTOIL5": 305.64,
        "oppTTOIL3": 181.12,
        "oppTTOIL1": 57.37
    },
    "chi": {
        "ttoi": 4003.0,
        "ttoiL10": 600.09,
        "ttoiL5": 299.83,
        "ttoiL3": 179.82999999999998,
        "ttoiL1": 60.0,
        "oppTTOI": 4012.83,
        "oppTTOIL10": 599.4300000000001,
        "oppTTOIL5": 299.96000000000004,
        "oppTTOIL3": 176.68,
        "oppTTOIL1": 59.98
    },
    "fla": {
        "ttoi": 4071.57,
        "ttoiL10": 600.33,
        "ttoiL5": 296.08,
        "ttoiL3": 176.45,
        "ttoiL1": 57.15,
        "oppTTOI": 4006.6699999999996,
        "oppTTOIL10": 593.12,
        "oppTTOIL5": 300.37,
        "oppTTOIL3": 182.44,
        "oppTTOIL1": 59.97
    },
    "wpg": {
        "ttoi": 3961.4000000000005,
        "ttoiL10": 594.69,
        "ttoiL5": 298.36,
        "ttoiL3": 178.53,
        "ttoiL1": 60.0,
        "oppTTOI": 3931.1999999999994,
        "oppTTOIL10": 591.9599999999999,
        "oppTTOIL5": 298.96,
        "oppTTOIL3": 177.57999999999998,
        "oppTTOIL1": 58.58
    },
    "min": {
        "ttoi": 4101.82,
        "ttoiL10": 607.95,
        "ttoiL5": 310.76,
        "ttoiL3": 184.75,
        "ttoiL1": 64.97,
        "oppTTOI": 4033.5100000000007,
        "oppTTOIL10": 588.6999999999999,
        "oppTTOIL5": 292.53999999999996,
        "oppTTOIL3": 175.27999999999997,
        "oppTTOIL1": 57.73
    },
    "ari": {
        "ttoi": 4071.57,
        "ttoiL10": 593.1300000000001,
        "ttoiL5": 298.4,
        "ttoiL3": 178.57999999999998,
        "ttoiL1": 59.23,
        "oppTTOI": 4072.83,
        "oppTTOIL10": 593.9,
        "oppTTOIL5": 299.43,
        "oppTTOIL3": 179.43,
        "oppTTOIL1": 59.58
    },
    "vgk": {
        "ttoi": 3969.559999999999,
        "ttoiL10": 599.92,
        "ttoiL5": 297.27,
        "ttoiL3": 181.47,
        "ttoiL1": 59.72,
        "oppTTOI": 3974.669999999999,
        "oppTTOIL10": 604.0200000000001,
        "oppTTOIL5": 301.1,
        "oppTTOIL3": 181.1,
        "oppTTOIL1": 58.83
    },
    "car": {
        "ttoi": 4024.9100000000008,
        "ttoiL10": 600.4,
        "ttoiL5": 299.31,
        "ttoiL3": 179.43,
        "ttoiL1": 61.43,
        "oppTTOI": 4032.3200000000006,
        "oppTTOIL10": 604.25,
        "oppTTOIL5": 304.6,
        "oppTTOIL3": 185.23,
        "oppTTOIL1": 60.83
    },
    "buf": {
        "ttoi": 4063.7900000000004,
        "ttoiL10": 602.89,
        "ttoiL5": 298.16999999999996,
        "ttoiL3": 176.39,
        "ttoiL1": 57.22,
        "oppTTOI": 4078.44,
        "oppTTOIL10": 598.5300000000001,
        "oppTTOIL5": 294.83000000000004,
        "oppTTOIL3": 177.05,
        "oppTTOIL1": 58.3
    },
    "stl": {
        "ttoi": 4010.2400000000002,
        "ttoiL10": 607.64,
        "ttoiL5": 302.89,
        "ttoiL3": 184.92000000000002,
        "ttoiL1": 65.0,
        "oppTTOI": 4017.860000000001,
        "oppTTOIL10": 597.6800000000001,
        "oppTTOIL5": 296.6,
        "oppTTOIL3": 177.4,
        "oppTTOIL1": 60.0
    },
    "tor": {
        "ttoi": 3994.0099999999998,
        "ttoiL10": 611.89,
        "ttoiL5": 309.26,
        "ttoiL3": 185.0,
        "ttoiL1": 65.0,
        "oppTTOI": 3998.269999999999,
        "oppTTOIL10": 606.96,