{
    "pit": {
        "ttoi": 3137.77,
        "ttoiL10": 594.71,
        "ttoiL5": 297.81,
        "ttoiL3": 181.43,
        "ttoiL1": 63.9,
        "oppTTOI": 3140.25,
        "oppTTOIL10": 611.98,
        "oppTTOIL5": 308.58,
        "oppTTOIL3": 182.07999999999998,
        "oppTTOIL1": 59.5
    },
    "utah": {
        "ttoi": 3008.4,
        "ttoiL10": 595.88,
        "ttoiL5": 300.35,
        "ttoiL3": 180.35,
        "ttoiL1": 63.9,
        "oppTTOI": 3017.02,
        "oppTTOIL10": 603.42,
        "oppTTOIL5": 308.35,
        "oppTTOIL3": 182.52,
        "oppTTOIL1": 63.9
    },
    "sj": {
        "ttoi": 3157.27,
        "ttoiL10": 593.44,
        "ttoiL5": 297.08,
        "ttoiL3": 180.0,
        "ttoiL1": 60.0,
        "oppTTOI": 3182.47,
        "oppTTOIL10": 599.92,
        "oppTTOIL5": 301.54,
        "oppTTOIL3": 181.61,
        "oppTTOIL1": 57.93
    },
    "sea": {
        "ttoi": 3077.83,
        "ttoiL10": 595.25,
        "ttoiL5": 295.65,
        "ttoiL3": 176.55,
        "ttoiL1": 60.0,
        "oppTTOI": 3099.8,
        "oppTTOIL10": 591.58,
        "oppTTOIL5": 296.9,
        "oppTTOIL3": 178.22,
        "oppTTOIL1": 59.6
    },
    "ana": {
        "ttoi": 3009.78,
        "ttoiL10": 603.17,
        "ttoiL5": 298.1,
        "ttoiL3": 178.75,
        "ttoiL1": 58.75,
        "oppTTOI": 3007.39,
        "oppTTOIL10": 593.69,
        "oppTTOIL5": 294.9,
        "oppTTOIL3": 177.14,
        "oppTTOIL1": 56.38
    },
    "la": {
        "ttoi": 2870.32,
        "ttoiL10": 591.01,
        "ttoiL5": 295.76,
        "ttoiL3": 174.07999999999998,
        "ttoiL1": 58.33,
        "oppTTOI": 2859.38,
        "oppTTOIL10": 599.71,
        "oppTTOIL5": 302.9,
        "oppTTOIL3": 185.04,
        "oppTTOIL1": 60.0
    },
    "wsh": {
        "ttoi": 3012.96,
        "ttoiL10": 604.46,
        "ttoiL5": 300.21,
        "ttoiL3": 180.39,
        "ttoiL1": 61.52,
        "oppTTOI": 2986.07,
        "oppTTOIL10": 592.45,
        "oppTTOIL5": 298.9,
        "oppTTOIL3": 178.93,
        "oppTTOIL1": 59.68
    },
    "buf": {
        "ttoi": 2801.41,
        "ttoiL10": 595.29,
        "ttoiL5": 295.03,
        "ttoiL3": 177.18,
        "ttoiL1": 60.0,
        "oppTTOI": 2819.94,
        "oppTTOIL10": 609.69,
        "oppTTOIL5": 302.8,
        "oppTTOIL3": 180.55,
        "oppTTOIL1": 60.0
    },
    "tb": {
        "ttoi": 2922.51,
        "ttoiL10": 595.41,
        "ttoiL5": 293.03,
        "ttoiL3": 174.73,
        "ttoiL1": 60.0,
        "oppTTOI": 2938.97,
        "oppTTOIL10": 604.94,
        "oppTTOIL5": 307.82,
        "oppTTOIL3": 182.3,
        "oppTTOIL1": 58.7
    },
    "ott": {
        "ttoi": 2985.76,
        "ttoiL10": 604.24,
        "ttoiL5": 299.09000000000003,
        "ttoiL3": 181.29000000000002,
        "ttoiL1": 61.77,
        "oppTTOI": 2985.73,
        "oppTTOIL10": 601.83,
        "oppTTOIL5": 302.99,
        "oppTTOIL3": 181.04,
        "oppTTOIL1": 59.9
    },
    "edm": {
        "ttoi": 3043.0,
        "ttoiL10": 599.26,
        "ttoiL5": 301.89,
        "ttoiL3": 184.78,
        "ttoiL1": 64.88,
        "oppTTOI": 2981.84,
        "oppTTOIL10": 598.2,
        "oppTTOIL5": 296.03,
        "oppTTOIL3": 177.68,
        "oppTTOIL1": 59.95
    },
    "cbj": {
        "ttoi": 3017.06,
        "ttoiL10": 609.25,
        "ttoiL5": 299.53,
        "ttoiL3": 182.85,
        "ttoiL1": 60.87,
        "oppTTOI": 3006.09,
        "oppTTOIL10": 611.03,
        "oppTTOIL5": 304.33,
        "oppTTOIL3": 182.8,
        "oppTTOIL1": 65.0
    },
    "car": {
        "ttoi": 3042.83,
        "ttoiL10": 600.83,
        "ttoiL5": 301.6,
        "ttoiL3": 181.7,
        "ttoiL1": 60.0,
        "oppTTOI": 3053.84,
        "oppTTOIL10": 599.74,
        "oppTTOIL5": 300.05,
        "oppTTOIL3": 181.43,
        "oppTTOIL1": 61.5
    },
    "fla": {
        "ttoi": 3005.78,
        "ttoiL10": 597.38,
        "ttoiL5": 294.03,
        "ttoiL3": 176.7,
        "ttoiL1": 60.0,
        "oppTTOI": 3006.08,
        "oppTTOIL10": 599.77,
        "oppTTOIL5": 304.29,
        "oppTTOIL3": 185.79,
        "oppTTOIL1": 64.27
    },
    "det": {
        "ttoi": 3001.17,
        "ttoiL10": 607.77,
        "ttoiL5": 309.52,
        "ttoiL3": 184.95,
        "ttoiL1": 65.0,
        "oppTTOI": 2987.67,
        "oppTTOIL10": 596.36,
        "oppTTOIL5": 298.09000000000003,
        "oppTTOIL3": 179.82,
        "oppTTOIL1": 58.55
    },
    "nyi": {
        "ttoi": 2938.49,
        "ttoiL10": 597.28,
        "ttoiL5": 302.02,
        "ttoiL3": 182.05,
        "ttoiL1": 60.0,
        "oppTTOI": 2933.6,
        "oppTTOIL10": 598.74,
        "oppTTOIL5": 300.94,
        "oppTTOIL3": 181.62,
        "oppTTOIL1": 59.37
    },
    "phi": {
        "ttoi": 3072.41,
        "ttoiL10": 604.21,
        "ttoiL5": 294.91,
        "ttoiL3": 179.48000000000002,
        "ttoiL1": 59.77,
        "oppTTOI": 3077.04,
        "oppTTOIL10": 607.3,
        "oppTTOIL5": 298.68,
        "oppTTOIL3": 180.81,
        "oppTTOIL1": 59.78
    },
    "nj": {
        "ttoi": 2985.07,
        "ttoiL10": 607.77,
        "ttoiL5": 298.05,
        "ttoiL3": 180.45,
        "ttoiL1": 60.0,
        "oppTTOI": 2987.62,
        "oppTTOIL10": 592.19,
        "oppTTOIL5": 299.08,
        "oppTTOIL3": 179.07999999999998,
        "oppTTOIL1": 59.08
    },
    "nsh": {
        "ttoi": 2793.82,
        "ttoiL10": 596.73,
        "ttoiL5": 293.8,
        "ttoiL3": 173.8,
        "ttoiL1": 58.63,
        "oppTTOI": 2873.73,
        "oppTTOIL10": 598.47,
        "oppTTOIL5": 302.23,
        "oppTTOIL3": 184.1,
        "oppTTOIL1": 61.12
    },
    "mtl": {
        "ttoi": 3001.0,
        "ttoiL10": 602.9,
        "ttoiL5": 297.77,
        "ttoiL3": 179.82,
        "ttoiL1": 56.2,
        "oppTTOI": 3005.54,
        "oppTTOIL10": 601.03,
        "oppTTOIL5": 305.0,
        "oppTTOIL3": 180.0,
        "oppTTOIL1": 60.0
    },
    "col": {
        "ttoi": 3019.46,
        "ttoiL10": 592.26,
        "ttoiL5": 293.14,
        "ttoiL3": 176.48000000000002,
        "ttoiL1": 58.85,
        "oppTTOI": 3035.64,
        "oppTTOIL10": 586.99,
        "oppTTOIL5": 298.17,
        "oppTTOIL3": 179.1,
        "oppTTOIL1": 59.35
    },
    "tor": {
        "ttoi": 2986.12,
        "ttoiL10": 595.5,
        "ttoiL5": 296.31,
        "ttoiL3": 176.31,
        "ttoiL1": 58.2,
        "oppTTOI": 2972.92,
        "oppTTOIL10": 591.62,
        "oppTTOIL5": 296.29,
        "oppTTOIL3": 177.65,
        "oppTTOIL1": 59.52
    },
    "nyr": {
        "ttoi": 2930.7599999999998,
        "ttoiL10": 615.0699999999999,
        "ttoiL5": 303.0,
        "ttoiL3": 179.67000000000002,
        "ttoiL1": 60.0,
        "oppTTOI": 2930.17,
        "oppTTOIL10": 592.55,
        "oppTTOIL5": 296.03,
        "oppTTOIL3": 178.07999999999998,
        "oppTTOIL1": 58.48
    },
    "cgy": {
        "ttoi": 2949.91,
        "ttoiL10": 592.82,
        "ttoiL5": 295.65,
        "ttoiL3": 175.65,
        "ttoiL1": 59.47,
        "oppTTOI": 2944.08,
        "oppTTOIL10": 598.4,
        "oppTTOIL5": 300.1,
        "oppTTOIL3": 184.3,
        "oppTTOIL1": 59.3
    },
    "bos": {
        "ttoi": 3071.66,
        "ttoiL10": 604.28,
        "ttoiL5": 295.48,
        "ttoiL3": 175.81,
        "ttoiL1": 56.03,
        "oppTTOI": 3063.55,
        "oppTTOIL10": 608.31,
        "oppTTOIL5": 302.75,
        "oppTTOIL3": 178.5,
        "oppTTOIL1": 59.92
    },
    "wpg": {
        "ttoi": 3113.66,
        "ttoiL10": 596.33,
        "ttoiL5": 299.45,
        "ttoiL3": 179.17000000000002,
        "ttoiL1": 59.95,
        "oppTTOI": 3100.86,
        "oppTTOIL10": 599.28,
        "oppTTOIL5": 300.66,
        "oppTTOIL3": 176.6,
        "oppTTOIL1": 59.05
    },
    "dal": {
        "ttoi": 2864.96,
        "ttoiL10": 596.54,
        "ttoiL5": 298.18,
        "ttoiL3": 180.32999999999998,
        "ttoiL1": 60.33,
        "oppTTOI": 2851.88,
        "oppTTOIL10": 601.31,
        "oppTTOIL5": 297.83,
        "oppTTOIL3": 179.45,
        "oppTTOIL1": 60.0
    },