{
    "ana": {
        "ttoi": 4884.289999999999,
        "ttoiL10": 596.6199999999999,
        "ttoiL5": 302.5,
        "ttoiL3": 177.53,
        "ttoiL1": 60.0,
        "oppTTOI": 4905.660000000001,
        "oppTTOIL10": 593.76,
        "oppTTOIL5": 302.36,
        "oppTTOIL3": 180.91,
        "oppTTOIL1": 59.48
    },
    "vgk": {
        "ttoi": 5362.319999999997,
        "ttoiL10": 610.85,
        "ttoiL5": 311.28999999999996,
        "ttoiL3": 176.29,
        "ttoiL1": 58.17,
        "oppTTOI": 5367.16,
        "oppTTOIL10": 598.5,
        "oppTTOIL5": 299.85,
        "oppTTOIL3": 180.0,
        "oppTTOIL1": 60.0
    },
    "la": {
        "ttoi": 5158.359999999999,
        "ttoiL10": 593.61,
        "ttoiL5": 298.68,
        "ttoiL3": 180.04999999999998,
        "ttoiL1": 58.55,
        "oppTTOI": 5173.1,
        "oppTTOIL10": 604.61,
        "oppTTOIL5": 302.4,
        "oppTTOIL3": 182.88,
        "oppTTOIL1": 57.88
    },
    "cgy": {
        "ttoi": 4910.119999999998,
        "ttoiL10": 598.87,
        "ttoiL5": 299.27,
        "ttoiL3": 180.0,
        "ttoiL1": 60.0,
        "oppTTOI": 4916.289999999999,
        "oppTTOIL10": 603.3,
        "oppTTOIL5": 301.0,
        "oppTTOIL3": 178.95,
        "oppTTOIL1": 59.65
    },
    "stl": {
        "ttoi": 4920.14,
        "ttoiL10": 608.9,
        "ttoiL5": 308.85,
        "ttoiL3": 184.22,
        "ttoiL1": 65.0,
        "oppTTOI": 4925.1799999999985,
        "oppTTOIL10": 595.6199999999999,
        "oppTTOIL5": 298.92999999999995,
        "oppTTOIL3": 180.64999999999998,
        "oppTTOIL1": 64.97
    },
    "sea": {
        "ttoi": 4948.969999999998,
        "ttoiL10": 590.95,
        "ttoiL5": 293.65,
        "ttoiL3": 177.95,
        "ttoiL1": 60.0,
        "oppTTOI": 4946.67,
        "oppTTOIL10": 608.83,
        "oppTTOIL5": 297.25,
        "oppTTOIL3": 177.6,
        "oppTTOIL1": 58.92
    },
    "van": {
        "ttoi": 5640.79,
        "ttoiL10": 599.23,
        "ttoiL5": 296.33,
        "ttoiL3": 177.75,
        "ttoiL1": 58.13,
        "oppTTOI": 5612.989999999999,
        "oppTTOIL10": 593.94,
        "oppTTOIL5": 297.46999999999997,
        "oppTTOIL3": 175.95,
        "oppTTOIL1": 57.4
    },
    "edm": {
        "ttoi": 6372.45,
        "ttoiL10": 591.43,
        "ttoiL5": 297.29999999999995,
        "ttoiL3": 178.82999999999998,
        "ttoiL1": 58.85,
        "oppTTOI": 6384.44,
        "oppTTOIL10": 603.14,
        "oppTTOIL5": 298.32,
        "oppTTOIL3": 178.37,
        "oppTTOIL1": 59.12
    },
    "tb": {
        "ttoi": 5198.639999999999,
        "ttoiL10": 597.31,
        "ttoiL5": 298.11,
        "ttoiL3": 177.62,
        "ttoiL1": 58.82,
        "oppTTOI": 5215.919999999999,
        "oppTTOIL10": 607.6200000000001,
        "oppTTOIL5": 300.33,
        "oppTTOIL3": 180.73,
        "oppTTOIL1": 60.73
    },
    "chi": {
        "ttoi": 4892.380000000001,
        "ttoiL10": 590.0,
        "ttoiL5": 294.55,
        "ttoiL3": 179.17000000000002,
        "ttoiL1": 60.1,
        "oppTTOI": 4900.560000000001,
        "oppTTOIL10": 594.4,
        "oppTTOIL5": 294.9,
        "oppTTOIL3": 177.35,
        "oppTTOIL1": 59.77
    },
    "min": {
        "ttoi": 4938.499999999999,
        "ttoiL10": 595.8,
        "ttoiL5": 297.13,
        "ttoiL3": 178.15,
        "ttoiL1": 58.15,
        "oppTTOI": 4873.640000000001,
        "oppTTOIL10": 592.5999999999999,
        "oppTTOIL5": 295.15,
        "oppTTOIL3": 177.0,
        "oppTTOIL1": 59.52
    },
    "wpg": {
        "ttoi": 5153.659999999998,
        "ttoiL10": 596.78,
        "ttoiL5": 295.28,
        "ttoiL3": 175.28,
        "ttoiL1": 56.95,
        "oppTTOI": 5119.719999999998,
        "oppTTOIL10": 591.99,
        "oppTTOIL5": 295.78000000000003,
        "oppTTOIL3": 175.75,
        "oppTTOIL1": 59.6
    },
    "nyi": {
        "ttoi": 5257.119999999999,
        "ttoiL10": 621.97,
        "ttoiL5": 316.39000000000004,
        "ttoiL3": 197.65,
        "ttoiL1": 58.47,
        "oppTTOI": 5189.6100000000015,
        "oppTTOIL10": 599.93,
        "oppTTOIL5": 295.4,
        "oppTTOIL3": 177.37,
        "oppTTOIL1": 58.82
    },
    "dal": {
        "ttoi": 6134.25,
        "ttoiL10": 645.06,
        "ttoiL5": 294.65999999999997,
        "ttoiL3": 174.66,
        "ttoiL1": 57.68,
        "oppTTOI": 6138.950000000001,
        "oppTTOIL10": 603.3899999999999,
        "oppTTOIL5": 297.44,
        "oppTTOIL3": 178.41,
        "oppTTOIL1": 60.0
    },
    "ott": {
        "ttoi": 4931.74,
        "ttoiL10": 604.9399999999999,
        "ttoiL5": 307.88,
        "ttoiL3": 184.18,
        "ttoiL1": 60.0,
        "oppTTOI": 4924.780000000001,
        "oppTTOIL10": 596.88,
        "oppTTOIL5": 298.08,
        "oppTTOIL3": 179.68,
        "oppTTOIL1": 59.68
    },
    "nj": {
        "ttoi": 4883.39,
        "ttoiL10": 596.38,
        "ttoiL5": 300.5,
        "ttoiL3": 177.62,
        "ttoiL1": 60.0,
        "oppTTOI": 4892.700000000002,
        "oppTTOIL10": 604.54,
        "oppTTOIL5": 304.11,
        "oppTTOIL3": 179.23,
        "oppTTOIL1": 60.0
    },
    "sj": {
        "ttoi": 4920.549999999999,
        "ttoiL10": 602.5600000000001,
        "ttoiL5": 302.97,
        "ttoiL3": 180.0,
        "ttoiL1": 60.0,
        "oppTTOI": 4929.33,
        "oppTTOIL10": 600.4300000000001,
        "oppTTOIL5": 301.23,
        "oppTTOIL3": 181.4,
        "oppTTOIL1": 60.0
    },
    "nsh": {
        "ttoi": 5194.000000000001,
        "ttoiL10": 599.5799999999999,
        "ttoiL5": 296.27,
        "ttoiL3": 177.12,
        "ttoiL1": 58.9,
        "oppTTOI": 5191.6399999999985,
        "oppTTOIL10": 593.73,
        "oppTTOIL5": 298.16,
        "oppTTOIL3": 176.56,
        "oppTTOIL1": 57.38
    },
    "cbj": {
        "ttoi": 4855.35,
        "ttoiL10": 598.0799999999999,
        "ttoiL5": 299.05,
        "ttoiL3": 180.0,
        "ttoiL1": 60.0,
        "oppTTOI": 4932.3099999999995,
        "oppTTOIL10": 599.3100000000001,
        "oppTTOIL5": 299.28000000000003,
        "oppTTOIL3": 179.4,
        "oppTTOIL1": 57.07
    },
    "buf": {
        "ttoi": 4899.860000000001,
        "ttoiL10": 598.25,
        "ttoiL5": 302.4,
        "ttoiL3": 183.6,
        "ttoiL1": 60.0,
        "oppTTOI": 4910.12,
        "oppTTOIL10": 601.64,
        "oppTTOIL5": 299.62,
        "oppTTOIL3": 179.97,
        "oppTTOIL1": 60.0
    },
    "tor": {
        "ttoi": 5361.170000000001,
        "ttoiL10": 593.09,
        "ttoiL5": 300.13,
        "ttoiL3": 184.33,
        "ttoiL1": 61.9,
        "oppTTOI": 5364.42,
        "oppTTOIL10": 600.6600000000001,
        "oppTTOIL5": 302.3,
        "oppTTOIL3": 180.4,
        "oppTTOIL1": 60.0
    },
    "mtl": {
        "ttoi": 4969.93,
        "ttoiL10": 609.5099999999999,
        "ttoiL5": 315.86,
        "ttoiL3": 194.57999999999998,
        "ttoiL1": 65.0,
        "oppTTOI": 4971.82,
        "oppTTOIL10": 599.59,
        "oppTTOIL5": 297.37,
        "oppTTOIL3": 176.95,
        "oppTTOIL1": 60.0
    },
    "nyr": {
        "ttoi": 5799.680000000001,
        "ttoiL10": 612.5500000000001,
        "ttoiL5": 316.05,
        "ttoiL3": 176.73000000000002,
        "ttoiL1": 57.73,
        "oppTTOI": 5853.399999999998,
        "oppTTOIL10": 597.85,
        "oppTTOIL5": 294.82,
        "oppTTOIL3": 177.62,
        "oppTTOIL1": 58.57
    },
    "wsh": {
        "ttoi": 5079.0,
        "ttoiL10": 592.7299999999999,
        "ttoiL5": 294.99,
        "ttoiL3": 175.24,
        "ttoiL1": 58.78,
        "oppTTOI": 5111.010000000002,
        "oppTTOIL10": 599.94,
        "oppTTOIL5": 292.95,
        "oppTTOIL3": 175.7,
        "oppTTOIL1": 57.35
    },
    "fla": {
        "ttoi": 6375.049999999998,
        "ttoiL10": 598.26,
        "ttoiL5": 297.06,
        "ttoiL3": 177.35,
        "ttoiL1": 60.0,
        "oppTTOI": 6292.5300000000025,
        "oppTTOIL10": 592.33,
        "oppTTOIL5": 296.25,
        "oppTTOIL3": 178.52,
        "oppTTOIL1": 60.8
    },
    "car": {
        "ttoi": 5630.109999999999,
        "ttoiL10": 642.7900000000001,