{
    "ana": {
        "ttoi": 3850.36,
        "ttoiL10": 592.2,
        "ttoiL5": 293.38,
        "ttoiL3": 176.9,
        "ttoiL1": 58.58,
        "oppTTOI": 3849.23,
        "oppTTOIL10": 606.9,
        "oppTTOIL5": 309.1,
        "oppTTOIL3": 186.85,
        "oppTTOIL1": 62.85
    },
    "utah": {
        "ttoi": 3860.91,
        "ttoiL10": 603.66,
        "ttoiL5": 306.07,
        "ttoiL3": 188.17000000000002,
        "ttoiL1": 60.0,
        "oppTTOI": 3868.31,
        "oppTTOIL10": 610.17,
        "oppTTOIL5": 307.03,
        "oppTTOIL3": 184.41,
        "oppTTOIL1": 58.58
    },
    "wsh": {
        "ttoi": 3855.91,
        "ttoiL10": 602.0,
        "ttoiL5": 304.12,
        "ttoiL3": 180.0,
        "ttoiL1": 60.0,
        "oppTTOI": 3828.44,
        "oppTTOIL10": 598.24,
        "oppTTOIL5": 301.79,
        "oppTTOIL3": 176.79,
        "oppTTOIL1": 58.62
    },
    "nyi": {
        "ttoi": 3760.48,
        "ttoiL10": 587.02,
        "ttoiL5": 290.37,
        "ttoiL3": 173.53,
        "ttoiL1": 56.45,
        "oppTTOI": 3762.61,
        "oppTTOIL10": 592.25,
        "oppTTOIL5": 301.07,
        "oppTTOIL3": 177.9,
        "oppTTOIL1": 59.7
    },
    "stl": {
        "ttoi": 3890.47,
        "ttoiL10": 601.89,
        "ttoiL5": 297.02,
        "ttoiL3": 178.12,
        "ttoiL1": 57.67,
        "oppTTOI": 3909.23,
        "oppTTOIL10": 599.61,
        "oppTTOIL5": 301.21,
        "oppTTOIL3": 181.48000000000002,
        "oppTTOIL1": 58.6
    },
    "van": {
        "ttoi": 3860.4,
        "ttoiL10": 598.99,
        "ttoiL5": 301.92,
        "ttoiL3": 182.52,
        "ttoiL1": 65.0,
        "oppTTOI": 3851.94,
        "oppTTOIL10": 599.59,
        "oppTTOIL5": 296.5,
        "oppTTOIL3": 177.88,
        "oppTTOIL1": 57.879999999999995
    },
    "edm": {
        "ttoi": 3878.99,
        "ttoiL10": 596.77,
        "ttoiL5": 299.69,
        "ttoiL3": 175.82999999999998,
        "ttoiL1": 58.28,
        "oppTTOI": 3826.04,
        "oppTTOIL10": 598.62,
        "oppTTOIL5": 297.32,
        "oppTTOIL3": 177.02,
        "oppTTOIL1": 59.92
    },
    "chi": {
        "ttoi": 3883.6,
        "ttoiL10": 597.59,
        "ttoiL5": 304.29,
        "ttoiL3": 180.35,
        "ttoiL1": 58.6,
        "oppTTOI": 3890.58,
        "oppTTOIL10": 599.28,
        "oppTTOIL5": 298.3,
        "oppTTOIL3": 178.53,
        "oppTTOIL1": 60.0
    },
    "buf": {
        "ttoi": 3630.69,
        "ttoiL10": 591.03,
        "ttoiL5": 293.05,
        "ttoiL3": 177.75,
        "ttoiL1": 60.0,
        "oppTTOI": 3649.84,
        "oppTTOIL10": 601.47,
        "oppTTOIL5": 301.47,
        "oppTTOIL3": 181.6,
        "oppTTOIL1": 57.82
    },
    "det": {
        "ttoi": 3843.77,
        "ttoiL10": 596.2,
        "ttoiL5": 292.37,
        "ttoiL3": 177.03,
        "ttoiL1": 60.0,
        "oppTTOI": 3836.45,
        "oppTTOIL10": 604.77,
        "oppTTOIL5": 302.66,
        "oppTTOIL3": 182.66,
        "oppTTOIL1": 61.08
    },
    "bos": {
        "ttoi": 3907.78,
        "ttoiL10": 598.99,
        "ttoiL5": 295.54,
        "ttoiL3": 176.99,
        "ttoiL1": 57.42,
        "oppTTOI": 3901.97,
        "oppTTOIL10": 611.42,
        "oppTTOIL5": 302.53,
        "oppTTOIL3": 182.65,
        "oppTTOIL1": 63.65
    },
    "la": {
        "ttoi": 3785.28,
        "ttoiL10": 605.32,
        "ttoiL5": 304.7,
        "ttoiL3": 179.4,
        "ttoiL1": 60.0,
        "oppTTOI": 3767.11,
        "oppTTOIL10": 602.32,
        "oppTTOIL5": 305.29,
        "oppTTOIL3": 182.79000000000002,
        "oppTTOIL1": 64.93
    },
    "dal": {
        "ttoi": 3705.27,
        "ttoiL10": 598.41,
        "ttoiL5": 302.16,
        "ttoiL3": 182.16,
        "ttoiL1": 60.0,
        "oppTTOI": 3686.69,
        "oppTTOIL10": 592.8,
        "oppTTOIL5": 295.9,
        "oppTTOIL3": 179.8,
        "oppTTOIL1": 59.8
    },
    "mtl": {
        "ttoi": 3784.81,
        "ttoiL10": 606.6,
        "ttoiL5": 303.4,
        "ttoiL3": 177.47,
        "ttoiL1": 60.07,
        "oppTTOI": 3787.29,
        "oppTTOIL10": 602.3,
        "oppTTOIL5": 305.4,
        "oppTTOIL3": 185.0,
        "oppTTOIL1": 60.0
    },
    "cgy": {
        "ttoi": 3798.48,
        "ttoiL10": 615.04,
        "ttoiL5": 312.5,
        "ttoiL3": 189.23000000000002,
        "ttoiL1": 65.0,
        "oppTTOI": 3788.75,
        "oppTTOIL10": 616.08,
        "oppTTOIL5": 308.88,
        "oppTTOIL3": 185.2,
        "oppTTOIL1": 58.75
    },
    "sea": {
        "ttoi": 3851.9900000000002,
        "ttoiL10": 594.47,
        "ttoiL5": 293.47,
        "ttoiL3": 178.52,
        "ttoiL1": 59.8,
        "oppTTOI": 3881.93,
        "oppTTOIL10": 588.35,
        "oppTTOIL5": 292.8,
        "oppTTOIL3": 175.32999999999998,
        "oppTTOIL1": 60.0
    },
    "nsh": {
        "ttoi": 3689.28,
        "ttoiL10": 600.76,
        "ttoiL5": 302.22,
        "ttoiL3": 182.22,
        "ttoiL1": 59.57,
        "oppTTOI": 3765.1,
        "oppTTOIL10": 595.21,
        "oppTTOIL5": 296.8,
        "oppTTOIL3": 178.55,
        "oppTTOIL1": 60.0
    },
    "pit": {
        "ttoi": 4038.73,
        "ttoiL10": 597.76,
        "ttoiL5": 299.39,
        "ttoiL3": 180.82,
        "ttoiL1": 60.0,
        "oppTTOI": 4037.19,
        "oppTTOIL10": 604.0699999999999,
        "oppTTOIL5": 296.53999999999996,
        "oppTTOIL3": 182.07999999999998,
        "oppTTOIL1": 59.5
    },
    "fla": {
        "ttoi": 3836.84,
        "ttoiL10": 593.2,
        "ttoiL5": 296.85,
        "ttoiL3": 177.0,
        "ttoiL1": 60.0,
        "oppTTOI": 3832.67,
        "oppTTOIL10": 595.46,
        "oppTTOIL5": 301.36,
        "oppTTOIL3": 178.07,
        "oppTTOIL1": 59.85
    },
    "tb": {
        "ttoi": 3763.66,
        "ttoiL10": 602.78,
        "ttoiL5": 304.38,
        "ttoiL3": 184.38,
        "ttoiL1": 65.0,
        "oppTTOI": 3768.46,
        "oppTTOIL10": 595.53,
        "oppTTOIL5": 303.38,
        "oppTTOIL3": 184.55,
        "oppTTOIL1": 64.55
    },
    "car": {
        "ttoi": 3814.9,
        "ttoiL10": 598.37,
        "ttoiL5": 303.02,
        "ttoiL3": 179.75,
        "ttoiL1": 59.75,
        "oppTTOI": 3830.43,
        "oppTTOIL10": 611.7,
        "oppTTOIL5": 300.45,
        "oppTTOIL3": 181.55,
        "oppTTOIL1": 61.87
    },
    "phi": {
        "ttoi": 3916.68,
        "ttoiL10": 605.98,
        "ttoiL5": 301.42,
        "ttoiL3": 181.75,
        "ttoiL1": 65.0,
        "oppTTOI": 3929.77,
        "oppTTOIL10": 602.04,
        "oppTTOIL5": 293.54,
        "oppTTOIL3": 180.07,
        "oppTTOIL1": 60.0
    },
    "wpg": {
        "ttoi": 3899.41,
        "ttoiL10": 603.88,
        "ttoiL5": 296.49,
        "ttoiL3": 178.23,
        "ttoiL1": 60.0,
        "oppTTOI": 3888.39,
        "oppTTOIL10": 602.47,
        "oppTTOIL5": 303.44,
        "oppTTOIL3": 179.46,
        "oppTTOIL1": 63.43
    },
    "nj": {
        "ttoi": 3823.18,
        "ttoiL10": 596.6,
        "ttoiL5": 299.55,
        "ttoiL3": 180.0,
        "ttoiL1": 60.0,
        "oppTTOI": 3827.08,
        "oppTTOIL10": 591.98,
        "oppTTOIL5": 299.35,
        "oppTTOIL3": 179.67000000000002,
        "oppTTOIL1": 60.0
    },
    "vgk": {
        "ttoi": 3826.18,
        "ttoiL10": 595.21,
        "ttoiL5": 296.28,
        "ttoiL3": 176.28,
        "ttoiL1": 59.68,
        "oppTTOI": 3808.26,
        "oppTTOIL10": 593.24,
        "oppTTOIL5": 295.11,
        "oppTTOIL3": 175.88,
        "oppTTOIL1": 57.480000000000004
    },
    "col": {
        "ttoi": 3856.83,
        "ttoiL10": 600.73,
        "ttoiL5": 304.26,
        "ttoiL3": 184.57999999999998,
        "ttoiL1": 65.0,
        "oppTTOI": 3865.82,
        "oppTTOIL10": 594.52,
        "oppTTOIL5": 299.87,
        "oppTTOIL3": 179.07,
        "oppTTOIL1": 57.65
    },
    "cbj": {
        "ttoi": 3851.33,
        "ttoiL10": 594.37,
        "ttoiL5": 295.75,
        "ttoiL3": 178.73,
        "ttoiL1": 59.58,
        "oppTTOI": 3840.04,
        "oppTTOIL10": 603.26,
        "oppTTOIL5": 300.93,
        "oppTTOIL3": 181.53,
        "oppTTOIL1": 61.53
    },