{
    "pit": {
        "ttoi": 3367.9300000000003,
        "ttoiL10": 596.28,
        "ttoiL5": 300.02,
        "ttoiL3": 181.7,
        "ttoiL1": 61.7,
        "oppTTOI": 3371.95,
        "oppTTOIL10": 602.1700000000001,
        "oppTTOIL5": 298.27,
        "oppTTOIL3": 178.32,
        "oppTTOIL1": 59.5
    },
    "van": {
        "ttoi": 3667.46,
        "ttoiL10": 598.04,
        "ttoiL5": 296.94,
        "ttoiL3": 179.49,
        "ttoiL1": 60.75,
        "oppTTOI": 3648.9400000000005,
        "oppTTOIL10": 592.57,
        "oppTTOIL5": 296.72,
        "oppTTOIL3": 180.54,
        "oppTTOIL1": 61.7
    },
    "phi": {
        "ttoi": 3617.439999999999,
        "ttoiL10": 593.72,
        "ttoiL5": 292.97,
        "ttoiL3": 174.55,
        "ttoiL1": 60.0,
        "oppTTOI": 3610.1400000000003,
        "oppTTOIL10": 600.85,
        "oppTTOIL5": 305.53999999999996,
        "oppTTOIL3": 183.85,
        "oppTTOIL1": 60.0
    },
    "mtl": {
        "ttoi": 3569.6200000000013,
        "ttoiL10": 590.88,
        "ttoiL5": 292.9,
        "ttoiL3": 176.98,
        "ttoiL1": 60.0,
        "oppTTOI": 3570.3900000000003,
        "oppTTOIL10": 606.9000000000001,
        "oppTTOIL5": 303.8,
        "oppTTOIL3": 187.72,
        "oppTTOIL1": 60.0
    },
    "nyi": {
        "ttoi": 3501.0399999999995,
        "ttoiL10": 602.44,
        "ttoiL5": 299.75,
        "ttoiL3": 178.63,
        "ttoiL1": 62.9,
        "oppTTOI": 3438.23,
        "oppTTOIL10": 603.84,
        "oppTTOIL5": 300.09,
        "oppTTOIL3": 180.95,
        "oppTTOIL1": 60.95
    },
    "la": {
        "ttoi": 3493.8000000000006,
        "ttoiL10": 601.59,
        "ttoiL5": 299.02,
        "ttoiL3": 180.9,
        "ttoiL1": 58.43,
        "oppTTOI": 3504.0599999999995,
        "oppTTOIL10": 612.19,
        "oppTTOIL5": 310.07000000000005,
        "oppTTOIL3": 186.12,
        "oppTTOIL1": 57.37
    },
    "chi": {
        "ttoi": 3523.6299999999997,
        "ttoiL10": 592.46,
        "ttoiL5": 298.11,
        "ttoiL3": 178.84,
        "ttoiL1": 61.72,
        "oppTTOI": 3536.8799999999997,
        "oppTTOIL10": 600.03,
        "oppTTOIL5": 300.76,
        "oppTTOIL3": 175.85999999999999,
        "oppTTOIL1": 59.98
    },
    "fla": {
        "ttoi": 3530.8700000000003,
        "ttoiL10": 601.1999999999999,
        "ttoiL5": 304.59000000000003,
        "ttoiL3": 182.99,
        "ttoiL1": 59.63,
        "oppTTOI": 3466.9099999999994,
        "oppTTOIL10": 593.07,
        "oppTTOIL5": 300.37,
        "oppTTOIL3": 182.44,
        "oppTTOIL1": 59.97
    },
    "wpg": {
        "ttoi": 3426.710000000001,
        "ttoiL10": 599.1099999999999,
        "ttoiL5": 300.03999999999996,
        "ttoiL3": 180.76999999999998,
        "ttoiL1": 60.0,
        "oppTTOI": 3396.0099999999998,
        "oppTTOIL10": 590.3599999999999,
        "oppTTOIL5": 298.96,
        "oppTTOIL3": 177.57999999999998,
        "oppTTOIL1": 58.58
    },
    "min": {
        "ttoi": 3552.5899999999997,
        "ttoiL10": 598.36,
        "ttoiL5": 297.97,
        "ttoiL3": 178.51999999999998,
        "ttoiL1": 58.72,
        "oppTTOI": 3488.4500000000003,
        "oppTTOIL10": 597.8399999999999,
        "oppTTOIL5": 295.05999999999995,
        "oppTTOIL3": 175.27999999999997,
        "oppTTOIL1": 57.73
    },
    "ari": {
        "ttoi": 3478.4400000000005,
        "ttoiL10": 591.39,
        "ttoiL5": 295.45,
        "ttoiL3": 179.07999999999998,
        "ttoiL1": 58.53,
        "oppTTOI": 3478.1400000000003,
        "oppTTOIL10": 593.9,
        "oppTTOIL5": 299.71,
        "oppTTOIL3": 179.43,
        "oppTTOIL1": 59.58
    },
    "vgk": {
        "ttoi": 3554.1699999999996,
        "ttoiL10": 597.5,
        "ttoiL5": 303.15999999999997,
        "ttoiL3": 184.53,
        "ttoiL1": 60.0,
        "oppTTOI": 3553.5999999999995,
        "oppTTOIL10": 604.0200000000001,
        "oppTTOIL5": 301.1,
        "oppTTOIL3": 181.1,
        "oppTTOIL1": 58.83
    },
    "sea": {
        "ttoi": 3518.42,
        "ttoiL10": 605.3,
        "ttoiL5": 305.47,
        "ttoiL3": 184.92000000000002,
        "ttoiL1": 65.0,
        "oppTTOI": 3513.2799999999997,
        "oppTTOIL10": 601.56,
        "oppTTOIL5": 299.53,
        "oppTTOIL3": 180.0,
        "oppTTOIL1": 60.0
    },
    "car": {
        "ttoi": 3549.5100000000007,
        "ttoiL10": 603.4100000000001,
        "ttoiL5": 302.52,
        "ttoiL3": 182.57,
        "ttoiL1": 60.0,
        "oppTTOI": 3552.9500000000003,
        "oppTTOIL10": 603.9,
        "oppTTOIL5": 304.6,
        "oppTTOIL3": 185.23,
        "oppTTOIL1": 60.83
    },
    "buf": {
        "ttoi": 3520.5699999999997,
        "ttoiL10": 599.89,
        "ttoiL5": 303.45,
        "ttoiL3": 184.57,
        "ttoiL1": 59.67,
        "oppTTOI": 3530.77,
        "oppTTOIL10": 598.5300000000001,
        "oppTTOIL5": 294.83000000000004,
        "oppTTOIL3": 177.05,
        "oppTTOIL1": 58.3
    },
    "bos": {
        "ttoi": 3644.73,
        "ttoiL10": 621.62,
        "ttoiL5": 318.0,
        "ttoiL3": 190.25,
        "ttoiL1": 65.0,
        "oppTTOI": 3623.8999999999996,
        "oppTTOIL10": 596.5799999999999,
        "oppTTOIL5": 296.12,
        "oppTTOIL3": 178.61,
        "oppTTOIL1": 60.0
    },
    "wsh": {
        "ttoi": 3458.8099999999995,
        "ttoiL10": 605.26,
        "ttoiL5": 302.95000000000005,
        "ttoiL3": 183.05,
        "ttoiL1": 59.78,
        "oppTTOI": 3496.75,
        "oppTTOIL10": 600.93,
        "oppTTOIL5": 291.71,
        "oppTTOIL3": 176.01,
        "oppTTOIL1": 57.480000000000004
    },
    "stl": {
        "ttoi": 3458.7799999999993,
        "ttoiL10": 587.4799999999999,
        "ttoiL5": 290.51,
        "ttoiL3": 176.05,
        "ttoiL1": 56.18,
        "oppTTOI": 3468.6300000000006,
        "oppTTOIL10": 597.6800000000001,
        "oppTTOIL5": 296.6,
        "oppTTOIL3": 177.4,
        "oppTTOIL1": 60.0
    },
    "ott": {
        "ttoi": 3420.4499999999994,
        "ttoiL10": 604.36,
        "ttoiL5": 306.6,
        "ttoiL3": 185.0,
        "ttoiL1": 60.0,
        "oppTTOI": 3411.6699999999996,
        "oppTTOIL10": 602.82,
        "oppTTOIL5": 300.99,
        "oppTTOIL3": 181.07,
        "oppTTOIL1": 61.17
    },
    "tor": {
        "ttoi": 3501.5699999999997,
        "ttoiL10": 598.33,
        "ttoiL5": 299.1,
        "ttoiL3": 179.45,
        "ttoiL1": 59.45,
        "oppTTOI": 3513.169999999999,
        "oppTTOIL10": 603.98,
        "oppTTOIL5": 303.33000000000004,
        "oppTTOIL3": 183.33,
        "oppTTOIL1": 58.95
    },
    "tb": {
        "ttoi": 3641.3900000000012,
        "ttoiL10": 594.4599999999999,
        "ttoiL5": 290.34999999999997,
        "ttoiL3": 175.63,
        "ttoiL1": 55.68,
        "oppTTOI": 3653.1600000000008,
        "oppTTOIL10": 594.9799999999999,
        "oppTTOIL5": 296.75,
        "oppTTOIL3": 177.18,
        "oppTTOIL1": 58.43
    },
    "nsh": {
        "ttoi": 3576.6199999999994,
        "ttoiL10": 597.97,
        "ttoiL5": 299.14,
        "ttoiL3": 179.45,
        "ttoiL1": 60.0,
        "oppTTOI": 3580.98,
        "oppTTOIL10": 597.74,
        "oppTTOIL5": 299.61,
        "oppTTOIL3": 184.1,
        "oppTTOIL1": 59.92
    },
    "nyr": {
        "ttoi": 3470.5499999999993,
        "ttoiL10": 596.7099999999999,
        "ttoiL5": 293.18,
        "ttoiL3": 176.33,
        "ttoiL1": 56.68,
        "oppTTOI": 3530.73,
        "oppTTOIL10": 596.39,
        "oppTTOIL5": 299.4,
        "oppTTOIL3": 181.38,
        "oppTTOIL1": 59.5
    },
    "nj": {
        "ttoi": 3521.1499999999987,
        "ttoiL10": 600.1899999999999,
        "ttoiL5": 298.72,
        "ttoiL3": 179.27,
        "ttoiL1": 60.0,
        "oppTTOI": 3522.140000000001,
        "oppTTOIL10": 597.8900000000001,
        "oppTTOIL5": 296.09000000000003,
        "oppTTOIL3": 176.15,
        "oppTTOIL1": 60.0
    },
    "cbj": {
        "ttoi": 3360.0500000000006,
        "ttoiL10": 587.81,
        "ttoiL5": 290.94,
        "ttoiL3": 172.07,
        "ttoiL1": 59.7,
        "oppTTOI": 3429.9600000000005,