{
    "pit": {
        "ttoi": 2644.88,
        "ttoiL10": 596.14,
        "ttoiL5": 300.36,
        "ttoiL3": 178.41,
        "ttoiL1": 59.58,
        "oppTTOI": 2647.9200000000005,
        "oppTTOIL10": 602.6700000000001,
        "oppTTOIL5": 300.45,
        "oppTTOIL3": 178.82,
        "oppTTOIL1": 60.0
    },
    "ari": {
        "ttoi": 2827.05,
        "ttoiL10": 606.6400000000001,
        "ttoiL5": 298.72,
        "ttoiL3": 179.87,
        "ttoiL1": 60.0,
        "oppTTOI": 2817.41,
        "oppTTOIL10": 598.62,
        "oppTTOIL5": 299.71,
        "oppTTOIL3": 179.43,
        "oppTTOIL1": 59.58
    },
    "vgk": {
        "ttoi": 2896.67,
        "ttoiL10": 601.0799999999999,
        "ttoiL5": 302.33,
        "ttoiL3": 182.51,
        "ttoiL1": 60.0,
        "oppTTOI": 2897.8199999999997,
        "oppTTOIL10": 604.4000000000001,
        "oppTTOIL5": 301.1,
        "oppTTOIL3": 181.1,
        "oppTTOIL1": 58.83
    },
    "sea": {
        "ttoi": 2850.0699999999997,
        "ttoiL10": 598.28,
        "ttoiL5": 298.45,
        "ttoiL3": 179.12,
        "ttoiL1": 60.0,
        "oppTTOI": 2846.3299999999995,
        "oppTTOIL10": 605.03,
        "oppTTOIL5": 299.53,
        "oppTTOIL3": 180.0,
        "oppTTOIL1": 60.0
    },
    "car": {
        "ttoi": 2828.4000000000005,
        "ttoiL10": 603.0799999999999,
        "ttoiL5": 296.4,
        "ttoiL3": 178.3,
        "ttoiL1": 59.95,
        "oppTTOI": 2831.6500000000005,
        "oppTTOIL10": 603.4,
        "oppTTOIL5": 304.88,
        "oppTTOIL3": 185.23,
        "oppTTOIL1": 60.83
    },
    "van": {
        "ttoi": 2885.4900000000002,
        "ttoiL10": 606.99,
        "ttoiL5": 304.48,
        "ttoiL3": 179.48,
        "ttoiL1": 60.68,
        "oppTTOI": 2865.7699999999995,
        "oppTTOIL10": 588.7499999999999,
        "oppTTOIL5": 294.9,
        "oppTTOIL3": 177.3,
        "oppTTOIL1": 61.12
    },
    "phi": {
        "ttoi": 2963.74,
        "ttoiL10": 601.9800000000001,
        "ttoiL5": 293.70000000000005,
        "ttoiL3": 176.05,
        "ttoiL1": 60.0,
        "oppTTOI": 2961.59,
        "oppTTOIL10": 600.4300000000001,
        "oppTTOIL5": 304.65,
        "oppTTOIL3": 187.42,
        "oppTTOIL1": 60.0
    },
    "buf": {
        "ttoi": 2860.68,
        "ttoiL10": 594.0899999999999,
        "ttoiL5": 296.01,
        "ttoiL3": 176.18,
        "ttoiL1": 60.0,
        "oppTTOI": 2870.7899999999995,
        "oppTTOIL10": 595.4300000000001,
        "oppTTOIL5": 294.83000000000004,
        "oppTTOIL3": 177.05,
        "oppTTOIL1": 58.3
    },
    "bos": {
        "ttoi": 2903.4599999999996,
        "ttoiL10": 608.17,
        "ttoiL5": 299.25,
        "ttoiL3": 179.28,
        "ttoiL1": 61.68,
        "oppTTOI": 2877.7800000000007,
        "oppTTOIL10": 590.1999999999999,
        "oppTTOIL5": 296.12,
        "oppTTOIL3": 178.61,
        "oppTTOIL1": 60.0
    },
    "wsh": {
        "ttoi": 2731.56,
        "ttoiL10": 595.6800000000001,
        "ttoiL5": 298.23,
        "ttoiL3": 178.23,
        "ttoiL1": 59.83,
        "oppTTOI": 2772.6,
        "oppTTOIL10": 600.93,
        "oppTTOIL5": 291.71,
        "oppTTOIL3": 176.01,
        "oppTTOIL1": 57.480000000000004
    },
    "nyi": {
        "ttoi": 2898.6,
        "ttoiL10": 595.13,
        "ttoiL5": 295.07,
        "ttoiL3": 176.43,
        "ttoiL1": 58.35,
        "oppTTOI": 2832.6299999999997,
        "oppTTOIL10": 609.31,
        "oppTTOIL5": 302.67,
        "oppTTOIL3": 180.37,
        "oppTTOIL1": 60.0
    },
    "stl": {
        "ttoi": 2747.21,
        "ttoiL10": 601.72,
        "ttoiL5": 298.46,
        "ttoiL3": 181.33,
        "ttoiL1": 61.9,
        "oppTTOI": 2747.9,
        "oppTTOIL10": 597.6800000000001,
        "oppTTOIL5": 296.6,
        "oppTTOIL3": 177.4,
        "oppTTOIL1": 60.0
    },
    "ott": {
        "ttoi": 2632.43,
        "ttoiL10": 599.9499999999999,
        "ttoiL5": 305.0,
        "ttoiL3": 180.85,
        "ttoiL1": 61.8,
        "oppTTOI": 2628.42,
        "oppTTOIL10": 604.5300000000001,
        "oppTTOIL5": 301.09000000000003,
        "oppTTOIL3": 181.09,
        "oppTTOIL1": 61.17
    },
    "min": {
        "ttoi": 2896.21,
        "ttoiL10": 602.36,
        "ttoiL5": 298.78999999999996,
        "ttoiL3": 178.82,
        "ttoiL1": 58.82,
        "oppTTOI": 2840.8300000000004,
        "oppTTOIL10": 602.21,
        "oppTTOIL5": 302.56,
        "oppTTOIL3": 178.13,
        "oppTTOIL1": 60.0
    },
    "tor": {
        "ttoi": 2784.919999999999,
        "ttoiL10": 596.4999999999999,
        "ttoiL5": 298.54999999999995,
        "ttoiL3": 180.64,
        "ttoiL1": 64.22,
        "oppTTOI": 2801.4700000000003,
        "oppTTOIL10": 608.98,
        "oppTTOIL5": 305.53000000000003,
        "oppTTOIL3": 183.33,
        "oppTTOIL1": 58.95
    },
    "mtl": {
        "ttoi": 2916.7400000000007,
        "ttoiL10": 605.3199999999999,
        "ttoiL5": 297.52,
        "ttoiL3": 178.47,
        "ttoiL1": 60.0,
        "oppTTOI": 2909.88,
        "oppTTOIL10": 608.38,
        "oppTTOIL5": 299.5,
        "oppTTOIL3": 181.07999999999998,
        "oppTTOIL1": 65.0
    },
    "fla": {
        "ttoi": 2802.7200000000007,
        "ttoiL10": 600.49,
        "ttoiL5": 298.87,
        "ttoiL3": 177.15,
        "ttoiL1": 60.0,
        "oppTTOI": 2738.35,
        "oppTTOIL10": 589.69,
        "oppTTOIL5": 295.0,
        "oppTTOIL3": 176.35,
        "oppTTOIL1": 58.42
    },
    "tb": {
        "ttoi": 2928.35,
        "ttoiL10": 597.39,
        "ttoiL5": 295.7,
        "ttoiL3": 175.75,
        "ttoiL1": 60.0,
        "oppTTOI": 2938.6800000000007,
        "oppTTOIL10": 594.9799999999999,
        "oppTTOIL5": 296.75,
        "oppTTOIL3": 177.18,
        "oppTTOIL1": 58.43
    },
    "nsh": {
        "ttoi": 2855.7699999999986,
        "ttoiL10": 589.1099999999999,
        "ttoiL5": 291.9,
        "ttoiL3": 175.16,
        "ttoiL1": 60.0,
        "oppTTOI": 2864.9500000000003,
        "oppTTOIL10": 601.9599999999999,
        "oppTTOIL5": 301.78,
        "oppTTOIL3": 184.1,
        "oppTTOIL1": 59.92
    },
    "nyr": {
        "ttoi": 2758.3399999999997,
        "ttoiL10": 596.92,
        "ttoiL5": 297.55999999999995,
        "ttoiL3": 180.02999999999997,
        "ttoiL1": 61.48,
        "oppTTOI": 2817.3799999999997,
        "oppTTOIL10": 593.48,
        "oppTTOIL5": 299.0,
        "oppTTOIL3": 178.07,
        "oppTTOIL1": 59.5
    },
    "nj": {
        "ttoi": 2744.5799999999995,
        "ttoiL10": 596.34,
        "ttoiL5": 297.76,
        "ttoiL3": 179.78,
        "ttoiL1": 57.480000000000004,
        "oppTTOI": 2748.2000000000003,
        "oppTTOIL10": 589.93,
        "oppTTOIL5": 296.15,
        "oppTTOIL3": 176.15,
        "oppTTOIL1": 60.0
    },
    "cbj": {
        "ttoi": 2772.2400000000007,
        "ttoiL10": 611.8100000000001,
        "ttoiL5": 302.40000000000003,
        "ttoiL3": 179.77,
        "ttoiL1": 60.0,
        "oppTTOI": 2834.76,
        "oppTTOIL10": 597.1999999999999,
        "oppTTOIL5": 301.54999999999995,
        "oppTTOIL3": 182.26999999999998,
        "oppTTOIL1": 60.0
    },
    "la": {
        "ttoi": 2711.5900000000006,
        "ttoiL10": 601.87,
        "ttoiL5": 299.27000000000004,
        "ttoiL3": 181.87,
        "ttoiL1": 57.4,
        "oppTTOI": 2723.5499999999997,
        "oppTTOIL10": 613.6300000000001,
        "oppTTOIL5": 306.72,
        "oppTTOIL3": 187.70000000000002,
        "oppTTOIL1": 63.75
    },
    "ana": {
        "ttoi": 2853.64,
        "ttoiL10": 593.9200000000001,
        "ttoiL5": 294.47,
        "ttoiL3": 179.17,
        "ttoiL1": 60.63,
        "oppTTOI": 2870.9300000000003,
        "oppTTOIL10": 596.14,
        "oppTTOIL5": 299.43,
        "oppTTOIL3": 179.43,
        "oppTTOIL1": 59.85
    },
    "sj": {
        "ttoi": 2880.8500000000004,
        "ttoiL10": 608.26,
        "ttoiL5": 310.34000000000003,
        "ttoiL3": 185.91,
        "ttoiL1": 61.48,
        "oppTTOI": 2886.37,
        "oppTTOIL10": 601.78,
        "oppTTOIL5": 301.88,