{
    "pit": {
        "ttoi": 4080.1399999999994,
        "ttoiL10": 595.36,
        "ttoiL5": 296.17,
        "ttoiL3": 174.15,
        "ttoiL1": 58.03,
        "oppTTOI": 4086.71,
        "oppTTOIL10": 603.9,
        "oppTTOIL5": 297.87,
        "oppTTOIL3": 178.32,
        "oppTTOIL1": 59.5
    },
    "nj": {
        "ttoi": 4107.51,
        "ttoiL10": 586.3600000000001,
        "ttoiL5": 295.82,
        "ttoiL3": 176.95,
        "ttoiL1": 60.0,
        "oppTTOI": 4116.470000000001,
        "oppTTOIL10": 597.57,
        "oppTTOIL5": 294.18,
        "oppTTOIL3": 176.3,
        "oppTTOIL1": 58.03
    },
    "det": {
        "ttoi": 4133.919999999999,
        "ttoiL10": 592.13,
        "ttoiL5": 295.03,
        "ttoiL3": 175.55,
        "ttoiL1": 59.55,
        "oppTTOI": 4147.4,
        "oppTTOIL10": 597.5799999999999,
        "oppTTOIL5": 299.16,
        "oppTTOIL3": 180.36,
        "oppTTOIL1": 59.22
    },
    "nyr": {
        "ttoi": 4069.2599999999993,
        "ttoiL10": 598.7099999999999,
        "ttoiL5": 296.59,
        "ttoiL3": 176.76,
        "ttoiL1": 57.58,
        "oppTTOI": 4127.469999999999,
        "oppTTOIL10": 593.76,
        "oppTTOIL5": 296.85,
        "oppTTOIL3": 178.28,
        "oppTTOIL1": 56.900000000000006
    },
    "sj": {
        "ttoi": 4078.46,
        "ttoiL10": 597.8299999999999,
        "ttoiL5": 292.78,
        "ttoiL3": 175.73,
        "ttoiL1": 60.0,
        "oppTTOI": 4089.0499999999997,
        "oppTTOIL10": 604.7499999999999,
        "oppTTOIL5": 303.87,
        "oppTTOIL3": 178.87,
        "oppTTOIL1": 59.77
    },
    "ott": {
        "ttoi": 4028.21,
        "ttoiL10": 607.76,
        "ttoiL5": 312.68,
        "ttoiL3": 184.55,
        "ttoiL1": 60.0,
        "oppTTOI": 4023.2199999999993,
        "oppTTOIL10": 602.84,
        "oppTTOIL5": 303.0,
        "oppTTOIL3": 183.42000000000002,
        "oppTTOIL1": 62.25
    },
    "edm": {
        "ttoi": 3968.2300000000005,
        "ttoiL10": 616.53,
        "ttoiL5": 311.80999999999995,
        "ttoiL3": 188.07999999999998,
        "ttoiL1": 63.3,
        "oppTTOI": 3971.82,
        "oppTTOIL10": 595.47,
        "oppTTOIL5": 296.22,
        "oppTTOIL3": 178.55,
        "oppTTOIL1": 59.3
    },
    "bos": {
        "ttoi": 4245.650000000002,
        "ttoiL10": 600.9200000000001,
        "ttoiL5": 298.62,
        "ttoiL3": 180.24,
        "ttoiL1": 60.0,
        "oppTTOI": 4219.380000000001,
        "oppTTOIL10": 596.5799999999999,
        "oppTTOIL5": 297.54,
        "oppTTOIL3": 179.43,
        "oppTTOIL1": 60.0
    },
    "wsh": {
        "ttoi": 3996.0199999999995,
        "ttoiL10": 596.99,
        "ttoiL5": 299.65,
        "ttoiL3": 179.82999999999998,
        "ttoiL1": 60.0,
        "oppTTOI": 4030.440000000001,
        "oppTTOIL10": 591.1,
        "oppTTOIL5": 295.9,
        "oppTTOIL3": 177.37,
        "oppTTOIL1": 59.89
    },
    "cbj": {
        "ttoi": 4077.2900000000004,
        "ttoiL10": 601.99,
        "ttoiL5": 305.3,
        "ttoiL3": 180.3,
        "ttoiL1": 60.8,
        "oppTTOI": 4150.31,
        "oppTTOIL10": 597.63,
        "oppTTOIL5": 296.73,
        "oppTTOIL3": 179.72,
        "oppTTOIL1": 60.0
    },
    "cgy": {
        "ttoi": 4080.3500000000004,
        "ttoiL10": 595.3100000000001,
        "ttoiL5": 297.21000000000004,
        "ttoiL3": 177.21,
        "ttoiL1": 57.43,
        "oppTTOI": 4078.659999999999,
        "oppTTOIL10": 593.8,
        "oppTTOIL5": 295.90000000000003,
        "oppTTOIL3": 176.65,
        "oppTTOIL1": 59.25
    },
    "sea": {
        "ttoi": 4054.8499999999995,
        "ttoiL10": 601.4300000000001,
        "ttoiL5": 298.96000000000004,
        "ttoiL3": 176.67000000000002,
        "ttoiL1": 60.0,
        "oppTTOI": 4048.14,
        "oppTTOIL10": 601.26,
        "oppTTOIL5": 297.48,
        "oppTTOIL3": 177.6,
        "oppTTOIL1": 57.6
    },
    "van": {
        "ttoi": 4145.85,
        "ttoiL10": 600.0100000000001,
        "ttoiL5": 297.34000000000003,
        "ttoiL3": 177.65,
        "ttoiL1": 59.13,
        "oppTTOI": 4124.860000000001,
        "oppTTOIL10": 591.52,
        "oppTTOIL5": 296.72,
        "oppTTOIL3": 180.54,
        "oppTTOIL1": 61.7
    },
    "phi": {
        "ttoi": 4158.219999999999,
        "ttoiL10": 600.78,
        "ttoiL5": 295.86,
        "ttoiL3": 176.67000000000002,
        "ttoiL1": 59.87,
        "oppTTOI": 4146.650000000001,
        "oppTTOIL10": 600.27,
        "oppTTOIL5": 305.53999999999996,
        "oppTTOIL3": 183.85,
        "oppTTOIL1": 60.0
    },
    "mtl": {
        "ttoi": 4120.790000000001,
        "ttoiL10": 611.17,
        "ttoiL5": 301.45,
        "ttoiL3": 183.57,
        "ttoiL1": 63.22,
        "oppTTOI": 4122.570000000001,
        "oppTTOIL10": 605.7700000000001,
        "oppTTOIL5": 303.8,
        "oppTTOIL3": 187.72,
        "oppTTOIL1": 60.0
    },
    "nyi": {
        "ttoi": 4100.169999999999,
        "ttoiL10": 599.13,
        "ttoiL5": 299.58,
        "ttoiL3": 182.19,
        "ttoiL1": 59.23,
        "oppTTOI": 4039.9399999999996,
        "oppTTOIL10": 600.41,
        "oppTTOIL5": 300.14,
        "oppTTOIL3": 180.95,
        "oppTTOIL1": 60.95
    },
    "la": {
        "ttoi": 4091.84,
        "ttoiL10": 598.0400000000001,
        "ttoiL5": 296.32000000000005,
        "ttoiL3": 179.55,
        "ttoiL1": 60.0,
        "oppTTOI": 4102.629999999999,
        "oppTTOIL10": 607.19,
        "oppTTOIL5": 306.12,
        "oppTTOIL3": 181.12,
        "oppTTOIL1": 57.37
    },
    "chi": {
        "ttoi": 4123.0,
        "ttoiL10": 599.37,
        "ttoiL5": 299.83,
        "ttoiL3": 180.0,
        "ttoiL1": 60.0,
        "oppTTOI": 4129.71,
        "oppTTOIL10": 596.3100000000001,
        "oppTTOIL5": 291.94,
        "oppTTOIL3": 176.68,
        "oppTTOIL1": 59.98
    },
    "fla": {
        "ttoi": 4071.57,
        "ttoiL10": 600.33,
        "ttoiL5": 296.08,
        "ttoiL3": 176.45,
        "ttoiL1": 57.15,
        "oppTTOI": 4006.6699999999996,
        "oppTTOIL10": 593.12,
        "oppTTOIL5": 300.37,
        "oppTTOIL3": 182.44,
        "oppTTOIL1": 59.97
    },
    "wpg": {
        "ttoi": 4081.320000000001,
        "ttoiL10": 595.98,
        "ttoiL5": 298.45000000000005,
        "ttoiL3": 179.92000000000002,
        "ttoiL1": 59.92,
        "oppTTOI": 4048.4099999999994,
        "oppTTOIL10": 591.9599999999999,
        "oppTTOIL5": 298.96,
        "oppTTOIL3": 177.57999999999998,
        "oppTTOIL1": 58.58
    },
    "min": {
        "ttoi": 4161.82,
        "ttoiL10": 609.23,
        "ttoiL5": 308.23,
        "ttoiL3": 184.97,
        "ttoiL1": 60.0,
        "oppTTOI": 4093.030000000001,
        "oppTTOIL10": 588.7900000000001,
        "oppTTOIL5": 294.58,
        "oppTTOIL3": 175.27999999999997,
        "oppTTOIL1": 57.73
    },
    "ari": {
        "ttoi": 4071.57,
        "ttoiL10": 593.1300000000001,
        "ttoiL5": 298.4,
        "ttoiL3": 178.57999999999998,
        "ttoiL1": 59.23,
        "oppTTOI": 4072.83,
        "oppTTOIL10": 593.9,
        "oppTTOIL5": 299.43,
        "oppTTOIL3": 179.43,
        "oppTTOIL1": 59.58
    },
    "vgk": {
        "ttoi": 4088.959999999999,
        "ttoiL10": 594.79,
        "ttoiL5": 300.87,
        "ttoiL3": 179.12,
        "ttoiL1": 59.7,
        "oppTTOI": 4093.3499999999995,
        "oppTTOIL10": 604.0200000000001,
        "oppTTOIL5": 301.1,
        "oppTTOIL3": 181.1,
        "oppTTOIL1": 58.83
    },
    "car": {
        "ttoi": 4144.910000000001,
        "ttoiL10": 595.4,
        "ttoiL5": 299.43,
        "ttoiL3": 181.43,
        "ttoiL1": 60.0,
        "oppTTOI": 4151.550000000001,
        "oppTTOIL10": 604.25,
        "oppTTOIL5": 304.6,
        "oppTTOIL3": 185.23,
        "oppTTOIL1": 60.83
    },
    "buf": {
        "ttoi": 4182.16,
        "ttoiL10": 599.89,
        "ttoiL5": 294.76,
        "ttoiL3": 175.59,
        "ttoiL1": 58.37,
        "oppTTOI": 4197.570000000001,
        "oppTTOIL10": 598.5300000000001,
        "oppTTOIL5": 294.83000000000004,
        "oppTTOIL3": 177.05,