{
    "ana": {
        "ttoi": 3970.36,
        "ttoiL10": 593.3,
        "ttoiL5": 296.9,
        "ttoiL3": 178.57999999999998,
        "ttoiL1": 60.0,
        "oppTTOI": 3967.81,
        "oppTTOIL10": 606.9,
        "oppTTOIL5": 309.1,
        "oppTTOIL3": 186.85,
        "oppTTOIL1": 62.85
    },
    "stl": {
        "ttoi": 4010.27,
        "ttoiL10": 596.82,
        "ttoiL5": 297.92,
        "ttoiL3": 177.47,
        "ttoiL1": 59.8,
        "oppTTOI": 4028.48,
        "oppTTOIL10": 599.81,
        "oppTTOIL5": 301.48,
        "oppTTOIL3": 178.6,
        "oppTTOIL1": 60.0
    },
    "nsh": {
        "ttoi": 3811.39,
        "ttoiL10": 602.87,
        "ttoiL5": 304.33,
        "ttoiL3": 181.68,
        "ttoiL1": 63.33,
        "oppTTOI": 3887.97,
        "oppTTOIL10": 595.21,
        "oppTTOIL5": 296.8,
        "oppTTOIL3": 178.87,
        "oppTTOIL1": 60.0
    },
    "utah": {
        "ttoi": 3979.63,
        "ttoiL10": 604.41,
        "ttoiL5": 306.89,
        "ttoiL3": 178.72,
        "ttoiL1": 60.0,
        "oppTTOI": 3987.73,
        "oppTTOIL10": 610.17,
        "oppTTOIL5": 307.03,
        "oppTTOIL3": 184.41,
        "oppTTOIL1": 58.58
    },
    "wsh": {
        "ttoi": 3915.68,
        "ttoiL10": 601.77,
        "ttoiL5": 299.77,
        "ttoiL3": 179.77,
        "ttoiL1": 59.77,
        "oppTTOI": 3888.44,
        "oppTTOIL10": 598.24,
        "oppTTOIL5": 301.79,
        "oppTTOIL3": 176.79,
        "oppTTOIL1": 58.62
    },
    "nyi": {
        "ttoi": 3884.36,
        "ttoiL10": 593.55,
        "ttoiL5": 297.41,
        "ttoiL3": 180.33,
        "ttoiL1": 60.0,
        "oppTTOI": 3884.05,
        "oppTTOIL10": 592.25,
        "oppTTOIL5": 301.07,
        "oppTTOIL3": 177.9,
        "oppTTOIL1": 59.7
    },
    "van": {
        "ttoi": 3979.82,
        "ttoiL10": 602.64,
        "ttoiL5": 301.94,
        "ttoiL3": 184.42000000000002,
        "ttoiL1": 59.42,
        "oppTTOI": 3971.94,
        "oppTTOIL10": 599.59,
        "oppTTOIL5": 296.5,
        "oppTTOIL3": 177.88,
        "oppTTOIL1": 57.879999999999995
    },
    "edm": {
        "ttoi": 4002.56,
        "ttoiL10": 601.69,
        "ttoiL5": 299.4,
        "ttoiL3": 181.85,
        "ttoiL1": 60.0,
        "oppTTOI": 3947.07,
        "oppTTOIL10": 598.62,
        "oppTTOIL5": 297.32,
        "oppTTOIL3": 177.02,
        "oppTTOIL1": 59.92
    },
    "chi": {
        "ttoi": 3943.6,
        "ttoiL10": 600.16,
        "ttoiL5": 303.52,
        "ttoiL3": 177.7,
        "ttoiL1": 60.0,
        "oppTTOI": 3950.58,
        "oppTTOIL10": 599.28,
        "oppTTOIL5": 298.3,
        "oppTTOIL3": 178.53,
        "oppTTOIL1": 60.0
    },
    "buf": {
        "ttoi": 3759.06,
        "ttoiL10": 599.4,
        "ttoiL5": 306.12,
        "ttoiL3": 188.37,
        "ttoiL1": 64.82,
        "oppTTOI": 3779.66,
        "oppTTOIL10": 601.29,
        "oppTTOIL5": 306.42,
        "oppTTOIL3": 186.64,
        "oppTTOIL1": 57.82
    },
    "det": {
        "ttoi": 3962.72,
        "ttoiL10": 587.94,
        "ttoiL5": 295.98,
        "ttoiL3": 178.95,
        "ttoiL1": 60.0,
        "oppTTOI": 3956.45,
        "oppTTOIL10": 604.77,
        "oppTTOIL5": 302.66,
        "oppTTOIL3": 182.66,
        "oppTTOIL1": 61.08
    },
    "bos": {
        "ttoi": 4030.58,
        "ttoiL10": 594.81,
        "ttoiL5": 299.78999999999996,
        "ttoiL3": 180.22,
        "ttoiL1": 64.82,
        "oppTTOI": 4026.79,
        "oppTTOIL10": 611.64,
        "oppTTOIL5": 307.46999999999997,
        "oppTTOIL3": 188.47,
        "oppTTOIL1": 63.65
    },
    "la": {
        "ttoi": 3905.92,
        "ttoiL10": 601.53,
        "ttoiL5": 300.04,
        "ttoiL3": 180.64,
        "ttoiL1": 57.77,
        "oppTTOI": 3890.44,
        "oppTTOIL10": 602.32,
        "oppTTOIL5": 305.29,
        "oppTTOIL3": 182.79000000000002,
        "oppTTOIL1": 64.93
    },
    "dal": {
        "ttoi": 3825.84,
        "ttoiL10": 598.98,
        "ttoiL5": 302.73,
        "ttoiL3": 180.57,
        "ttoiL1": 60.57,
        "oppTTOI": 3807.26,
        "oppTTOIL10": 592.8,
        "oppTTOIL5": 295.9,
        "oppTTOIL3": 179.8,
        "oppTTOIL1": 59.8
    },
    "mtl": {
        "ttoi": 3844.46,
        "ttoiL10": 606.25,
        "ttoiL5": 302.0,
        "ttoiL3": 179.72,
        "ttoiL1": 59.65,
        "oppTTOI": 3844.16,
        "oppTTOIL10": 602.3,
        "oppTTOIL5": 305.4,
        "oppTTOIL3": 185.0,
        "oppTTOIL1": 60.0
    },
    "cgy": {
        "ttoi": 3916.46,
        "ttoiL10": 610.05,
        "ttoiL5": 307.21,
        "ttoiL3": 182.98,
        "ttoiL1": 60.0,
        "oppTTOI": 3908.68,
        "oppTTOIL10": 616.08,
        "oppTTOIL5": 308.88,
        "oppTTOIL3": 185.2,
        "oppTTOIL1": 58.75
    },
    "sea": {
        "ttoi": 3973.77,
        "ttoiL10": 593.28,
        "ttoiL5": 300.3,
        "ttoiL3": 181.57999999999998,
        "ttoiL1": 61.78,
        "oppTTOI": 4002.39,
        "oppTTOIL10": 588.35,
        "oppTTOIL5": 292.8,
        "oppTTOIL3": 175.32999999999998,
        "oppTTOIL1": 60.0
    },
    "pit": {
        "ttoi": 4098.73,
        "ttoiL10": 599.34,
        "ttoiL5": 300.82,
        "ttoiL3": 180.82,
        "ttoiL1": 60.0,
        "oppTTOI": 4095.21,
        "oppTTOIL10": 604.0699999999999,
        "oppTTOIL5": 296.53999999999996,
        "oppTTOIL3": 182.07999999999998,
        "oppTTOIL1": 59.5
    },
    "fla": {
        "ttoi": 3951.58,
        "ttoiL10": 591.09,
        "ttoiL5": 291.74,
        "ttoiL3": 174.74,
        "ttoiL1": 57.87,
        "oppTTOI": 3952.32,
        "oppTTOIL10": 595.46,
        "oppTTOIL5": 301.36,
        "oppTTOIL3": 178.07,
        "oppTTOIL1": 59.85
    },
    "tb": {
        "ttoi": 3883.64,
        "ttoiL10": 602.76,
        "ttoiL5": 304.36,
        "ttoiL3": 184.98,
        "ttoiL1": 59.98,
        "oppTTOI": 3886.07,
        "oppTTOIL10": 596.34,
        "oppTTOIL5": 302.53,
        "oppTTOIL3": 182.53,
        "oppTTOIL1": 64.55
    },
    "car": {
        "ttoi": 3934.9,
        "ttoiL10": 601.09,
        "ttoiL5": 299.75,
        "ttoiL3": 179.75,
        "ttoiL1": 60.0,
        "oppTTOI": 3949.38,
        "oppTTOIL10": 611.7,
        "oppTTOIL5": 300.45,
        "oppTTOIL3": 181.55,
        "oppTTOIL1": 61.87
    },
    "phi": {
        "ttoi": 4036.31,
        "ttoiL10": 605.61,
        "ttoiL5": 301.38,
        "ttoiL3": 184.63,
        "ttoiL1": 59.63,
        "oppTTOI": 4049.75,
        "oppTTOIL10": 602.04,
        "oppTTOIL5": 293.54,
        "oppTTOIL3": 180.07,
        "oppTTOIL1": 60.0
    },
    "wpg": {
        "ttoi": 4021.15,
        "ttoiL10": 600.44,
        "ttoiL5": 299.97,
        "ttoiL3": 181.74,
        "ttoiL1": 61.74,
        "oppTTOI": 4010.17,
        "oppTTOIL10": 602.47,
        "oppTTOIL5": 303.44,
        "oppTTOIL3": 179.46,
        "oppTTOIL1": 63.43
    },
    "nj": {
        "ttoi": 3941.2,
        "ttoiL10": 595.6,
        "ttoiL5": 298.02,
        "ttoiL3": 178.02,
        "ttoiL1": 60.0,
        "oppTTOI": 3945.55,
        "oppTTOIL10": 590.45,
        "oppTTOIL5": 299.35,
        "oppTTOIL3": 179.67000000000002,
        "oppTTOIL1": 60.0
    },
    "vgk": {
        "ttoi": 3951.18,
        "ttoiL10": 600.21,
        "ttoiL5": 301.28,
        "ttoiL3": 184.68,
        "ttoiL1": 60.0,
        "oppTTOI": 3931.81,
        "oppTTOIL10": 595.92,
        "oppTTOIL5": 295.11,
        "oppTTOIL3": 175.88,
        "oppTTOIL1": 57.480000000000004
    },
    "col": {
        "ttoi": 3977.4,
        "ttoiL10": 602.23,
        "ttoiL5": 305.15,
        "ttoiL3": 185.57,
        "ttoiL1": 60.57,
        "oppTTOI": 3984.37,
        "oppTTOIL10": 594.28,
        "oppTTOIL5": 299.87,
        "oppTTOIL3": 179.07,
        "oppTTOIL1": 57.65
    },
    "cbj": {
        "ttoi": 3969.08,
        "ttoiL10": 593.5,
        "ttoiL5": 296.48,
        "ttoiL3": 177.32999999999998,
        "ttoiL1": 58.47,
        "oppTTOI": 3959.84,
        "oppTTOIL10": 603.26,
        "oppTTOIL5": 300.93,
        "oppTTOIL3": 181.53,