{
    "pit": {
        "ttoi": 1694.4,
        "ttoiL10": 605.31,
        "ttoiL5": 298.74,
        "ttoiL3": 179.52,
        "ttoiL1": 59.52,
        "oppTTOI": 1692.74,
        "oppTTOIL10": 616.25,
        "oppTTOIL5": 307.06,
        "oppTTOIL3": 187.57999999999998,
        "oppTTOIL1": 62.58
    },
    "tor": {
        "ttoi": 1553.07,
        "ttoiL10": 597.6800000000001,
        "ttoiL5": 298.01,
        "ttoiL3": 178.31,
        "ttoiL1": 58.88,
        "oppTTOI": 1547.09,
        "oppTTOIL10": 586.7,
        "oppTTOIL5": 294.8,
        "oppTTOIL3": 177.65,
        "oppTTOIL1": 59.52
    },
    "nyr": {
        "ttoi": 1545.72,
        "ttoiL10": 590.14,
        "ttoiL5": 296.14,
        "ttoiL3": 176.17000000000002,
        "ttoiL1": 58.22,
        "oppTTOI": 1545.69,
        "oppTTOIL10": 594.67,
        "oppTTOIL5": 293.4,
        "oppTTOIL3": 178.48,
        "oppTTOIL1": 58.48
    },
    "fla": {
        "ttoi": 1559.59,
        "ttoiL10": 595.35,
        "ttoiL5": 300.79,
        "ttoiL3": 180.79000000000002,
        "ttoiL1": 60.0,
        "oppTTOI": 1553.17,
        "oppTTOIL10": 601.79,
        "oppTTOIL5": 297.0,
        "oppTTOIL3": 179.27,
        "oppTTOIL1": 61.52
    },
    "cgy": {
        "ttoi": 1636.04,
        "ttoiL10": 607.5699999999999,
        "ttoiL5": 300.97,
        "ttoiL3": 182.42000000000002,
        "ttoiL1": 60.0,
        "oppTTOI": 1631.51,
        "oppTTOIL10": 606.9,
        "oppTTOIL5": 302.62,
        "oppTTOIL3": 182.62,
        "oppTTOIL1": 59.3
    },
    "bos": {
        "ttoi": 1627.46,
        "ttoiL10": 602.96,
        "ttoiL5": 302.06,
        "ttoiL3": 184.08,
        "ttoiL1": 62.2,
        "oppTTOI": 1625.27,
        "oppTTOIL10": 605.29,
        "oppTTOIL5": 306.65,
        "oppTTOIL3": 179.8,
        "oppTTOIL1": 59.92
    },
    "utah": {
        "ttoi": 1624.83,
        "ttoiL10": 598.66,
        "ttoiL5": 298.08,
        "ttoiL3": 177.03,
        "ttoiL1": 59.68,
        "oppTTOI": 1629.55,
        "oppTTOIL10": 597.44,
        "oppTTOIL5": 297.87,
        "oppTTOIL3": 179.45,
        "oppTTOIL1": 59.92
    },
    "wpg": {
        "ttoi": 1674.0,
        "ttoiL10": 596.16,
        "ttoiL5": 299.01,
        "ttoiL3": 181.52,
        "ttoiL1": 57.7,
        "oppTTOI": 1669.56,
        "oppTTOIL10": 593.61,
        "oppTTOIL5": 297.23,
        "oppTTOIL3": 176.6,
        "oppTTOIL1": 59.05
    },
    "tb": {
        "ttoi": 1434.76,
        "ttoiL10": 598.17,
        "ttoiL5": 296.85,
        "ttoiL3": 175.82999999999998,
        "ttoiL1": 59.83,
        "oppTTOI": 1441.97,
        "oppTTOIL10": 603.96,
        "oppTTOIL5": 299.42,
        "oppTTOIL3": 181.87,
        "oppTTOIL1": 63.97
    },
    "sj": {
        "ttoi": 1739.23,
        "ttoiL10": 598.16,
        "ttoiL5": 297.49,
        "ttoiL3": 177.49,
        "ttoiL1": 57.75,
        "oppTTOI": 1752.43,
        "oppTTOIL10": 605.57,
        "oppTTOIL5": 303.44,
        "oppTTOIL3": 183.61,
        "oppTTOIL1": 65.0
    },
    "cbj": {
        "ttoi": 1553.8,
        "ttoiL10": 602.74,
        "ttoiL5": 297.65,
        "ttoiL3": 178.72,
        "ttoiL1": 60.0,
        "oppTTOI": 1554.82,
        "oppTTOIL10": 605.97,
        "oppTTOIL5": 305.15,
        "oppTTOIL3": 177.8,
        "oppTTOIL1": 58.63
    },
    "det": {
        "ttoi": 1616.67,
        "ttoiL10": 603.21,
        "ttoiL5": 306.64,
        "ttoiL3": 180.94,
        "ttoiL1": 65.0,
        "oppTTOI": 1616.94,
        "oppTTOIL10": 603.2,
        "oppTTOIL5": 301.24,
        "oppTTOIL3": 180.97,
        "oppTTOIL1": 61.5
    },
    "dal": {
        "ttoi": 1485.92,
        "ttoiL10": 591.15,
        "ttoiL5": 295.33,
        "ttoiL3": 175.32999999999998,
        "ttoiL1": 59.78,
        "oppTTOI": 1478.47,
        "oppTTOIL10": 596.44,
        "oppTTOIL5": 296.41,
        "oppTTOIL3": 177.83,
        "oppTTOIL1": 60.0
    },
    "wsh": {
        "ttoi": 1558.45,
        "ttoiL10": 597.64,
        "ttoiL5": 301.82,
        "ttoiL3": 180.65,
        "ttoiL1": 60.0,
        "oppTTOI": 1544.83,
        "oppTTOIL10": 591.8,
        "oppTTOIL5": 299.55,
        "oppTTOIL3": 179.55,
        "oppTTOIL1": 59.58
    },
    "car": {
        "ttoi": 1547.24,
        "ttoiL10": 591.02,
        "ttoiL5": 290.4,
        "ttoiL3": 172.67000000000002,
        "ttoiL1": 56.1,
        "oppTTOI": 1560.75,
        "oppTTOIL10": 599.46,
        "oppTTOIL5": 299.5,
        "oppTTOIL3": 179.5,
        "oppTTOIL1": 59.93
    },
    "nyi": {
        "ttoi": 1688.1,
        "ttoiL10": 601.67,
        "ttoiL5": 299.05,
        "ttoiL3": 176.4,
        "ttoiL1": 60.0,
        "oppTTOI": 1685.91,
        "oppTTOIL10": 602.78,
        "oppTTOIL5": 306.0,
        "oppTTOIL3": 181.0,
        "oppTTOIL1": 64.9
    },
    "mtl": {
        "ttoi": 1618.42,
        "ttoiL10": 608.28,
        "ttoiL5": 304.38,
        "ttoiL3": 182.48,
        "ttoiL1": 65.0,
        "oppTTOI": 1619.52,
        "oppTTOIL10": 605.89,
        "oppTTOIL5": 309.21999999999997,
        "oppTTOIL3": 185.0,
        "oppTTOIL1": 60.0
    },
    "ana": {
        "ttoi": 1506.08,
        "ttoiL10": 605.94,
        "ttoiL5": 304.81,
        "ttoiL3": 181.65,
        "ttoiL1": 65.0,
        "oppTTOI": 1507.44,
        "oppTTOIL10": 600.18,
        "oppTTOIL5": 296.5,
        "oppTTOIL3": 180.69,
        "oppTTOIL1": 62.58
    },
    "min": {
        "ttoi": 1569.17,
        "ttoiL10": 603.12,
        "ttoiL5": 303.52,
        "ttoiL3": 182.51999999999998,
        "ttoiL1": 57.92,
        "oppTTOI": 1560.92,
        "oppTTOIL10": 600.83,
        "oppTTOIL5": 297.04,
        "oppTTOIL3": 179.17000000000002,
        "oppTTOIL1": 58.82
    },
    "van": {
        "ttoi": 1508.73,
        "ttoiL10": 604.73,
        "ttoiL5": 309.2,
        "ttoiL3": 182.1,
        "ttoiL1": 58.2,
        "oppTTOI": 1505.04,
        "oppTTOIL10": 598.98,
        "oppTTOIL5": 295.85,
        "oppTTOIL3": 176.98,
        "oppTTOIL1": 58.33
    },
    "edm": {
        "ttoi": 1612.7,
        "ttoiL10": 593.52,
        "ttoiL5": 298.45,
        "ttoiL3": 177.15,
        "ttoiL1": 60.0,
        "oppTTOI": 1560.72,
        "oppTTOIL10": 544.63,
        "oppTTOIL5": 303.1,
        "oppTTOIL3": 184.75,
        "oppTTOIL1": 59.93
    },
    "buf": {
        "ttoi": 1500.4,
        "ttoiL10": 607.26,
        "ttoiL5": 304.77,
        "ttoiL3": 188.76,
        "ttoiL1": 64.78,
        "oppTTOI": 1507.14,
        "oppTTOIL10": 613.29,
        "oppTTOIL5": 306.97,
        "oppTTOIL3": 182.8,
        "oppTTOIL1": 60.55
    },
    "chi": {
        "ttoi": 1606.96,
        "ttoiL10": 593.3100000000001,
        "ttoiL5": 296.65,
        "ttoiL3": 178.2,
        "ttoiL1": 60.0,
        "oppTTOI": 1612.1,
        "oppTTOIL10": 593.86,
        "oppTTOIL5": 294.24,
        "oppTTOIL3": 178.53,
        "oppTTOIL1": 60.0
    },
    "phi": {
        "ttoi": 1577.3,
        "ttoiL10": 603.9,
        "ttoiL5": 300.01,
        "ttoiL3": 179.54000000000002,
        "ttoiL1": 57.27,
        "oppTTOI": 1576.91,
        "oppTTOIL10": 609.71,
        "oppTTOIL5": 305.08,
        "oppTTOIL3": 186.03,
        "oppTTOIL1": 61.03
    },
    "sea": {
        "ttoi": 1653.41,
        "ttoiL10": 586.62,
        "ttoiL5": 294.57,
        "ttoiL3": 177.9,
        "ttoiL1": 60.0,
        "oppTTOI": 1658.75,
        "oppTTOIL10": 588.24,
        "oppTTOIL5": 293.36,
        "oppTTOIL3": 176.11,
        "oppTTOIL1": 58.68
    },
    "la": {
        "ttoi": 1557.16,
        "ttoiL10": 594.57,
        "ttoiL5": 300.0,
        "ttoiL3": 180.0,
        "ttoiL1": 60.0,
        "oppTTOI": 1543.12,
        "oppTTOIL10": 594.86,
        "oppTTOIL5": 300.46,
        "oppTTOIL3": 181.32999999999998,
        "oppTTOIL1": 63.47
    },
    "col": {
        "ttoi": 1656.26,
        "ttoiL10": 593.58,
        "ttoiL5": 296.38,
        "ttoiL3": 178.0,
        "ttoiL1": 60.0,
        "oppTTOI": 1658.27,
        "oppTTOIL10": 596.02,
        "oppTTOIL5": 296.72,
        "oppTTOIL3": 179.02,
        "oppTTOIL1": 60.0
    },