{
    "ana": {
        "ttoi": 4705.110000000001,
        "ttoiL10": 593.48,
        "ttoiL5": 298.47,
        "ttoiL3": 178.55,
        "ttoiL1": 59.78,
        "oppTTOI": 4706.579999999999,
        "oppTTOIL10": 602.97,
        "oppTTOIL5": 307.77,
        "oppTTOIL3": 183.05,
        "oppTTOIL1": 63.57
    },
    "edm": {
        "ttoi": 4751.119999999999,
        "ttoiL10": 608.41,
        "ttoiL5": 299.9,
        "ttoiL3": 180.0,
        "ttoiL1": 60.0,
        "oppTTOI": 4736.009999999999,
        "oppTTOIL10": 594.56,
        "oppTTOIL5": 297.03,
        "oppTTOIL3": 179.78,
        "oppTTOIL1": 59.78
    },
    "cgy": {
        "ttoi": 4764.73,
        "ttoiL10": 602.48,
        "ttoiL5": 300.03,
        "ttoiL3": 176.57999999999998,
        "ttoiL1": 59.8,
        "oppTTOI": 4769.32,
        "oppTTOIL10": 605.99,
        "oppTTOIL5": 304.34000000000003,
        "oppTTOIL3": 178.77,
        "oppTTOIL1": 58.77
    },
    "sea": {
        "ttoi": 4701.040000000001,
        "ttoiL10": 604.01,
        "ttoiL5": 298.0,
        "ttoiL3": 178.83,
        "ttoiL1": 60.0,
        "oppTTOI": 4646.13,
        "oppTTOIL10": 593.27,
        "oppTTOIL5": 298.67,
        "oppTTOIL3": 177.75,
        "oppTTOIL1": 59.92
    },
    "col": {
        "ttoi": 4624.31,
        "ttoiL10": 600.7,
        "ttoiL5": 300.77,
        "ttoiL3": 183.22,
        "ttoiL1": 60.0,
        "oppTTOI": 4650.450000000001,
        "oppTTOIL10": 604.7700000000001,
        "oppTTOIL5": 305.6,
        "oppTTOIL3": 185.0,
        "oppTTOIL1": 60.0
    },
    "stl": {
        "ttoi": 4745.780000000001,
        "ttoiL10": 607.98,
        "ttoiL5": 304.7,
        "ttoiL3": 185.25,
        "ttoiL1": 61.27,
        "oppTTOI": 4742.689999999999,
        "oppTTOIL10": 601.67,
        "oppTTOIL5": 298.15,
        "oppTTOIL3": 177.75,
        "oppTTOIL1": 59.55
    },
    "wpg": {
        "ttoi": 4660.100000000001,
        "ttoiL10": 595.58,
        "ttoiL5": 298.68,
        "ttoiL3": 178.76,
        "ttoiL1": 58.83,
        "oppTTOI": 4652.469999999999,
        "oppTTOIL10": 592.16,
        "oppTTOIL5": 294.06,
        "oppTTOIL3": 175.67,
        "oppTTOIL1": 57.52
    },
    "van": {
        "ttoi": 4685.03,
        "ttoiL10": 594.75,
        "ttoiL5": 298.28999999999996,
        "ttoiL3": 176.12,
        "ttoiL1": 60.0,
        "oppTTOI": 4707.639999999999,
        "oppTTOIL10": 603.81,
        "oppTTOIL5": 300.88,
        "oppTTOIL3": 177.5,
        "oppTTOIL1": 58.12
    },
    "cbj": {
        "ttoi": 4672.430000000001,
        "ttoiL10": 601.48,
        "ttoiL5": 299.64,
        "ttoiL3": 179.22,
        "ttoiL1": 60.0,
        "oppTTOI": 4684.740000000001,
        "oppTTOIL10": 600.9,
        "oppTTOIL5": 302.46999999999997,
        "oppTTOIL3": 181.82,
        "oppTTOIL1": 59.82
    },
    "nyi": {
        "ttoi": 4744.910000000001,
        "ttoiL10": 602.45,
        "ttoiL5": 303.78,
        "ttoiL3": 178.78,
        "ttoiL1": 59.6,
        "oppTTOI": 4740.700000000001,
        "oppTTOIL10": 600.5699999999999,
        "oppTTOIL5": 300.0,
        "oppTTOIL3": 180.0,
        "oppTTOIL1": 60.0
    },
    "nsh": {
        "ttoi": 4693.0,
        "ttoiL10": 606.27,
        "ttoiL5": 302.74,
        "ttoiL3": 183.37,
        "ttoiL1": 60.0,
        "oppTTOI": 4687.650000000001,
        "oppTTOIL10": 605.3199999999999,
        "oppTTOIL5": 303.12,
        "oppTTOIL3": 183.14999999999998,
        "oppTTOIL1": 59.32
    },
    "mtl": {
        "ttoi": 4686.329999999999,
        "ttoiL10": 600.22,
        "ttoiL5": 303.02,
        "ttoiL3": 179.04000000000002,
        "ttoiL1": 59.27,
        "oppTTOI": 4701.889999999999,
        "oppTTOIL10": 603.9399999999999,
        "oppTTOIL5": 299.89,
        "oppTTOIL3": 180.42000000000002,
        "oppTTOIL1": 60.0
    },
    "wsh": {
        "ttoi": 4673.310000000001,
        "ttoiL10": 602.98,
        "ttoiL5": 301.25,
        "ttoiL3": 177.38,
        "ttoiL1": 58.03,
        "oppTTOI": 4701.9,
        "oppTTOIL10": 606.65,
        "oppTTOIL5": 298.65,
        "oppTTOIL3": 180.57,
        "oppTTOIL1": 61.15
    },
    "chi": {
        "ttoi": 4598.5999999999985,
        "ttoiL10": 592.67,
        "ttoiL5": 296.5,
        "ttoiL3": 178.98,
        "ttoiL1": 59.25,
        "oppTTOI": 4689.189999999999,
        "oppTTOIL10": 604.98,
        "oppTTOIL5": 300.26,
        "oppTTOIL3": 180.38,
        "oppTTOIL1": 59.83
    },
    "car": {
        "ttoi": 4714.71,
        "ttoiL10": 604.24,
        "ttoiL5": 303.77,
        "ttoiL3": 183.76999999999998,
        "ttoiL1": 59.45,
        "oppTTOI": 4705.4400000000005,
        "oppTTOIL10": 606.54,
        "oppTTOIL5": 306.05,
        "oppTTOIL3": 181.05,
        "oppTTOIL1": 60.0
    },
    "tb": {
        "ttoi": 4745.310000000001,
        "ttoiL10": 596.37,
        "ttoiL5": 299.68,
        "ttoiL3": 180.0,
        "ttoiL1": 60.0,
        "oppTTOI": 4745.819999999999,
        "oppTTOIL10": 600.5999999999999,
        "oppTTOIL5": 301.02,
        "oppTTOIL3": 182.62,
        "oppTTOIL1": 59.72
    },
    "fla": {
        "ttoi": 4712.84,
        "ttoiL10": 592.96,
        "ttoiL5": 300.38,
        "ttoiL3": 180.0,
        "ttoiL1": 60.0,
        "oppTTOI": 4724.959999999999,
        "oppTTOIL10": 596.73,
        "oppTTOIL5": 299.03,
        "oppTTOIL3": 178.75,
        "oppTTOIL1": 61.7
    },
    "la": {
        "ttoi": 4775.0999999999985,
        "ttoiL10": 599.0,
        "ttoiL5": 296.84000000000003,
        "ttoiL3": 179.56,
        "ttoiL1": 60.0,
        "oppTTOI": 4752.41,
        "oppTTOIL10": 615.5100000000001,
        "oppTTOIL5": 307.18,
        "oppTTOIL3": 182.66,
        "oppTTOIL1": 58.63
    },
    "buf": {
        "ttoi": 4636.860000000001,
        "ttoiL10": 608.9300000000001,
        "ttoiL5": 310.65999999999997,
        "ttoiL3": 184.13,
        "ttoiL1": 65.0,
        "oppTTOI": 4626.419999999999,
        "oppTTOIL10": 602.21,
        "oppTTOIL5": 298.46,
        "oppTTOIL3": 178.98,
        "oppTTOIL1": 60.0
    },
    "vgk": {
        "ttoi": 4770.360000000001,
        "ttoiL10": 608.97,
        "ttoiL5": 306.81,
        "ttoiL3": 185.98,
        "ttoiL1": 60.0,
        "oppTTOI": 4750.380000000001,
        "oppTTOIL10": 606.68,
        "oppTTOIL5": 304.2,
        "oppTTOIL3": 184.2,
        "oppTTOIL1": 59.28
    },
    "pit": {
        "ttoi": 4747.379999999999,
        "ttoiL10": 591.65,
        "ttoiL5": 297.97999999999996,
        "ttoiL3": 180.0,
        "ttoiL1": 60.0,
        "oppTTOI": 4745.699999999998,
        "oppTTOIL10": 600.0999999999999,
        "oppTTOIL5": 297.52,
        "oppTTOIL3": 177.92,
        "oppTTOIL1": 60.0
    },
    "dal": {
        "ttoi": 4703.84,
        "ttoiL10": 595.4000000000001,
        "ttoiL5": 295.1,
        "ttoiL3": 176.42,
        "ttoiL1": 60.0,
        "oppTTOI": 4641.53,
        "oppTTOIL10": 603.79,
        "oppTTOIL5": 300.46,
        "oppTTOIL3": 184.55,
        "oppTTOIL1": 64.9
    },
    "ari": {
        "ttoi": 4765.339999999998,
        "ttoiL10": 599.99,
        "ttoiL5": 295.1,
        "ttoiL3": 179.37,
        "ttoiL1": 60.0,
        "oppTTOI": 4770.750000000002,
        "oppTTOIL10": 599.15,
        "oppTTOIL5": 302.38,
        "oppTTOIL3": 182.81,
        "oppTTOIL1": 63.57
    },
    "phi": {
        "ttoi": 4587.840000000001,
        "ttoiL10": 603.53,
        "ttoiL5": 298.1,
        "ttoiL3": 176.5,
        "ttoiL1": 60.0,
        "oppTTOI": 4617.570000000001,
        "oppTTOIL10": 602.29,
        "oppTTOIL5": 304.4,
        "oppTTOIL3": 179.82,
        "oppTTOIL1": 59.82
    },
    "nj": {
        "ttoi": 4759.939999999999,
        "ttoiL10": 600.1700000000001,
        "ttoiL5": 299.44000000000005,
        "ttoiL3": 179.92000000000002,
        "ttoiL1": 60.0,
        "oppTTOI": 4753.269999999999,
        "oppTTOIL10": 592.41,
        "oppTTOIL5": 296.66,
        "oppTTOIL3": 178.66,
        "oppTTOIL1": 60.0
    },
    "bos": {
        "ttoi": 4714.7,
        "ttoiL10": 609.8800000000001,