{
    "ana": {
        "ttoi": 4833.34,
        "ttoiL10": 603.77,
        "ttoiL5": 306.78,
        "ttoiL3": 188.01,
        "ttoiL1": 64.25,
        "oppTTOI": 4834.0,
        "oppTTOIL10": 609.07,
        "oppTTOIL5": 310.94,
        "oppTTOIL3": 186.22,
        "oppTTOIL1": 63.17
    },
    "col": {
        "ttoi": 4748.56,
        "ttoiL10": 604.95,
        "ttoiL5": 307.47,
        "ttoiL3": 184.25,
        "ttoiL1": 64.25,
        "oppTTOI": 4772.17,
        "oppTTOIL10": 609.45,
        "oppTTOIL5": 308.22,
        "oppTTOIL3": 184.25,
        "oppTTOIL1": 64.25
    },
    "ari": {
        "ttoi": 4828.509999999998,
        "ttoiL10": 603.28,
        "ttoiL5": 301.02000000000004,
        "ttoiL3": 183.17000000000002,
        "ttoiL1": 63.17,
        "oppTTOI": 4834.730000000001,
        "oppTTOIL10": 605.0899999999999,
        "oppTTOIL5": 306.71,
        "oppTTOIL3": 187.47,
        "oppTTOIL1": 63.98
    },
    "edm": {
        "ttoi": 4811.12,
        "ttoiL10": 608.41,
        "ttoiL5": 299.9,
        "ttoiL3": 180.0,
        "ttoiL1": 60.0,
        "oppTTOI": 4796.009999999999,
        "oppTTOIL10": 594.56,
        "oppTTOIL5": 297.03,
        "oppTTOIL3": 179.78,
        "oppTTOIL1": 59.78
    },
    "cgy": {
        "ttoi": 4829.7300000000005,
        "ttoiL10": 602.7,
        "ttoiL5": 305.03000000000003,
        "ttoiL3": 182.05,
        "ttoiL1": 65.0,
        "oppTTOI": 4834.32,
        "oppTTOIL10": 605.99,
        "oppTTOIL5": 304.34000000000003,
        "oppTTOIL3": 178.77,
        "oppTTOIL1": 58.77
    },
    "sea": {
        "ttoi": 4760.740000000001,
        "ttoiL10": 604.4399999999999,
        "ttoiL5": 297.7,
        "ttoiL3": 178.88,
        "ttoiL1": 59.7,
        "oppTTOI": 4706.13,
        "oppTTOIL10": 593.27,
        "oppTTOIL5": 298.67,
        "oppTTOIL3": 177.75,
        "oppTTOIL1": 59.92
    },
    "stl": {
        "ttoi": 4805.210000000001,
        "ttoiL10": 602.4100000000001,
        "ttoiL5": 304.13,
        "ttoiL3": 180.7,
        "ttoiL1": 59.43,
        "oppTTOI": 4802.3899999999985,
        "oppTTOIL10": 601.67,
        "oppTTOIL5": 298.15,
        "oppTTOIL3": 177.75,
        "oppTTOIL1": 59.55
    },
    "wpg": {
        "ttoi": 4720.100000000001,
        "ttoiL10": 598.38,
        "ttoiL5": 298.76,
        "ttoiL3": 178.82999999999998,
        "ttoiL1": 60.0,
        "oppTTOI": 4710.339999999999,
        "oppTTOIL10": 592.16,
        "oppTTOIL5": 294.06,
        "oppTTOIL3": 175.67,
        "oppTTOIL1": 57.52
    },
    "van": {
        "ttoi": 4750.030000000001,
        "ttoiL10": 600.28,
        "ttoiL5": 304.57,
        "ttoiL3": 183.07,
        "ttoiL1": 65.0,
        "oppTTOI": 4772.639999999999,
        "oppTTOIL10": 603.81,
        "oppTTOIL5": 300.88,
        "oppTTOIL3": 177.5,
        "oppTTOIL1": 58.12
    },
    "cbj": {
        "ttoi": 4732.260000000001,
        "ttoiL10": 601.3100000000001,
        "ttoiL5": 299.05,
        "ttoiL3": 178.78,
        "ttoiL1": 59.83,
        "oppTTOI": 4744.190000000001,
        "oppTTOIL10": 600.9,
        "oppTTOIL5": 302.46999999999997,
        "oppTTOIL3": 181.82,
        "oppTTOIL1": 59.82
    },
    "nyi": {
        "ttoi": 4804.910000000001,
        "ttoiL10": 602.5,
        "ttoiL5": 303.78,
        "ttoiL3": 178.78,
        "ttoiL1": 60.0,
        "oppTTOI": 4800.700000000001,
        "oppTTOIL10": 600.5699999999999,
        "oppTTOIL5": 300.0,
        "oppTTOIL3": 180.0,
        "oppTTOIL1": 60.0
    },
    "nsh": {
        "ttoi": 4750.87,
        "ttoiL10": 604.1700000000001,
        "ttoiL5": 301.24,
        "ttoiL3": 181.24,
        "ttoiL1": 57.87,
        "oppTTOI": 4747.650000000001,
        "oppTTOIL10": 605.3199999999999,
        "oppTTOIL5": 303.12,
        "oppTTOIL3": 183.14999999999998,
        "oppTTOIL1": 59.32
    },
    "mtl": {
        "ttoi": 4746.229999999999,
        "ttoiL10": 600.12,
        "ttoiL5": 297.92,
        "ttoiL3": 178.94,
        "ttoiL1": 59.9,
        "oppTTOI": 4760.72,
        "oppTTOIL10": 603.9399999999999,
        "oppTTOIL5": 299.89,
        "oppTTOIL3": 180.42000000000002,
        "oppTTOIL1": 60.0
    },
    "wsh": {
        "ttoi": 4732.490000000002,
        "ttoiL10": 597.63,
        "ttoiL5": 301.56,
        "ttoiL3": 177.21,
        "ttoiL1": 59.18,
        "oppTTOI": 4761.78,
        "oppTTOIL10": 606.65,
        "oppTTOIL5": 298.65,
        "oppTTOIL3": 180.57,
        "oppTTOIL1": 61.15
    },
    "chi": {
        "ttoi": 4658.5999999999985,
        "ttoiL10": 594.65,
        "ttoiL5": 296.5,
        "ttoiL3": 179.25,
        "ttoiL1": 60.0,
        "oppTTOI": 4748.8899999999985,
        "oppTTOIL10": 604.98,
        "oppTTOIL5": 300.26,
        "oppTTOIL3": 180.38,
        "oppTTOIL1": 59.83
    },
    "car": {
        "ttoi": 4772.33,
        "ttoiL10": 601.86,
        "ttoiL5": 301.39,
        "ttoiL3": 181.39,
        "ttoiL1": 57.62,
        "oppTTOI": 4765.4400000000005,
        "oppTTOIL10": 606.54,
        "oppTTOIL5": 306.05,
        "oppTTOIL3": 181.05,
        "oppTTOIL1": 60.0
    },
    "tb": {
        "ttoi": 4804.140000000001,
        "ttoiL10": 595.2,
        "ttoiL5": 298.83,
        "ttoiL3": 178.82999999999998,
        "ttoiL1": 58.83,
        "oppTTOI": 4805.819999999998,
        "oppTTOIL10": 600.5999999999999,
        "oppTTOIL5": 301.02,
        "oppTTOIL3": 182.62,
        "oppTTOIL1": 59.72
    },
    "fla": {
        "ttoi": 4772.720000000001,
        "ttoiL10": 592.84,
        "ttoiL5": 299.88,
        "ttoiL3": 179.88,
        "ttoiL1": 59.88,
        "oppTTOI": 4784.139999999999,
        "oppTTOIL10": 596.73,
        "oppTTOIL5": 299.03,
        "oppTTOIL3": 178.75,
        "oppTTOIL1": 61.7
    },
    "la": {
        "ttoi": 4832.569999999999,
        "ttoiL10": 591.4699999999999,
        "ttoiL5": 297.03,
        "ttoiL3": 177.05,
        "ttoiL1": 57.47,
        "oppTTOI": 4812.41,
        "oppTTOIL10": 615.5100000000001,
        "oppTTOIL5": 307.18,
        "oppTTOIL3": 182.66,
        "oppTTOIL1": 58.63
    },
    "buf": {
        "ttoi": 4696.860000000001,
        "ttoiL10": 608.9300000000001,
        "ttoiL5": 305.96,
        "ttoiL3": 184.13,
        "ttoiL1": 60.0,
        "oppTTOI": 4684.039999999999,
        "oppTTOIL10": 599.8299999999999,
        "oppTTOIL5": 298.46,
        "oppTTOIL3": 178.98,
        "oppTTOIL1": 60.0
    },
    "vgk": {
        "ttoi": 4835.040000000001,
        "ttoiL10": 613.65,
        "ttoiL5": 310.65999999999997,
        "ttoiL3": 188.18,
        "ttoiL1": 64.68,
        "oppTTOI": 4815.300000000001,
        "oppTTOIL10": 606.68,
        "oppTTOIL5": 304.2,
        "oppTTOIL3": 184.2,
        "oppTTOIL1": 59.28
    },
    "pit": {
        "ttoi": 4806.86,
        "ttoiL10": 592.85,
        "ttoiL5": 298.06,
        "ttoiL3": 179.48,
        "ttoiL1": 59.48,
        "oppTTOI": 4805.399999999999,
        "oppTTOIL10": 600.0999999999999,
        "oppTTOIL5": 297.52,
        "oppTTOIL3": 177.92,
        "oppTTOIL1": 60.0
    },
    "dal": {
        "ttoi": 4768.76,
        "ttoiL10": 601.6999999999999,
        "ttoiL5": 301.02,
        "ttoiL3": 183.99,
        "ttoiL1": 64.92,
        "oppTTOI": 4706.21,
        "oppTTOIL10": 603.79,
        "oppTTOIL5": 300.46,
        "oppTTOIL3": 184.55,
        "oppTTOIL1": 64.9
    },
    "phi": {
        "ttoi": 4705.040000000001,
        "ttoiL10": 600.3,
        "ttoiL5": 293.7,
        "ttoiL3": 177.2,
        "ttoiL1": 57.2,
        "oppTTOI": 4737.570000000001,
        "oppTTOIL10": 604.0699999999999,
        "oppTTOIL5": 304.4,
        "oppTTOIL3": 179.82,
        "oppTTOIL1": 59.82
    },
    "nj": {
        "ttoi": 4818.009999999998,
        "ttoiL10": 598.3100000000001,
        "ttoiL5": 297.51,
        "ttoiL3": 177.99,
        "ttoiL1": 58.07,
        "oppTTOI": 4813.269999999999,
        "oppTTOIL10": 593.49,
        "oppTTOIL5": 296.84000000000003,
        "oppTTOIL3": 178.66,
        "oppTTOIL1": 60.0
    },
    "bos": {
        "ttoi": 4834.700000000001,