{
    "ana": {
        "ttoi": 4091.76,
        "ttoiL10": 594.7,
        "ttoiL5": 299.98,
        "ttoiL3": 181.4,
        "ttoiL1": 59.57,
        "oppTTOI": 4086.86,
        "oppTTOIL10": 606.9,
        "oppTTOIL5": 309.1,
        "oppTTOIL3": 186.85,
        "oppTTOIL1": 62.85
    },
    "nsh": {
        "ttoi": 3928.29,
        "ttoiL10": 600.0,
        "ttoiL5": 298.58,
        "ttoiL3": 180.23,
        "ttoiL1": 56.9,
        "oppTTOI": 4007.54,
        "oppTTOIL10": 594.78,
        "oppTTOIL5": 298.12,
        "oppTTOIL3": 179.57,
        "oppTTOIL1": 59.57
    },
    "dal": {
        "ttoi": 3952.99,
        "ttoiL10": 609.78,
        "ttoiL5": 307.72,
        "ttoiL3": 187.72,
        "ttoiL1": 65.0,
        "oppTTOI": 3934.09,
        "oppTTOIL10": 597.63,
        "oppTTOIL5": 299.73,
        "oppTTOIL3": 181.63,
        "oppTTOIL1": 61.83
    },
    "stl": {
        "ttoi": 4133.97,
        "ttoiL10": 600.52,
        "ttoiL5": 301.17,
        "ttoiL3": 183.5,
        "ttoiL1": 63.7,
        "oppTTOI": 4150.76,
        "oppTTOIL10": 599.81,
        "oppTTOIL5": 301.48,
        "oppTTOIL3": 178.6,
        "oppTTOIL1": 60.0
    },
    "utah": {
        "ttoi": 4099.46,
        "ttoiL10": 604.24,
        "ttoiL5": 298.55,
        "ttoiL3": 179.82999999999998,
        "ttoiL1": 59.83,
        "oppTTOI": 4106.05,
        "oppTTOIL10": 607.47,
        "oppTTOIL5": 307.03,
        "oppTTOIL3": 184.41,
        "oppTTOIL1": 58.58
    },
    "wsh": {
        "ttoi": 4035.68,
        "ttoiL10": 607.67,
        "ttoiL5": 299.77,
        "ttoiL3": 179.77,
        "ttoiL1": 60.0,
        "oppTTOI": 4005.04,
        "oppTTOIL10": 598.24,
        "oppTTOIL5": 301.79,
        "oppTTOIL3": 176.79,
        "oppTTOIL1": 58.62
    },
    "nyi": {
        "ttoi": 4007.85,
        "ttoiL10": 597.74,
        "ttoiL5": 303.82,
        "ttoiL3": 183.49,
        "ttoiL1": 63.62,
        "oppTTOI": 4006.92,
        "oppTTOIL10": 592.25,
        "oppTTOIL5": 301.07,
        "oppTTOIL3": 177.9,
        "oppTTOIL1": 59.7
    },
    "van": {
        "ttoi": 4101.5,
        "ttoiL10": 600.99,
        "ttoiL5": 306.1,
        "ttoiL3": 181.1,
        "ttoiL1": 62.28,
        "oppTTOI": 4093.5099999999998,
        "oppTTOIL10": 599.59,
        "oppTTOIL5": 296.5,
        "oppTTOIL3": 177.88,
        "oppTTOIL1": 57.879999999999995
    },
    "edm": {
        "ttoi": 4123.78,
        "ttoiL10": 604.48,
        "ttoiL5": 303.07,
        "ttoiL3": 181.22,
        "ttoiL1": 61.22,
        "oppTTOI": 4068.12,
        "oppTTOIL10": 598.62,
        "oppTTOIL5": 297.32,
        "oppTTOIL3": 177.02,
        "oppTTOIL1": 59.92
    },
    "chi": {
        "ttoi": 4062.2,
        "ttoiL10": 602.79,
        "ttoiL5": 296.3,
        "ttoiL3": 178.6,
        "ttoiL1": 58.6,
        "oppTTOI": 4070.58,
        "oppTTOIL10": 599.28,
        "oppTTOIL5": 298.3,
        "oppTTOIL3": 178.53,
        "oppTTOIL1": 60.0
    },
    "buf": {
        "ttoi": 3817.38,
        "ttoiL10": 598.8199999999999,
        "ttoiL5": 306.69,
        "ttoiL3": 186.69,
        "ttoiL1": 58.32,
        "oppTTOI": 3839.49,
        "oppTTOIL10": 601.29,
        "oppTTOIL5": 306.42,
        "oppTTOIL3": 186.64,
        "oppTTOIL1": 57.82
    },
    "det": {
        "ttoi": 4022.72,
        "ttoiL10": 587.94,
        "ttoiL5": 296.08,
        "ttoiL3": 178.95,
        "ttoiL1": 60.0,
        "oppTTOI": 4016.45,
        "oppTTOIL10": 604.77,
        "oppTTOIL5": 302.66,
        "oppTTOIL3": 182.66,
        "oppTTOIL1": 61.08
    },
    "bos": {
        "ttoi": 4090.58,
        "ttoiL10": 596.61,
        "ttoiL5": 299.78999999999996,
        "ttoiL3": 182.79999999999998,
        "ttoiL1": 60.0,
        "oppTTOI": 4086.79,
        "oppTTOIL10": 611.64,
        "oppTTOIL5": 307.46999999999997,
        "oppTTOIL3": 188.47,
        "oppTTOIL1": 63.65
    },
    "la": {
        "ttoi": 3965.92,
        "ttoiL10": 601.56,
        "ttoiL5": 300.04,
        "ttoiL3": 180.64,
        "ttoiL1": 60.0,
        "oppTTOI": 3949.04,
        "oppTTOIL10": 602.32,
        "oppTTOIL5": 305.29,
        "oppTTOIL3": 182.79000000000002,
        "oppTTOIL1": 64.93
    },
    "mtl": {
        "ttoi": 3968.08,
        "ttoiL10": 610.02,
        "ttoiL5": 303.34,
        "ttoiL3": 183.26999999999998,
        "ttoiL1": 63.62,
        "oppTTOI": 3966.26,
        "oppTTOIL10": 602.3,
        "oppTTOIL5": 305.4,
        "oppTTOIL3": 185.0,
        "oppTTOIL1": 60.0
    },
    "cgy": {
        "ttoi": 4036.46,
        "ttoiL10": 610.48,
        "ttoiL5": 302.98,
        "ttoiL3": 180.0,
        "ttoiL1": 60.0,
        "oppTTOI": 4024.08,
        "oppTTOIL10": 616.08,
        "oppTTOIL5": 308.88,
        "oppTTOIL3": 185.2,
        "oppTTOIL1": 58.75
    },
    "sea": {
        "ttoi": 4092.19,
        "ttoiL10": 593.67,
        "ttoiL5": 300.0,
        "ttoiL3": 180.2,
        "ttoiL1": 58.42,
        "oppTTOI": 4122.19,
        "oppTTOIL10": 588.35,
        "oppTTOIL5": 292.8,
        "oppTTOIL3": 175.32999999999998,
        "oppTTOIL1": 60.0
    },
    "pit": {
        "ttoi": 4217.98,
        "ttoiL10": 597.54,
        "ttoiL5": 300.07,
        "ttoiL3": 179.25,
        "ttoiL1": 60.0,
        "oppTTOI": 4213.4,
        "oppTTOIL10": 597.47,
        "oppTTOIL5": 296.53999999999996,
        "oppTTOIL3": 182.07999999999998,
        "oppTTOIL1": 59.5
    },
    "fla": {
        "ttoi": 4012.06,
        "ttoiL10": 591.8199999999999,
        "ttoiL5": 292.21999999999997,
        "ttoiL3": 175.22,
        "ttoiL1": 60.48,
        "oppTTOI": 4012.8,
        "oppTTOIL10": 595.46,
        "oppTTOIL5": 301.36,
        "oppTTOIL3": 178.07,
        "oppTTOIL1": 59.85
    },
    "tb": {
        "ttoi": 3948.64,
        "ttoiL10": 607.76,
        "ttoiL5": 309.98,
        "ttoiL3": 184.98,
        "ttoiL1": 65.0,
        "oppTTOI": 3951.07,
        "oppTTOIL10": 596.34,
        "oppTTOIL5": 302.53,
        "oppTTOIL3": 182.53,
        "oppTTOIL1": 64.55
    },
    "car": {
        "ttoi": 3994.9,
        "ttoiL10": 601.29,
        "ttoiL5": 299.75,
        "ttoiL3": 180.0,
        "ttoiL1": 60.0,
        "oppTTOI": 4006.08,
        "oppTTOIL10": 611.7,
        "oppTTOIL5": 300.45,
        "oppTTOIL3": 181.55,
        "oppTTOIL1": 61.87
    },
    "phi": {
        "ttoi": 4092.91,
        "ttoiL10": 601.16,
        "ttoiL5": 298.18,
        "ttoiL3": 176.23000000000002,
        "ttoiL1": 56.6,
        "oppTTOI": 4109.75,
        "oppTTOIL10": 602.04,
        "oppTTOIL5": 293.54,
        "oppTTOIL3": 180.07,
        "oppTTOIL1": 60.0
    },
    "wpg": {
        "ttoi": 4140.07,
        "ttoiL10": 602.15,
        "ttoiL5": 300.65999999999997,
        "ttoiL3": 180.66,
        "ttoiL1": 61.05,
        "oppTTOI": 4130.79,
        "oppTTOIL10": 602.47,
        "oppTTOIL5": 303.44,
        "oppTTOIL3": 179.46,
        "oppTTOIL1": 63.43
    },
    "nj": {
        "ttoi": 3999.0,
        "ttoiL10": 595.1,
        "ttoiL5": 295.82,
        "ttoiL3": 175.82,
        "ttoiL1": 57.8,
        "oppTTOI": 4005.55,
        "oppTTOIL10": 590.45,
        "oppTTOIL5": 299.35,
        "oppTTOIL3": 179.67000000000002,
        "oppTTOIL1": 60.0
    },
    "vgk": {
        "ttoi": 4011.18,
        "ttoiL10": 600.49,
        "ttoiL5": 304.13,
        "ttoiL3": 185.0,
        "ttoiL1": 60.0,
        "oppTTOI": 3991.81,
        "oppTTOIL10": 596.34,
        "oppTTOIL5": 295.88,
        "oppTTOIL3": 175.88,
        "oppTTOIL1": 57.480000000000004
    },
    "col": {
        "ttoi": 4095.6,
        "ttoiL10": 603.03,
        "ttoiL5": 303.77,
        "ttoiL3": 178.77,
        "ttoiL1": 59.85,
        "oppTTOI": 4104.37,
        "oppTTOIL10": 594.28,
        "oppTTOIL5": 299.87,
        "oppTTOIL3": 179.07,
        "oppTTOIL1": 57.65
    },
    "cbj": {
        "ttoi": 4087.88,
        "ttoiL10": 592.3,
        "ttoiL5": 296.13,
        "ttoiL3": 177.26999999999998,
        "ttoiL1": 58.32,
        "oppTTOI": 4080.32,
        "oppTTOIL10": 603.26,
        "oppTTOIL5": 300.93,