{
    "pit": {
        "ttoi": 2585.3,
        "ttoiL10": 596.56,
        "ttoiL5": 300.78,
        "ttoiL3": 179.66,
        "ttoiL1": 58.83,
        "oppTTOI": 2587.92,
        "oppTTOIL10": 601.2700000000001,
        "oppTTOIL5": 300.45,
        "oppTTOIL3": 178.82,
        "oppTTOIL1": 60.0
    },
    "vgk": {
        "ttoi": 2774.09,
        "ttoiL10": 595.5,
        "ttoiL5": 298.5,
        "ttoiL3": 179.75,
        "ttoiL1": 59.93,
        "oppTTOI": 2777.8399999999997,
        "oppTTOIL10": 604.4000000000001,
        "oppTTOIL5": 301.1,
        "oppTTOIL3": 181.1,
        "oppTTOIL1": 58.83
    },
    "sea": {
        "ttoi": 2790.0699999999997,
        "ttoiL10": 600.5,
        "ttoiL5": 298.45,
        "ttoiL3": 178.7,
        "ttoiL1": 59.67,
        "oppTTOI": 2786.3299999999995,
        "oppTTOIL10": 605.03,
        "oppTTOIL5": 299.53,
        "oppTTOIL3": 179.88,
        "oppTTOIL1": 60.0
    },
    "car": {
        "ttoi": 2708.4500000000003,
        "ttoiL10": 603.13,
        "ttoiL5": 298.13,
        "ttoiL3": 176.45,
        "ttoiL1": 58.35,
        "oppTTOI": 2716.500000000001,
        "oppTTOIL10": 603.4,
        "oppTTOIL5": 304.88,
        "oppTTOIL3": 185.23,
        "oppTTOIL1": 60.83
    },
    "van": {
        "ttoi": 2765.3800000000006,
        "ttoiL10": 603.6,
        "ttoiL5": 307.3,
        "ttoiL3": 184.37,
        "ttoiL1": 59.37,
        "oppTTOI": 2745.6899999999996,
        "oppTTOIL10": 589.25,
        "oppTTOIL5": 296.22,
        "oppTTOIL3": 178.72,
        "oppTTOIL1": 61.12
    },
    "phi": {
        "ttoi": 2846.1099999999997,
        "ttoiL10": 609.22,
        "ttoiL5": 295.92,
        "ttoiL3": 176.07,
        "ttoiL1": 58.42,
        "oppTTOI": 2842.02,
        "oppTTOIL10": 600.4300000000001,
        "oppTTOIL5": 304.65,
        "oppTTOIL3": 187.42,
        "oppTTOIL1": 60.0
    },
    "buf": {
        "ttoi": 2743.38,
        "ttoiL10": 596.19,
        "ttoiL5": 296.78999999999996,
        "ttoiL3": 178.70999999999998,
        "ttoiL1": 58.88,
        "oppTTOI": 2753.4199999999996,
        "oppTTOIL10": 595.46,
        "oppTTOIL5": 294.83000000000004,
        "oppTTOIL3": 177.05,
        "oppTTOIL1": 58.3
    },
    "bos": {
        "ttoi": 2724.18,
        "ttoiL10": 606.09,
        "ttoiL5": 301.78999999999996,
        "ttoiL3": 179.85,
        "ttoiL1": 60.0,
        "oppTTOI": 2697.0,
        "oppTTOIL10": 590.1500000000001,
        "oppTTOIL5": 296.12,
        "oppTTOIL3": 178.61,
        "oppTTOIL1": 60.0
    },
    "wsh": {
        "ttoi": 2612.9599999999996,
        "ttoiL10": 597.01,
        "ttoiL5": 298.06,
        "ttoiL3": 179.63,
        "ttoiL1": 59.63,
        "oppTTOI": 2652.6,
        "oppTTOIL10": 600.93,
        "oppTTOIL5": 291.71,
        "oppTTOIL3": 176.01,
        "oppTTOIL1": 57.480000000000004
    },
    "nyi": {
        "ttoi": 2782.8499999999995,
        "ttoiL10": 599.92,
        "ttoiL5": 299.2,
        "ttoiL3": 179.32,
        "ttoiL1": 60.68,
        "oppTTOI": 2712.6299999999997,
        "oppTTOIL10": 609.31,
        "oppTTOIL5": 302.67,
        "oppTTOIL3": 180.37,
        "oppTTOIL1": 60.0
    },
    "stl": {
        "ttoi": 2625.3100000000004,
        "ttoiL10": 597.1200000000001,
        "ttoiL5": 297.5,
        "ttoiL3": 176.56,
        "ttoiL1": 59.43,
        "oppTTOI": 2627.8399999999997,
        "oppTTOIL10": 598.3000000000001,
        "oppTTOIL5": 296.6,
        "oppTTOIL3": 177.4,
        "oppTTOIL1": 60.0
    },
    "ott": {
        "ttoi": 2510.63,
        "ttoiL10": 596.31,
        "ttoiL5": 302.28,
        "ttoiL3": 183.2,
        "ttoiL1": 59.05,
        "oppTTOI": 2508.2700000000004,
        "oppTTOIL10": 604.5300000000001,
        "oppTTOIL5": 301.09000000000003,
        "oppTTOIL3": 181.09,
        "oppTTOIL1": 61.17
    },
    "min": {
        "ttoi": 2777.39,
        "ttoiL10": 605.0100000000001,
        "ttoiL5": 299.97,
        "ttoiL3": 179.97,
        "ttoiL1": 60.0,
        "oppTTOI": 2722.06,
        "oppTTOIL10": 602.21,
        "oppTTOIL5": 302.56,
        "oppTTOIL3": 178.13,
        "oppTTOIL1": 60.0
    },
    "tor": {
        "ttoi": 2720.7,
        "ttoiL10": 593.78,
        "ttoiL5": 293.54999999999995,
        "ttoiL3": 176.04999999999998,
        "ttoiL1": 59.87,
        "oppTTOI": 2737.25,
        "oppTTOIL10": 608.98,
        "oppTTOIL5": 305.53000000000003,
        "oppTTOIL3": 183.33,
        "oppTTOIL1": 58.95
    },
    "mtl": {
        "ttoi": 2798.2700000000004,
        "ttoiL10": 606.28,
        "ttoiL5": 301.07,
        "ttoiL3": 179.05,
        "ttoiL1": 60.0,
        "oppTTOI": 2791.53,
        "oppTTOIL10": 608.38,
        "oppTTOIL5": 299.5,
        "oppTTOIL3": 181.07999999999998,
        "oppTTOIL1": 65.0
    },
    "ari": {
        "ttoi": 2647.1800000000003,
        "ttoiL10": 605.2600000000001,
        "ttoiL5": 303.22,
        "ttoiL3": 183.57,
        "ttoiL1": 60.0,
        "oppTTOI": 2637.83,
        "oppTTOIL10": 598.1899999999999,
        "oppTTOIL5": 298.0,
        "oppTTOIL3": 176.68,
        "oppTTOIL1": 59.85
    },
    "fla": {
        "ttoi": 2683.4500000000003,
        "ttoiL10": 600.75,
        "ttoiL5": 301.57,
        "ttoiL3": 179.60000000000002,
        "ttoiL1": 57.88,
        "oppTTOI": 2620.2999999999997,
        "oppTTOIL10": 589.69,
        "oppTTOIL5": 295.0,
        "oppTTOIL3": 176.35,
        "oppTTOIL1": 58.42
    },
    "tb": {
        "ttoi": 2808.3499999999995,
        "ttoiL10": 596.2700000000001,
        "ttoiL5": 297.18,
        "ttoiL3": 175.7,
        "ttoiL1": 55.75,
        "oppTTOI": 2821.05,
        "oppTTOIL10": 594.9799999999999,
        "oppTTOIL5": 296.75,
        "oppTTOIL3": 177.18,
        "oppTTOIL1": 58.43
    },
    "nsh": {
        "ttoi": 2737.5899999999992,
        "ttoiL10": 595.85,
        "ttoiL5": 293.6,
        "ttoiL3": 173.72,
        "ttoiL1": 56.98,
        "oppTTOI": 2746.86,
        "oppTTOIL10": 601.9599999999999,
        "oppTTOIL5": 301.78,
        "oppTTOIL3": 184.1,
        "oppTTOIL1": 59.92
    },
    "nyr": {
        "ttoi": 2696.86,
        "ttoiL10": 595.44,
        "ttoiL5": 296.08,
        "ttoiL3": 176.07999999999998,
        "ttoiL1": 60.0,
        "oppTTOI": 2755.8999999999996,
        "oppTTOIL10": 588.7,
        "oppTTOIL5": 295.5,
        "oppTTOIL3": 178.07,
        "oppTTOIL1": 59.5
    },
    "nj": {
        "ttoi": 2624.5199999999995,
        "ttoiL10": 595.63,
        "ttoiL5": 295.78,
        "ttoiL3": 177.7,
        "ttoiL1": 59.72,
        "oppTTOI": 2625.67,
        "oppTTOIL10": 594.9799999999999,
        "oppTTOIL5": 296.15,
        "oppTTOIL3": 176.15,
        "oppTTOIL1": 60.0
    },
    "cbj": {
        "ttoi": 2652.4700000000007,
        "ttoiL10": 617.0699999999999,
        "ttoiL5": 305.71,
        "ttoiL3": 182.63,
        "ttoiL1": 60.0,
        "oppTTOI": 2715.4800000000005,
        "oppTTOIL10": 602.92,
        "oppTTOIL5": 300.14,
        "oppTTOIL3": 182.26999999999998,
        "oppTTOIL1": 60.0
    },
    "la": {
        "ttoi": 2589.67,
        "ttoiL10": 602.63,
        "ttoiL5": 293.7,
        "ttoiL3": 177.35,
        "ttoiL1": 59.95,
        "oppTTOI": 2599.119999999999,
        "oppTTOIL10": 609.2,
        "oppTTOIL5": 300.39,
        "oppTTOIL3": 183.27,
        "oppTTOIL1": 63.75
    },
    "ana": {
        "ttoi": 2733.0399999999995,
        "ttoiL10": 592.0900000000001,
        "ttoiL5": 294.67,
        "ttoiL3": 173.87,
        "ttoiL1": 58.57,
        "oppTTOI": 2753.0000000000005,
        "oppTTOIL10": 596.14,
        "oppTTOIL5": 299.43,
        "oppTTOIL3": 179.43,
        "oppTTOIL1": 59.85
    },
    "sj": {
        "ttoi": 2754.9400000000005,
        "ttoiL10": 600.49,
        "ttoiL5": 304.35,
        "ttoiL3": 184.43,
        "ttoiL1": 60.0,
        "oppTTOI": 2760.37,
        "oppTTOIL10": 601.78,
        "oppTTOIL5": 301.88,
        "oppTTOIL3": 182.05,
        "oppTTOIL1": 59.1
    },
    "col": {
        "ttoi": 2829.7599999999998,
        "ttoiL10": 603.82,
        "ttoiL5": 296.32,