{
    "pit": {
        "ttoi": 2405.64,
        "ttoiL10": 603.07,
        "ttoiL5": 296.90000000000003,
        "ttoiL3": 179.42000000000002,
        "ttoiL1": 61.12,
        "oppTTOI": 2406.56,
        "oppTTOIL10": 599.5899999999999,
        "oppTTOIL5": 303.16999999999996,
        "oppTTOIL3": 178.82,
        "oppTTOIL1": 60.0
    },
    "van": {
        "ttoi": 2521.01,
        "ttoiL10": 604.0600000000001,
        "ttoiL5": 299.23,
        "ttoiL3": 182.51,
        "ttoiL1": 62.93,
        "oppTTOI": 2507.2099999999996,
        "oppTTOIL10": 589.25,
        "oppTTOIL5": 296.22,
        "oppTTOIL3": 178.72,
        "oppTTOIL1": 61.12
    },
    "phi": {
        "ttoi": 2550.1899999999996,
        "ttoiL10": 617.98,
        "ttoiL5": 313.3,
        "ttoiL3": 188.43,
        "ttoiL1": 63.6,
        "oppTTOI": 2546.169999999999,
        "oppTTOIL10": 600.4300000000001,
        "oppTTOIL5": 304.65,
        "oppTTOIL3": 187.42,
        "oppTTOIL1": 60.0
    },
    "buf": {
        "ttoi": 2506.5899999999997,
        "ttoiL10": 598.32,
        "ttoiL5": 298.07,
        "ttoiL3": 180.0,
        "ttoiL1": 60.0,
        "oppTTOI": 2513.9399999999996,
        "oppTTOIL10": 595.58,
        "oppTTOIL5": 294.83000000000004,
        "oppTTOIL3": 177.05,
        "oppTTOIL1": 58.3
    },
    "bos": {
        "ttoi": 2483.16,
        "ttoiL10": 603.3399999999999,
        "ttoiL5": 305.19,
        "ttoiL3": 187.87,
        "ttoiL1": 60.77,
        "oppTTOI": 2459.13,
        "oppTTOIL10": 590.1500000000001,
        "oppTTOIL5": 296.12,
        "oppTTOIL3": 178.61,
        "oppTTOIL1": 60.0
    },
    "wsh": {
        "ttoi": 2314.8999999999996,
        "ttoiL10": 612.97,
        "ttoiL5": 298.95000000000005,
        "ttoiL3": 179.02,
        "ttoiL1": 60.0,
        "oppTTOI": 2360.4599999999996,
        "oppTTOIL10": 603.1500000000001,
        "oppTTOIL5": 294.36,
        "oppTTOIL3": 176.01,
        "oppTTOIL1": 57.480000000000004
    },
    "nyi": {
        "ttoi": 2483.6499999999996,
        "ttoiL10": 601.17,
        "ttoiL5": 300.72,
        "ttoiL3": 180.18,
        "ttoiL1": 60.35,
        "oppTTOI": 2411.8,
        "oppTTOIL10": 608.7199999999999,
        "oppTTOIL5": 300.27,
        "oppTTOIL3": 178.77,
        "oppTTOIL1": 60.0
    },
    "stl": {
        "ttoi": 2387.58,
        "ttoiL10": 599.37,
        "ttoiL5": 300.56,
        "ttoiL3": 182.09,
        "ttoiL1": 59.77,
        "oppTTOI": 2387.11,
        "oppTTOIL10": 598.3000000000001,
        "oppTTOIL5": 296.6,
        "oppTTOIL3": 177.4,
        "oppTTOIL1": 60.0
    },
    "ott": {
        "ttoi": 2208.35,
        "ttoiL10": 594.49,
        "ttoiL5": 294.03,
        "ttoiL3": 175.87,
        "ttoiL1": 58.11,
        "oppTTOI": 2206.65,
        "oppTTOIL10": 604.61,
        "oppTTOIL5": 301.17,
        "oppTTOIL3": 181.17000000000002,
        "oppTTOIL1": 61.17
    },
    "car": {
        "ttoi": 2470.32,
        "ttoiL10": 607.27,
        "ttoiL5": 305.0,
        "ttoiL3": 185.0,
        "ttoiL1": 60.0,
        "oppTTOI": 2476.02,
        "oppTTOIL10": 601.7400000000001,
        "oppTTOIL5": 304.05,
        "oppTTOIL3": 184.4,
        "oppTTOIL1": 65.0
    },
    "min": {
        "ttoi": 2477.42,
        "ttoiL10": 599.7000000000002,
        "ttoiL5": 305.04,
        "ttoiL3": 183.57,
        "ttoiL1": 63.6,
        "oppTTOI": 2426.18,
        "oppTTOIL10": 608.37,
        "oppTTOIL5": 304.21000000000004,
        "oppTTOIL3": 179.21,
        "oppTTOIL1": 60.0
    },
    "tor": {
        "ttoi": 2368.7,
        "ttoiL10": 600.04,
        "ttoiL5": 301.78,
        "ttoiL3": 180.28,
        "ttoiL1": 60.35,
        "oppTTOI": 2380.96,
        "oppTTOIL10": 609.0,
        "oppTTOIL5": 305.53000000000003,
        "oppTTOIL3": 183.33,
        "oppTTOIL1": 58.95
    },
    "mtl": {
        "ttoi": 2497.2000000000003,
        "ttoiL10": 607.33,
        "ttoiL5": 305.21000000000004,
        "ttoiL3": 185.78,
        "ttoiL1": 55.78,
        "oppTTOI": 2493.7200000000003,
        "oppTTOIL10": 608.38,
        "oppTTOIL5": 299.5,
        "oppTTOIL3": 181.07999999999998,
        "oppTTOIL1": 65.0
    },
    "ari": {
        "ttoi": 2403.9599999999996,
        "ttoiL10": 605.62,
        "ttoiL5": 302.56,
        "ttoiL3": 183.54999999999998,
        "ttoiL1": 60.0,
        "oppTTOI": 2396.13,
        "oppTTOIL10": 591.7,
        "oppTTOIL5": 298.0,
        "oppTTOIL3": 176.68,
        "oppTTOIL1": 59.85
    },
    "fla": {
        "ttoi": 2446.65,
        "ttoiL10": 603.45,
        "ttoiL5": 304.32,
        "ttoiL3": 184.47,
        "ttoiL1": 64.77,
        "oppTTOI": 2378.6600000000003,
        "oppTTOIL10": 585.32,
        "oppTTOIL5": 291.43,
        "oppTTOIL3": 176.35,
        "oppTTOIL1": 58.42
    },
    "tb": {
        "ttoi": 2572.649999999999,
        "ttoiL10": 603.26,
        "ttoiL5": 300.57,
        "ttoiL3": 181.96,
        "ttoiL1": 61.48,
        "oppTTOI": 2582.17,
        "oppTTOIL10": 594.9799999999999,
        "oppTTOIL5": 296.28,
        "oppTTOIL3": 177.18,
        "oppTTOIL1": 58.43
    },
    "nsh": {
        "ttoi": 2503.99,
        "ttoiL10": 600.9200000000001,
        "ttoiL5": 297.25,
        "ttoiL3": 177.32999999999998,
        "ttoiL1": 60.0,
        "oppTTOI": 2509.5299999999997,
        "oppTTOIL10": 601.9599999999999,
        "oppTTOIL5": 301.78,
        "oppTTOIL3": 184.1,
        "oppTTOIL1": 59.92
    },
    "nyr": {
        "ttoi": 2343.15,
        "ttoiL10": 597.35,
        "ttoiL5": 301.73,
        "ttoiL3": 181.73,
        "ttoiL1": 57.48,
        "oppTTOI": 2399.45,
        "oppTTOIL10": 588.85,
        "oppTTOIL5": 296.92999999999995,
        "oppTTOIL3": 178.95,
        "oppTTOIL1": 59.5
    },
    "vgk": {
        "ttoi": 2536.36,
        "ttoiL10": 590.55,
        "ttoiL5": 297.77,
        "ttoiL3": 180.77,
        "ttoiL1": 60.77,
        "oppTTOI": 2544.61,
        "oppTTOIL10": 605.4699999999999,
        "oppTTOIL5": 302.27,
        "oppTTOIL3": 182.27,
        "oppTTOIL1": 60.0
    },
    "nj": {
        "ttoi": 2328.74,
        "ttoiL10": 604.92,
        "ttoiL5": 299.85,
        "ttoiL3": 180.5,
        "ttoiL1": 61.87,
        "oppTTOI": 2328.77,
        "oppTTOIL10": 594.9799999999999,
        "oppTTOIL5": 296.15,
        "oppTTOIL3": 176.15,
        "oppTTOIL1": 60.0
    },
    "cbj": {
        "ttoi": 2469.8400000000006,
        "ttoiL10": 618.56,
        "ttoiL5": 309.40999999999997,
        "ttoiL3": 188.07999999999998,
        "ttoiL1": 60.0,
        "oppTTOI": 2530.7300000000005,
        "oppTTOIL10": 599.25,
        "oppTTOIL5": 300.14,
        "oppTTOIL3": 182.26999999999998,
        "oppTTOIL1": 60.0
    },
    "la": {
        "ttoi": 2295.9700000000003,
        "ttoiL10": 608.71,
        "ttoiL5": 308.93,
        "ttoiL3": 186.25,
        "ttoiL1": 64.98,
        "oppTTOI": 2302.72,
        "oppTTOIL10": 608.88,
        "oppTTOIL5": 307.29,
        "oppTTOIL3": 183.27,
        "oppTTOIL1": 63.75
    },
    "ana": {
        "ttoi": 2438.37,
        "ttoiL10": 593.1999999999999,
        "ttoiL5": 297.42,
        "ttoiL3": 178.65,
        "ttoiL1": 60.0,
        "oppTTOI": 2452.2000000000003,
        "oppTTOIL10": 595.62,
        "oppTTOIL5": 299.43,
        "oppTTOIL3": 179.43,
        "oppTTOIL1": 59.85
    },
    "sj": {
        "ttoi": 2510.5900000000006,
        "ttoiL10": 594.1400000000001,
        "ttoiL5": 297.22,
        "ttoiL3": 180.0,
        "ttoiL1": 60.0,
        "oppTTOI": 2517.5899999999997,
        "oppTTOIL10": 598.83,
        "oppTTOIL5": 298.58000000000004,
        "oppTTOIL3": 178.93,
        "oppTTOIL1": 59.1
    },
    "col": {
        "ttoi": 2533.44,
        "ttoiL10": 611.34,
        "ttoiL5": 307.5,
        "ttoiL3": 184.75,
        "ttoiL1": 60.0,
        "oppTTOI": 2525.1000000000004,
        "oppTTOIL10": 604.1700000000001,
        "oppTTOIL5": 303.62,
        "oppTTOIL3": 179.87,
        "oppTTOIL1": 60.0
    },
    "dal": {
        "ttoi": 2455.7000000000003,
        "ttoiL10": 593.97,
        "ttoiL5": 298.67,