{
    "pit": {
        "ttoi": 2771.65,
        "ttoiL10": 605.43,
        "ttoiL5": 305.18,
        "ttoiL3": 186.35,
        "ttoiL1": 62.72,
        "oppTTOI": 2774.9200000000005,
        "oppTTOIL10": 602.6700000000001,
        "oppTTOIL5": 300.45,
        "oppTTOIL3": 178.82,
        "oppTTOIL1": 60.0
    },
    "mtl": {
        "ttoi": 2978.7400000000007,
        "ttoiL10": 602.3199999999999,
        "ttoiL5": 299.52,
        "ttoiL3": 180.47,
        "ttoiL1": 62.0,
        "oppTTOI": 2972.6,
        "oppTTOIL10": 607.77,
        "oppTTOIL5": 302.21999999999997,
        "oppTTOIL3": 185.7,
        "oppTTOIL1": 62.72
    },
    "fla": {
        "ttoi": 2929.6700000000005,
        "ttoiL10": 607.7900000000001,
        "ttoiL5": 304.1,
        "ttoiL3": 186.95,
        "ttoiL1": 61.95,
        "oppTTOI": 2863.97,
        "oppTTOIL10": 592.87,
        "oppTTOIL5": 301.2,
        "oppTTOIL3": 180.4,
        "oppTTOIL1": 64.05
    },
    "ari": {
        "ttoi": 2887.0500000000006,
        "ttoiL10": 607.1600000000001,
        "ttoiL5": 299.87,
        "ttoiL3": 179.87,
        "ttoiL1": 60.0,
        "oppTTOI": 2877.4100000000003,
        "oppTTOIL10": 598.62,
        "oppTTOIL5": 299.71,
        "oppTTOIL3": 179.43,
        "oppTTOIL1": 59.58
    },
    "vgk": {
        "ttoi": 3015.1400000000003,
        "ttoiL10": 599.5500000000001,
        "ttoiL5": 300.98,
        "ttoiL3": 178.47,
        "ttoiL1": 58.47,
        "oppTTOI": 3013.38,
        "oppTTOIL10": 604.4000000000001,
        "oppTTOIL5": 301.1,
        "oppTTOIL3": 181.1,
        "oppTTOIL1": 58.83
    },
    "sea": {
        "ttoi": 2973.12,
        "ttoiL10": 601.33,
        "ttoiL5": 302.17,
        "ttoiL3": 183.05,
        "ttoiL1": 60.0,
        "oppTTOI": 2967.1299999999997,
        "oppTTOIL10": 605.03,
        "oppTTOIL5": 299.53,
        "oppTTOIL3": 180.0,
        "oppTTOIL1": 60.0
    },
    "car": {
        "ttoi": 2888.4,
        "ttoiL10": 603.0799999999999,
        "ttoiL5": 298.29999999999995,
        "ttoiL3": 179.95,
        "ttoiL1": 60.0,
        "oppTTOI": 2891.650000000001,
        "oppTTOIL10": 603.4,
        "oppTTOIL5": 304.88,
        "oppTTOIL3": 185.23,
        "oppTTOIL1": 60.83
    },
    "van": {
        "ttoi": 2949.420000000001,
        "ttoiL10": 610.92,
        "ttoiL5": 303.40999999999997,
        "ttoiL3": 184.04,
        "ttoiL1": 63.93,
        "oppTTOI": 2929.7899999999995,
        "oppTTOIL10": 588.7499999999999,
        "oppTTOIL5": 294.9,
        "oppTTOIL3": 177.3,
        "oppTTOIL1": 61.12
    },
    "phi": {
        "ttoi": 3023.72,
        "ttoiL10": 602.13,
        "ttoiL5": 293.67999999999995,
        "ttoiL3": 177.60999999999999,
        "ttoiL1": 59.98,
        "oppTTOI": 3021.59,
        "oppTTOIL10": 600.4300000000001,
        "oppTTOIL5": 304.65,
        "oppTTOIL3": 187.42,
        "oppTTOIL1": 60.0
    },
    "buf": {
        "ttoi": 2920.68,
        "ttoiL10": 594.0899999999999,
        "ttoiL5": 296.18,
        "ttoiL3": 177.3,
        "ttoiL1": 60.0,
        "oppTTOI": 2929.99,
        "oppTTOIL10": 594.6300000000001,
        "oppTTOIL5": 294.83000000000004,
        "oppTTOIL3": 177.05,
        "oppTTOIL1": 58.3
    },
    "bos": {
        "ttoi": 2963.46,
        "ttoiL10": 603.1700000000001,
        "ttoiL5": 299.28000000000003,
        "ttoiL3": 179.35000000000002,
        "ttoiL1": 60.0,
        "oppTTOI": 2937.7600000000007,
        "oppTTOIL10": 590.1999999999999,
        "oppTTOIL5": 296.12,
        "oppTTOIL3": 178.61,
        "oppTTOIL1": 60.0
    },
    "wsh": {
        "ttoi": 2793.58,
        "ttoiL10": 598.6800000000001,
        "ttoiL5": 300.25,
        "ttoiL3": 180.62,
        "ttoiL1": 62.02,
        "oppTTOI": 2835.83,
        "oppTTOIL10": 600.93,
        "oppTTOIL5": 291.71,
        "oppTTOIL3": 176.01,
        "oppTTOIL1": 57.480000000000004
    },
    "nyi": {
        "ttoi": 2960.17,
        "ttoiL10": 596.7,
        "ttoiL5": 298.37,
        "ttoiL3": 177.32,
        "ttoiL1": 61.57,
        "oppTTOI": 2894.58,
        "oppTTOIL10": 609.31,
        "oppTTOIL5": 302.67,
        "oppTTOIL3": 180.37,
        "oppTTOIL1": 60.0
    },
    "stl": {
        "ttoi": 2871.3,
        "ttoiL10": 600.84,
        "ttoiL5": 305.42,
        "ttoiL3": 185.99,
        "ttoiL1": 61.07,
        "oppTTOI": 2871.82,
        "oppTTOIL10": 597.6800000000001,
        "oppTTOIL5": 296.6,
        "oppTTOIL3": 177.4,
        "oppTTOIL1": 60.0
    },
    "ott": {
        "ttoi": 2754.0099999999998,
        "ttoiL10": 603.7700000000001,
        "ttoiL5": 302.43,
        "ttoiL3": 183.38,
        "ttoiL1": 63.6,
        "oppTTOI": 2751.69,
        "oppTTOIL10": 604.5300000000001,
        "oppTTOIL5": 301.09000000000003,
        "oppTTOIL3": 181.09,
        "oppTTOIL1": 61.17
    },
    "min": {
        "ttoi": 2954.23,
        "ttoiL10": 600.41,
        "ttoiL5": 296.81,
        "ttoiL3": 176.84,
        "ttoiL1": 58.02,
        "oppTTOI": 2900.83,
        "oppTTOIL10": 602.2099999999999,
        "oppTTOIL5": 297.56,
        "oppTTOIL3": 179.78,
        "oppTTOIL1": 60.0
    },
    "tor": {
        "ttoi": 2844.919999999999,
        "ttoiL10": 596.5699999999999,
        "ttoiL5": 300.27,
        "ttoiL3": 184.09,
        "ttoiL1": 60.0,
        "oppTTOI": 2861.19,
        "oppTTOIL10": 608.98,
        "oppTTOIL5": 305.53000000000003,
        "oppTTOIL3": 183.33,
        "oppTTOIL1": 58.95
    },
    "tb": {
        "ttoi": 2988.35,
        "ttoiL10": 597.66,
        "ttoiL5": 295.7,
        "ttoiL3": 180.0,
        "ttoiL1": 60.0,
        "oppTTOI": 2996.9600000000005,
        "oppTTOIL10": 594.9799999999999,
        "oppTTOIL5": 296.75,
        "oppTTOIL3": 177.18,
        "oppTTOIL1": 58.43
    },
    "nsh": {
        "ttoi": 2978.649999999999,
        "ttoiL10": 591.9900000000001,
        "ttoiL5": 298.04,
        "ttoiL3": 182.88,
        "ttoiL1": 63.6,
        "oppTTOI": 2988.55,
        "oppTTOIL10": 601.9599999999999,
        "oppTTOIL5": 301.78,
        "oppTTOIL3": 184.1,
        "oppTTOIL1": 59.92
    },
    "nyr": {
        "ttoi": 2873.8399999999992,
        "ttoiL10": 588.17,
        "ttoiL5": 295.53,
        "ttoiL3": 176.98,
        "ttoiL1": 59.67,
        "oppTTOI": 2935.36,
        "oppTTOIL10": 593.48,
        "oppTTOIL5": 299.0,
        "oppTTOIL3": 178.07,
        "oppTTOIL1": 59.5
    },
    "nj": {
        "ttoi": 2802.859999999999,
        "ttoiL10": 594.77,
        "ttoiL5": 297.81,
        "ttoiL3": 178.34,
        "ttoiL1": 58.28,
        "oppTTOI": 2808.2000000000003,
        "oppTTOIL10": 589.93,
        "oppTTOIL5": 296.15,
        "oppTTOIL3": 176.15,
        "oppTTOIL1": 60.0
    },
    "cbj": {
        "ttoi": 2894.040000000001,
        "ttoiL10": 612.2800000000001,
        "ttoiL5": 301.57000000000005,
        "ttoiL3": 181.8,
        "ttoiL1": 57.78,
        "oppTTOI": 2958.6900000000005,
        "oppTTOIL10": 597.1999999999999,
        "oppTTOIL5": 301.54999999999995,
        "oppTTOIL3": 182.26999999999998,
        "oppTTOIL1": 60.0
    },
    "la": {
        "ttoi": 2832.4600000000005,
        "ttoiL10": 601.47,
        "ttoiL5": 302.74,
        "ttoiL3": 178.27,
        "ttoiL1": 60.87,
        "oppTTOI": 2844.1199999999994,
        "oppTTOIL10": 613.6300000000001,
        "oppTTOIL5": 306.72,
        "oppTTOIL3": 187.70000000000002,
        "oppTTOIL1": 63.75
    },
    "ana": {
        "ttoi": 2913.6399999999994,
        "ttoiL10": 594.8199999999999,
        "ttoiL5": 297.12,
        "ttoiL3": 180.6,
        "ttoiL1": 60.0,
        "oppTTOI": 2928.9500000000003,
        "oppTTOIL10": 596.14,
        "oppTTOIL5": 299.43,
        "oppTTOIL3": 179.43,
        "oppTTOIL1": 59.85
    },
    "sj": {
        "ttoi": 2940.05,
        "ttoiL10": 609.46,
        "ttoiL5": 310.01,
        "ttoiL3": 185.11,
        "ttoiL1": 59.2,
        "oppTTOI": 2946.37,
        "oppTTOIL10": 601.78,
        "oppTTOIL5": 301.88,
        "oppTTOIL3": 182.05,
        "oppTTOIL1": 59.1
    },