{
    "ana": {
        "ttoi": 716.9899999999999,
        "ttoiL10": 597.4899999999999,
        "ttoiL5": 302.0,
        "ttoiL3": 182.26999999999998,
        "ttoiL1": 58.82,
        "oppTTOI": 721.57,
        "oppTTOIL10": 603.0400000000001,
        "oppTTOIL5": 302.23,
        "oppTTOIL3": 182.88,
        "oppTTOIL1": 62.8
    },
    "pit": {
        "ttoi": 653.3,
        "ttoiL10": 595.8,
        "ttoiL5": 298.65,
        "ttoiL3": 178.65,
        "ttoiL1": 59.85,
        "oppTTOI": 656.52,
        "oppTTOIL10": 596.59,
        "oppTTOIL5": 296.64,
        "oppTTOIL3": 176.64,
        "oppTTOIL1": 58.82
    },
    "vgk": {
        "ttoi": 794.2199999999999,
        "ttoiL10": 615.17,
        "ttoiL5": 308.81,
        "ttoiL3": 179.48,
        "ttoiL1": 59.48,
        "oppTTOI": 794.1899999999999,
        "oppTTOIL10": 615.41,
        "oppTTOIL5": 302.12,
        "oppTTOIL3": 182.12,
        "oppTTOIL1": 60.0
    },
    "ari": {
        "ttoi": 723.36,
        "ttoiL10": 599.64,
        "ttoiL5": 305.47,
        "ttoiL3": 182.87,
        "ttoiL1": 65.0,
        "oppTTOI": 727.9200000000001,
        "oppTTOIL10": 608.1,
        "oppTTOIL5": 300.61,
        "oppTTOIL3": 181.32,
        "oppTTOIL1": 63.45
    },
    "phi": {
        "ttoi": 777.6400000000001,
        "ttoiL10": 598.97,
        "ttoiL5": 297.47,
        "ttoiL3": 178.47,
        "ttoiL1": 58.47,
        "oppTTOI": 776.86,
        "oppTTOIL10": 599.49,
        "oppTTOIL5": 297.75,
        "oppTTOIL3": 179.73,
        "oppTTOIL1": 59.73
    },
    "bos": {
        "ttoi": 728.0899999999999,
        "ttoiL10": 609.1899999999999,
        "ttoiL5": 307.91999999999996,
        "ttoiL3": 184.32,
        "ttoiL1": 59.52,
        "oppTTOI": 712.02,
        "oppTTOIL10": 590.59,
        "oppTTOIL5": 293.62,
        "oppTTOIL3": 176.94,
        "oppTTOIL1": 58.93
    },
    "cbj": {
        "ttoi": 720.06,
        "ttoiL10": 602.14,
        "ttoiL5": 293.83,
        "ttoiL3": 179.48,
        "ttoiL1": 61.43,
        "oppTTOI": 720.1799999999998,
        "oppTTOIL10": 602.7799999999999,
        "oppTTOIL5": 298.79999999999995,
        "oppTTOIL3": 179.76999999999998,
        "oppTTOIL1": 62.33
    },
    "dal": {
        "ttoi": 661.48,
        "ttoiL10": 596.48,
        "ttoiL5": 292.88,
        "ttoiL3": 173.31,
        "ttoiL1": 57.5,
        "oppTTOI": 662.41,
        "oppTTOIL10": 598.18,
        "oppTTOIL5": 291.2,
        "oppTTOIL3": 174.52,
        "oppTTOIL1": 57.78
    },
    "car": {
        "ttoi": 785.05,
        "ttoiL10": 600.6999999999999,
        "ttoiL5": 301.07,
        "ttoiL3": 181.07,
        "ttoiL1": 61.1,
        "oppTTOI": 789.91,
        "oppTTOIL10": 609.91,
        "oppTTOIL5": 306.68,
        "oppTTOIL3": 181.05,
        "oppTTOIL1": 59.65
    },
    "sea": {
        "ttoi": 796.16,
        "ttoiL10": 613.67,
        "ttoiL5": 304.81,
        "ttoiL3": 183.6,
        "ttoiL1": 65.0,
        "oppTTOI": 799.1,
        "oppTTOIL10": 611.52,
        "oppTTOIL5": 309.13,
        "oppTTOIL3": 189.13,
        "oppTTOIL1": 65.0
    },
    "wpg": {
        "ttoi": 729.28,
        "ttoiL10": 611.2099999999999,
        "ttoiL5": 308.48,
        "ttoiL3": 178.91,
        "ttoiL1": 59.53,
        "oppTTOI": 725.6200000000001,
        "oppTTOIL10": 605.6400000000001,
        "oppTTOIL5": 298.11,
        "oppTTOIL3": 176.43,
        "oppTTOIL1": 57.87
    },
    "mtl": {
        "ttoi": 733.63,
        "ttoiL10": 608.63,
        "ttoiL5": 307.5,
        "ttoiL3": 177.5,
        "ttoiL1": 60.0,
        "oppTTOI": 730.76,
        "oppTTOIL10": 605.24,
        "oppTTOIL5": 299.15999999999997,
        "oppTTOIL3": 181.16,
        "oppTTOIL1": 60.0
    },
    "chi": {
        "ttoi": 656.8599999999999,
        "ttoiL10": 596.8599999999999,
        "ttoiL5": 299.58,
        "ttoiL3": 177.88,
        "ttoiL1": 57.88,
        "oppTTOI": 652.4900000000001,
        "oppTTOIL10": 593.0400000000001,
        "oppTTOIL5": 296.57,
        "oppTTOIL3": 179.5,
        "oppTTOIL1": 59.8
    },
    "la": {
        "ttoi": 665.1800000000001,
        "ttoiL10": 605.5300000000001,
        "ttoiL5": 303.21000000000004,
        "ttoiL3": 179.87,
        "ttoiL1": 59.87,
        "oppTTOI": 665.4399999999999,
        "oppTTOIL10": 605.52,
        "oppTTOIL5": 302.65999999999997,
        "oppTTOIL3": 177.66,
        "oppTTOIL1": 59.67
    },
    "stl": {
        "ttoi": 667.46,
        "ttoiL10": 602.63,
        "ttoiL5": 298.90999999999997,
        "ttoiL3": 179.38,
        "ttoiL1": 59.38,
        "oppTTOI": 663.9399999999999,
        "oppTTOIL10": 604.41,
        "oppTTOIL5": 304.02,
        "oppTTOIL3": 179.27,
        "oppTTOIL1": 59.85
    },
    "nyi": {
        "ttoi": 659.47,
        "ttoiL10": 599.62,
        "ttoiL5": 300.25,
        "ttoiL3": 178.82999999999998,
        "ttoiL1": 57.6,
        "oppTTOI": 655.89,
        "oppTTOIL10": 597.92,
        "oppTTOIL5": 295.86,
        "oppTTOIL3": 177.56,
        "oppTTOIL1": 58.03
    },
    "nyr": {
        "ttoi": 728.1299999999999,
        "ttoiL10": 611.4599999999999,
        "ttoiL5": 312.02,
        "ttoiL3": 184.47,
        "ttoiL1": 60.0,
        "oppTTOI": 724.4199999999998,
        "oppTTOIL10": 596.05,
        "oppTTOIL5": 295.6,
        "oppTTOIL3": 176.42000000000002,
        "oppTTOIL1": 58.72
    },
    "nj": {
        "ttoi": 716.3800000000001,
        "ttoiL10": 591.4100000000001,
        "ttoiL5": 296.22,
        "ttoiL3": 176.22,
        "ttoiL1": 58.47,
        "oppTTOI": 713.9799999999999,
        "oppTTOIL10": 593.9799999999999,
        "oppTTOIL5": 298.58,
        "oppTTOIL3": 180.78,
        "oppTTOIL1": 65.0
    },
    "det": {
        "ttoi": 774.81,
        "ttoiL10": 597.01,
        "ttoiL5": 293.90999999999997,
        "ttoiL3": 174.72,
        "ttoiL1": 56.7,
        "oppTTOI": 781.25,
        "oppTTOIL10": 599.15,
        "oppTTOIL5": 298.74,
        "oppTTOIL3": 179.07,
        "oppTTOIL1": 59.8
    },
    "tor": {
        "ttoi": 726.8100000000001,
        "ttoiL10": 604.71,
        "ttoiL5": 307.1,
        "ttoiL3": 185.05,
        "ttoiL1": 60.769999999999996,
        "oppTTOI": 732.95,
        "oppTTOIL10": 609.37,
        "oppTTOIL5": 301.38,
        "oppTTOIL3": 185.0,
        "oppTTOIL1": 65.0
    },
    "fla": {
        "ttoi": 653.38,
        "ttoiL10": 596.08,
        "ttoiL5": 299.52,
        "ttoiL3": 175.92,
        "ttoiL1": 59.03,
        "oppTTOI": 652.0,
        "oppTTOIL10": 592.13,
        "oppTTOIL5": 303.1,
        "oppTTOIL3": 185.03,
        "oppTTOIL1": 63.6
    },
    "sj": {
        "ttoi": 717.38,
        "ttoiL10": 592.38,
        "ttoiL5": 299.45,
        "ttoiL3": 179.95,
        "ttoiL1": 60.0,
        "oppTTOI": 720.7700000000001,
        "oppTTOIL10": 600.9000000000001,
        "oppTTOIL5": 303.33000000000004,
        "oppTTOIL3": 179.65,
        "oppTTOIL1": 60.0
    },
    "nsh": {
        "ttoi": 709.4000000000001,
        "ttoiL10": 592.5300000000001,
        "ttoiL5": 297.56,
        "ttoiL3": 175.87,
        "ttoiL1": 58.0,
        "oppTTOI": 718.2700000000001,
        "oppTTOIL10": 598.5400000000001,
        "oppTTOIL5": 298.69,
        "oppTTOIL3": 178.72,
        "oppTTOIL1": 59.02
    },
    "buf": {
        "ttoi": 775.0499999999998,
        "ttoiL10": 594.8499999999999,
        "ttoiL5": 301.4,
        "ttoiL3": 181.4,
        "ttoiL1": 61.4,
        "oppTTOI": 777.8199999999999,
        "oppTTOIL10": 598.99,
        "oppTTOIL5": 300.32,
        "oppTTOIL3": 180.32,
        "oppTTOIL1": 61.1
    },
    "col": {
        "ttoi": 662.95,
        "ttoiL10": 602.95,
        "ttoiL5": 299.22,
        "ttoiL3": 180.0,
        "ttoiL1": 60.0,
        "oppTTOI": 658.03,
        "oppTTOIL10": 598.03,
        "oppTTOIL5": 295.07,
        "oppTTOIL3": 176.95,
        "oppTTOIL1": 60.0
    },
    "ott": {
        "ttoi": 594.6899999999999,
        "ttoiL10": 594.6899999999999,
        "ttoiL5": 296.37,
        "ttoiL3": 177.75,
        "ttoiL1": 58.379999999999995,