{
    "ana": {
        "ttoi": 2318.82,
        "ttoiL10": 593.65,
        "ttoiL5": 294.7,
        "ttoiL3": 177.87,
        "ttoiL1": 59.1,
        "oppTTOI": 2334.87,
        "oppTTOIL10": 603.32,
        "oppTTOIL5": 302.36,
        "oppTTOIL3": 180.91,
        "oppTTOIL1": 59.48
    },
    "det": {
        "ttoi": 2399.4900000000002,
        "ttoiL10": 605.18,
        "ttoiL5": 305.02,
        "ttoiL3": 185.0,
        "ttoiL1": 60.0,
        "oppTTOI": 2411.45,
        "oppTTOIL10": 591.72,
        "oppTTOIL5": 296.17,
        "oppTTOIL3": 179.1,
        "oppTTOIL1": 59.1
    },
    "wpg": {
        "ttoi": 2343.95,
        "ttoiL10": 601.17,
        "ttoiL5": 298.35,
        "ttoiL3": 178.98000000000002,
        "ttoiL1": 59.18,
        "oppTTOI": 2320.8,
        "oppTTOIL10": 591.64,
        "oppTTOIL5": 292.43,
        "oppTTOIL3": 175.63,
        "oppTTOIL1": 56.57
    },
    "tor": {
        "ttoi": 2248.35,
        "ttoiL10": 598.47,
        "ttoiL5": 302.91,
        "ttoiL3": 181.43,
        "ttoiL1": 59.93,
        "oppTTOI": 2260.61,
        "oppTTOIL10": 623.43,
        "oppTTOIL5": 312.07,
        "oppTTOIL3": 192.07,
        "oppTTOIL1": 62.2
    },
    "edm": {
        "ttoi": 2153.47,
        "ttoiL10": 597.35,
        "ttoiL5": 304.12,
        "ttoiL3": 179.12,
        "ttoiL1": 60.0,
        "oppTTOI": 2160.6,
        "oppTTOIL10": 602.51,
        "oppTTOIL5": 298.05,
        "oppTTOIL3": 180.0,
        "oppTTOIL1": 60.0
    },
    "ari": {
        "ttoi": 2279.89,
        "ttoiL10": 601.55,
        "ttoiL5": 301.91999999999996,
        "ttoiL3": 178.48999999999998,
        "ttoiL1": 59.48,
        "oppTTOI": 2274.0299999999997,
        "oppTTOIL10": 596.09,
        "oppTTOIL5": 294.75,
        "oppTTOIL3": 178.15,
        "oppTTOIL1": 56.83
    },
    "vgk": {
        "ttoi": 2415.59,
        "ttoiL10": 588.47,
        "ttoiL5": 293.95,
        "ttoiL3": 177.0,
        "ttoiL1": 60.0,
        "oppTTOI": 2423.84,
        "oppTTOIL10": 606.97,
        "oppTTOIL5": 299.85,
        "oppTTOIL3": 179.85,
        "oppTTOIL1": 60.0
    },
    "sea": {
        "ttoi": 2371.79,
        "ttoiL10": 608.55,
        "ttoiL5": 302.22,
        "ttoiL3": 182.22,
        "ttoiL1": 60.0,
        "oppTTOI": 2368.8300000000004,
        "oppTTOIL10": 609.76,
        "oppTTOIL5": 306.68,
        "oppTTOIL3": 189.48000000000002,
        "oppTTOIL1": 59.65
    },
    "cgy": {
        "ttoi": 2402.3500000000004,
        "ttoiL10": 591.71,
        "ttoiL5": 294.88,
        "ttoiL3": 175.45,
        "ttoiL1": 57.75,
        "oppTTOI": 2406.379999999999,
        "oppTTOIL10": 594.79,
        "oppTTOIL5": 296.12,
        "oppTTOIL3": 176.17,
        "oppTTOIL1": 59.3
    },
    "nj": {
        "ttoi": 2266.87,
        "ttoiL10": 601.0799999999999,
        "ttoiL5": 297.86,
        "ttoiL3": 177.98,
        "ttoiL1": 58.78,
        "oppTTOI": 2267.2899999999995,
        "oppTTOIL10": 603.73,
        "oppTTOIL5": 307.53,
        "oppTTOIL3": 185.0,
        "oppTTOIL1": 60.0
    },
    "nyr": {
        "ttoi": 2285.6700000000005,
        "ttoiL10": 599.87,
        "ttoiL5": 304.25,
        "ttoiL3": 184.25,
        "ttoiL1": 59.25,
        "oppTTOI": 2339.68,
        "oppTTOIL10": 605.0,
        "oppTTOIL5": 302.3,
        "oppTTOIL3": 180.22,
        "oppTTOIL1": 59.45
    },
    "nyi": {
        "ttoi": 2363.47,
        "ttoiL10": 599.8900000000001,
        "ttoiL5": 299.57,
        "ttoiL3": 180.54,
        "ttoiL1": 60.0,
        "oppTTOI": 2291.8699999999994,
        "oppTTOIL10": 601.33,
        "oppTTOIL5": 301.58000000000004,
        "oppTTOIL3": 176.58,
        "oppTTOIL1": 58.77
    },
    "chi": {
        "ttoi": 2393.3900000000003,
        "ttoiL10": 601.74,
        "ttoiL5": 297.4,
        "ttoiL3": 178.22,
        "ttoiL1": 59.95,
        "oppTTOI": 2391.4900000000002,
        "oppTTOIL10": 593.88,
        "oppTTOIL5": 297.88,
        "oppTTOIL3": 178.0,
        "oppTTOIL1": 58.38
    },
    "col": {
        "ttoi": 2473.44,
        "ttoiL10": 609.59,
        "ttoiL5": 307.3,
        "ttoiL3": 187.03,
        "ttoiL1": 65.0,
        "oppTTOI": 2465.100000000001,
        "oppTTOIL10": 613.9000000000001,
        "oppTTOIL5": 307.7,
        "oppTTOIL3": 183.75,
        "oppTTOIL1": 59.07
    },
    "wsh": {
        "ttoi": 2254.8999999999996,
        "ttoiL10": 614.65,
        "ttoiL5": 303.85,
        "ttoiL3": 178.95000000000002,
        "ttoiL1": 60.0,
        "oppTTOI": 2300.46,
        "oppTTOIL10": 611.69,
        "oppTTOIL5": 307.41,
        "oppTTOIL3": 182.49,
        "oppTTOIL1": 58.35
    },
    "van": {
        "ttoi": 2398.5,
        "ttoiL10": 606.55,
        "ttoiL5": 296.72,
        "ttoiL3": 176.72,
        "ttoiL1": 60.0,
        "oppTTOI": 2386.2599999999998,
        "oppTTOIL10": 590.2199999999999,
        "oppTTOIL5": 291.88,
        "oppTTOIL3": 175.2,
        "oppTTOIL1": 59.6
    },
    "la": {
        "ttoi": 2168.94,
        "ttoiL10": 606.6,
        "ttoiL5": 304.55,
        "ttoiL3": 181.9,
        "ttoiL1": 59.22,
        "oppTTOI": 2175.8999999999996,
        "oppTTOIL10": 600.13,
        "oppTTOIL5": 297.18,
        "oppTTOIL3": 179.19,
        "oppTTOIL1": 59.52
    },
    "mtl": {
        "ttoi": 2376.42,
        "ttoiL10": 607.7,
        "ttoiL5": 301.76,
        "ttoiL3": 184.43,
        "ttoiL1": 65.0,
        "oppTTOI": 2368.7200000000003,
        "oppTTOIL10": 605.7299999999999,
        "oppTTOIL5": 300.64,
        "oppTTOIL3": 178.42000000000002,
        "oppTTOIL1": 58.42
    },
    "stl": {
        "ttoi": 2270.4600000000005,
        "ttoiL10": 602.25,
        "ttoiL5": 302.27,
        "ttoiL3": 183.44,
        "ttoiL1": 64.97,
        "oppTTOI": 2269.6300000000006,
        "oppTTOIL10": 592.87,
        "oppTTOIL5": 293.75,
        "oppTTOIL3": 175.82999999999998,
        "oppTTOIL1": 57.55
    },
    "fla": {
        "ttoi": 2321.8799999999997,
        "ttoiL10": 595.9300000000001,
        "ttoiL5": 299.18,
        "ttoiL3": 179.55,
        "ttoiL1": 59.7,
        "oppTTOI": 2256.33,
        "oppTTOIL10": 539.76,
        "oppTTOIL5": 300.4,
        "oppTTOIL3": 177.07999999999998,
        "oppTTOIL1": 57.85
    },
    "nsh": {
        "ttoi": 2386.66,
        "ttoiL10": 603.1700000000001,
        "ttoiL5": 307.14,
        "ttoiL3": 179.92000000000002,
        "ttoiL1": 60.0,
        "oppTTOI": 2391.55,
        "oppTTOIL10": 595.37,
        "oppTTOIL5": 296.12,
        "oppTTOIL3": 178.42000000000002,
        "oppTTOIL1": 59.63
    },
    "sj": {
        "ttoi": 2390.5900000000006,
        "ttoiL10": 592.8399999999999,
        "ttoiL5": 296.14,
        "ttoiL3": 177.22,
        "ttoiL1": 60.0,
        "oppTTOI": 2401.81,
        "oppTTOIL10": 602.6800000000001,
        "oppTTOIL5": 299.03,
        "oppTTOIL3": 179.46,
        "oppTTOIL1": 59.83
    },
    "phi": {
        "ttoi": 2421.5899999999992,
        "ttoiL10": 610.21,
        "ttoiL5": 301.8,
        "ttoiL3": 184.7,
        "ttoiL1": 59.83,
        "oppTTOI": 2417.5699999999993,
        "oppTTOIL10": 598.6899999999999,
        "oppTTOIL5": 296.71,
        "oppTTOIL3": 176.70999999999998,
        "oppTTOIL1": 57.5
    },
    "pit": {
        "ttoi": 2344.52,
        "ttoiL10": 601.95,
        "ttoiL5": 295.78000000000003,
        "ttoiL3": 178.3,
        "ttoiL1": 60.0,
        "oppTTOI": 2343.63,
        "oppTTOIL10": 596.89,
        "oppTTOIL5": 294.74,
        "oppTTOIL3": 177.42,
        "oppTTOIL1": 58.82
    },
    "bos": {
        "ttoi": 2360.29,
        "ttoiL10": 602.59,
        "ttoiL5": 302.2,
        "ttoiL3": 182.32,
        "ttoiL1": 65.0,
        "oppTTOI": 2334.2899999999995,
        "oppTTOIL10": 586.74,
        "oppTTOIL5": 292.21000000000004,
        "oppTTOIL3": 175.19,
        "oppTTOIL1": 58.93
    },
    "cbj": {
        "ttoi": 2409.8400000000006,
        "ttoiL10": 616.06,
        "ttoiL5": 312.34,
        "ttoiL3": 188.07999999999998,
        "ttoiL1": 63.08,
        "oppTTOI": 2470.7299999999996,