{
    "pit": {
        "ttoi": 3783.97,
        "ttoiL10": 597.74,
        "ttoiL5": 299.19,
        "ttoiL3": 179.19,
        "ttoiL1": 59.3,
        "oppTTOI": 3788.3799999999997,
        "oppTTOIL10": 602.1700000000001,
        "oppTTOIL5": 298.27,
        "oppTTOIL3": 178.32,
        "oppTTOIL1": 59.5
    },
    "edm": {
        "ttoi": 3780.15,
        "ttoiL10": 606.92,
        "ttoiL5": 304.17999999999995,
        "ttoiL3": 182.77999999999997,
        "ttoiL1": 58.73,
        "oppTTOI": 3783.8,
        "oppTTOIL10": 595.47,
        "oppTTOIL5": 296.22,
        "oppTTOIL3": 178.55,
        "oppTTOIL1": 59.3
    },
    "bos": {
        "ttoi": 4006.110000000001,
        "ttoiL10": 614.8,
        "ttoiL5": 301.38,
        "ttoiL3": 181.38,
        "ttoiL1": 59.08,
        "oppTTOI": 3981.76,
        "oppTTOIL10": 596.5799999999999,
        "oppTTOIL5": 297.54,
        "oppTTOIL3": 179.43,
        "oppTTOIL1": 60.0
    },
    "wsh": {
        "ttoi": 3696.3699999999994,
        "ttoiL10": 600.33,
        "ttoiL5": 297.34000000000003,
        "ttoiL3": 177.56,
        "ttoiL1": 59.73,
        "oppTTOI": 3736.6400000000003,
        "oppTTOIL10": 591.1,
        "oppTTOIL5": 295.9,
        "oppTTOIL3": 177.37,
        "oppTTOIL1": 59.89
    },
    "cbj": {
        "ttoi": 3771.990000000001,
        "ttoiL10": 584.01,
        "ttoiL5": 296.69,
        "ttoiL3": 176.76999999999998,
        "ttoiL1": 58.05,
        "oppTTOI": 3846.9100000000003,
        "oppTTOIL10": 598.06,
        "oppTTOIL5": 296.73,
        "oppTTOIL3": 179.72,
        "oppTTOIL1": 60.0
    },
    "cgy": {
        "ttoi": 3843.1400000000003,
        "ttoiL10": 601.9000000000001,
        "ttoiL5": 298.1,
        "ttoiL3": 180.0,
        "ttoiL1": 60.0,
        "oppTTOI": 3839.059999999999,
        "oppTTOIL10": 593.8,
        "oppTTOIL5": 295.90000000000003,
        "oppTTOIL3": 176.65,
        "oppTTOIL1": 59.25
    },
    "sea": {
        "ttoi": 3815.16,
        "ttoiL10": 602.21,
        "ttoiL5": 296.74,
        "ttoiL3": 178.39000000000001,
        "ttoiL1": 59.27,
        "oppTTOI": 3806.56,
        "oppTTOIL10": 601.26,
        "oppTTOIL5": 297.48,
        "oppTTOIL3": 177.6,
        "oppTTOIL1": 57.6
    },
    "van": {
        "ttoi": 3968.2000000000003,
        "ttoiL10": 597.68,
        "ttoiL5": 300.74,
        "ttoiL3": 180.79,
        "ttoiL1": 59.690000000000005,
        "oppTTOI": 3946.7400000000002,
        "oppTTOIL10": 591.52,
        "oppTTOIL5": 296.72,
        "oppTTOIL3": 180.54,
        "oppTTOIL1": 61.7
    },
    "phi": {
        "ttoi": 3922.2499999999995,
        "ttoiL10": 597.78,
        "ttoiL5": 304.81,
        "ttoiL3": 184.81,
        "ttoiL1": 59.89,
        "oppTTOI": 3912.0000000000005,
        "oppTTOIL10": 600.85,
        "oppTTOIL5": 305.53999999999996,
        "oppTTOIL3": 183.85,
        "oppTTOIL1": 60.0
    },
    "mtl": {
        "ttoi": 3877.220000000001,
        "ttoiL10": 600.5,
        "ttoiL5": 307.6,
        "ttoiL3": 177.68,
        "ttoiL1": 57.88,
        "oppTTOI": 3879.07,
        "oppTTOIL10": 605.7700000000001,
        "oppTTOIL5": 303.8,
        "oppTTOIL3": 187.72,
        "oppTTOIL1": 60.0
    },
    "nyi": {
        "ttoi": 3800.5899999999992,
        "ttoiL10": 599.3,
        "ttoiL5": 299.55,
        "ttoiL3": 179.55,
        "ttoiL1": 59.55,
        "oppTTOI": 3735.3899999999994,
        "oppTTOIL10": 601.49,
        "oppTTOIL5": 300.14,
        "oppTTOIL3": 180.95,
        "oppTTOIL1": 60.95
    },
    "la": {
        "ttoi": 3795.520000000001,
        "ttoiL10": 600.74,
        "ttoiL5": 301.72,
        "ttoiL3": 181.72,
        "ttoiL1": 58.7,
        "oppTTOI": 3803.4099999999994,
        "oppTTOIL10": 612.19,
        "oppTTOIL5": 310.07000000000005,
        "oppTTOIL3": 186.12,
        "oppTTOIL1": 57.37
    },
    "chi": {
        "ttoi": 3883.17,
        "ttoiL10": 597.75,
        "ttoiL5": 299.53999999999996,
        "ttoiL3": 180.0,
        "ttoiL1": 60.0,
        "oppTTOI": 3894.08,
        "oppTTOIL10": 600.0500000000001,
        "oppTTOIL5": 300.76,
        "oppTTOIL3": 175.85999999999999,
        "oppTTOIL1": 59.98
    },
    "fla": {
        "ttoi": 3895.1199999999994,
        "ttoiL10": 608.84,
        "ttoiL5": 299.25,
        "ttoiL3": 179.63,
        "ttoiL1": 60.0,
        "oppTTOI": 3829.349999999999,
        "oppTTOIL10": 593.07,
        "oppTTOIL5": 300.37,
        "oppTTOIL3": 182.44,
        "oppTTOIL1": 59.97
    },
    "wpg": {
        "ttoi": 3782.8700000000003,
        "ttoiL10": 596.68,
        "ttoiL5": 297.53,
        "ttoiL3": 177.71,
        "ttoiL1": 59.83,
        "oppTTOI": 3751.6699999999996,
        "oppTTOIL10": 590.3599999999999,
        "oppTTOIL5": 298.96,
        "oppTTOIL3": 177.57999999999998,
        "oppTTOIL1": 58.58
    },
    "min": {
        "ttoi": 3917.0699999999993,
        "ttoiL10": 602.67,
        "ttoiL5": 304.71,
        "ttoiL3": 186.01,
        "ttoiL1": 63.48,
        "oppTTOI": 3851.6800000000007,
        "oppTTOIL10": 596.2199999999999,
        "oppTTOIL5": 295.05999999999995,
        "oppTTOIL3": 175.27999999999997,
        "oppTTOIL1": 57.73
    },
    "ari": {
        "ttoi": 3892.9900000000002,
        "ttoiL10": 593.63,
        "ttoiL5": 296.35,
        "ttoiL3": 178.62,
        "ttoiL1": 59.82,
        "oppTTOI": 3895.2999999999997,
        "oppTTOIL10": 593.9,
        "oppTTOIL5": 299.43,
        "oppTTOIL3": 179.43,
        "oppTTOIL1": 59.58
    },
    "vgk": {
        "ttoi": 3848.0899999999997,
        "ttoiL10": 597.08,
        "ttoiL5": 293.92,
        "ttoiL3": 175.8,
        "ttoiL1": 60.0,
        "oppTTOI": 3851.649999999999,
        "oppTTOIL10": 604.0200000000001,
        "oppTTOIL5": 301.1,
        "oppTTOIL3": 181.1,
        "oppTTOIL1": 58.83
    },
    "car": {
        "ttoi": 3845.480000000001,
        "ttoiL10": 598.49,
        "ttoiL5": 295.97,
        "ttoiL3": 178.75,
        "ttoiL1": 60.0,
        "oppTTOI": 3848.020000000001,
        "oppTTOIL10": 604.25,
        "oppTTOIL5": 304.6,
        "oppTTOIL3": 185.23,
        "oppTTOIL1": 60.83
    },
    "buf": {
        "ttoi": 3887.3999999999996,
        "ttoiL10": 611.4,
        "ttoiL5": 305.13,
        "ttoiL3": 185.65,
        "ttoiL1": 65.0,
        "oppTTOI": 3901.0400000000004,
        "oppTTOIL10": 598.5300000000001,
        "oppTTOIL5": 294.83000000000004,
        "oppTTOIL3": 177.05,
        "oppTTOIL1": 58.3
    },
    "stl": {
        "ttoi": 3825.3200000000006,
        "ttoiL10": 599.22,
        "ttoiL5": 302.34000000000003,
        "ttoiL3": 177.34,
        "ttoiL1": 60.0,
        "oppTTOI": 3836.820000000001,
        "oppTTOIL10": 597.6800000000001,
        "oppTTOIL5": 296.6,
        "oppTTOIL3": 177.4,
        "oppTTOIL1": 60.0
    },
    "ott": {
        "ttoi": 3715.5299999999997,
        "ttoiL10": 601.68,
        "ttoiL5": 295.08,
        "ttoiL3": 178.0,
        "ttoiL1": 57.22,
        "oppTTOI": 3712.689999999999,
        "oppTTOIL10": 600.59,
        "oppTTOIL5": 300.75,
        "oppTTOIL3": 181.07,
        "oppTTOIL1": 61.17
    },
    "tor": {
        "ttoi": 3869.0099999999998,
        "ttoiL10": 606.54,
        "ttoiL5": 307.44,
        "ttoiL3": 184.26,
        "ttoiL1": 60.0,
        "oppTTOI": 3877.319999999999,
        "oppTTOIL10": 603.98,
        "oppTTOIL5": 303.33000000000004,
        "oppTTOIL3": 183.33,
        "oppTTOIL1": 58.95
    },
    "tb": {
        "ttoi": 3886.250000000001,
        "ttoiL10": 595.09,
        "ttoiL5": 300.54,
        "ttoiL3": 183.71,
        "ttoiL1": 59.38,
        "oppTTOI": 3899.750000000001,
        "oppTTOIL10": 594.9799999999999,
        "oppTTOIL5": 296.75,
        "oppTTOIL3": 177.18,
        "oppTTOIL1": 58.43
    },
    "nsh": {
        "ttoi": 3940.3399999999992,
        "ttoiL10": 602.99,
        "ttoiL5": 303.72,
        "ttoiL3": 183.52,
        "ttoiL1": 63.52,
        "oppTTOI": 3937.9700000000007,
        "oppTTOIL10": 597.74,
        "oppTTOIL5": 299.61,
        "oppTTOIL3": 184.1,