{
    "ana": {
        "ttoi": 4951.67,
        "ttoiL10": 604.5799999999999,
        "ttoiL5": 306.34,
        "ttoiL3": 182.57999999999998,
        "ttoiL1": 59.58,
        "oppTTOI": 4953.419999999999,
        "oppTTOIL10": 609.07,
        "oppTTOIL5": 310.94,
        "oppTTOIL3": 186.22,
        "oppTTOIL1": 63.17
    },
    "la": {
        "ttoi": 5020.16,
        "ttoiL10": 600.23,
        "ttoiL5": 305.06,
        "ttoiL3": 187.59,
        "ttoiL1": 67.87,
        "oppTTOI": 5000.56,
        "oppTTOIL10": 610.99,
        "oppTTOIL5": 307.24,
        "oppTTOIL3": 177.69,
        "oppTTOIL1": 59.58
    },
    "van": {
        "ttoi": 4930.300000000001,
        "ttoiL10": 603.56,
        "ttoiL5": 305.27,
        "ttoiL3": 180.27,
        "ttoiL1": 61.32,
        "oppTTOI": 4952.44,
        "oppTTOIL10": 598.61,
        "oppTTOIL5": 297.3,
        "oppTTOIL3": 177.2,
        "oppTTOIL1": 58.75
    },
    "col": {
        "ttoi": 4929.84,
        "ttoiL10": 606.3000000000001,
        "ttoiL5": 305.53,
        "ttoiL3": 181.28,
        "ttoiL1": 59.93,
        "oppTTOI": 4951.909999999999,
        "oppTTOIL10": 609.45,
        "oppTTOIL5": 308.22,
        "oppTTOIL3": 184.25,
        "oppTTOIL1": 64.25
    },
    "ari": {
        "ttoi": 4949.5599999999995,
        "ttoiL10": 603.2900000000001,
        "ttoiL5": 304.22,
        "ttoiL3": 184.22,
        "ttoiL1": 61.05,
        "oppTTOI": 4954.780000000002,
        "oppTTOIL10": 605.0899999999999,
        "oppTTOIL5": 306.71,
        "oppTTOIL3": 187.47,
        "oppTTOIL1": 63.98
    },
    "edm": {
        "ttoi": 5001.219999999999,
        "ttoiL10": 609.95,
        "ttoiL5": 310.09999999999997,
        "ttoiL3": 190.09999999999997,
        "ttoiL1": 69.32,
        "oppTTOI": 4984.679999999998,
        "oppTTOIL10": 594.56,
        "oppTTOIL5": 297.03,
        "oppTTOIL3": 179.78,
        "oppTTOIL1": 59.78
    },
    "cgy": {
        "ttoi": 4954.629999999999,
        "ttoiL10": 607.6,
        "ttoiL5": 306.95,
        "ttoiL3": 189.9,
        "ttoiL1": 59.9,
        "oppTTOI": 4957.65,
        "oppTTOIL10": 605.99,
        "oppTTOIL5": 304.34000000000003,
        "oppTTOIL3": 178.77,
        "oppTTOIL1": 58.77
    },
    "sea": {
        "ttoi": 4938.120000000001,
        "ttoiL10": 594.9499999999999,
        "ttoiL5": 297.08,
        "ttoiL3": 177.38,
        "ttoiL1": 58.65,
        "oppTTOI": 4885.709999999999,
        "oppTTOIL10": 593.34,
        "oppTTOIL5": 298.67,
        "oppTTOIL3": 177.75,
        "oppTTOIL1": 59.92
    },
    "stl": {
        "ttoi": 4922.600000000001,
        "ttoiL10": 600.07,
        "ttoiL5": 298.09000000000003,
        "ttoiL3": 176.82,
        "ttoiL1": 57.92,
        "oppTTOI": 4922.289999999999,
        "oppTTOIL10": 601.67,
        "oppTTOIL5": 298.15,
        "oppTTOIL3": 177.75,
        "oppTTOIL1": 59.55
    },
    "wpg": {
        "ttoi": 4899.630000000002,
        "ttoiL10": 598.0400000000001,
        "ttoiL5": 298.36,
        "ttoiL3": 179.53,
        "ttoiL1": 59.53,
        "oppTTOI": 4887.839999999999,
        "oppTTOIL10": 592.16,
        "oppTTOIL5": 294.06,
        "oppTTOIL3": 175.67,
        "oppTTOIL1": 57.52
    },
    "cbj": {
        "ttoi": 4917.8600000000015,
        "ttoiL10": 604.1199999999999,
        "ttoiL5": 305.43,
        "ttoiL3": 185.60000000000002,
        "ttoiL1": 60.0,
        "oppTTOI": 4929.920000000002,
        "oppTTOIL10": 600.9,
        "oppTTOIL5": 302.46999999999997,
        "oppTTOIL3": 181.82,
        "oppTTOIL1": 59.82
    },
    "nyi": {
        "ttoi": 4980.18,
        "ttoiL10": 597.38,
        "ttoiL5": 294.87,
        "ttoiL3": 175.27,
        "ttoiL1": 58.4,
        "oppTTOI": 4979.3,
        "oppTTOIL10": 600.5699999999999,
        "oppTTOIL5": 300.0,
        "oppTTOIL3": 180.0,
        "oppTTOIL1": 60.0
    },
    "nsh": {
        "ttoi": 4936.879999999999,
        "ttoiL10": 606.62,
        "ttoiL5": 303.88,
        "ttoiL3": 186.01,
        "ttoiL1": 58.38,
        "oppTTOI": 4935.31,
        "oppTTOIL10": 605.3199999999999,
        "oppTTOIL5": 303.12,
        "oppTTOIL3": 183.14999999999998,
        "oppTTOIL1": 59.32
    },
    "mtl": {
        "ttoi": 4864.009999999998,
        "ttoiL10": 598.63,
        "ttoiL5": 296.72,
        "ttoiL3": 177.68,
        "ttoiL1": 59.18,
        "oppTTOI": 4880.72,
        "oppTTOIL10": 603.9399999999999,
        "oppTTOIL5": 299.89,
        "oppTTOIL3": 180.42000000000002,
        "oppTTOIL1": 60.0
    },
    "wsh": {
        "ttoi": 4915.820000000001,
        "ttoiL10": 603.76,
        "ttoiL5": 300.53999999999996,
        "ttoiL3": 183.32999999999998,
        "ttoiL1": 64.55,
        "oppTTOI": 4943.1,
        "oppTTOIL10": 606.65,
        "oppTTOIL5": 300.57,
        "oppTTOIL3": 180.57,
        "oppTTOIL1": 61.15
    },
    "chi": {
        "ttoi": 4839.2699999999995,
        "ttoiL10": 595.5400000000001,
        "ttoiL5": 299.92,
        "ttoiL3": 180.67000000000002,
        "ttoiL1": 62.47,
        "oppTTOI": 4929.57,
        "oppTTOIL10": 604.98,
        "oppTTOIL5": 300.26,
        "oppTTOIL3": 180.38,
        "oppTTOIL1": 59.83
    },
    "car": {
        "ttoi": 5009.53,
        "ttoiL10": 598.5899999999999,
        "ttoiL5": 294.82,
        "ttoiL3": 179.8,
        "ttoiL1": 60.0,
        "oppTTOI": 4998.31,
        "oppTTOIL10": 606.54,
        "oppTTOIL5": 306.05,
        "oppTTOIL3": 181.05,
        "oppTTOIL1": 60.0
    },
    "tb": {
        "ttoi": 4921.120000000001,
        "ttoiL10": 594.23,
        "ttoiL5": 295.81,
        "ttoiL3": 175.81,
        "ttoiL1": 60.0,
        "oppTTOI": 4925.239999999998,
        "oppTTOIL10": 600.5999999999999,
        "oppTTOIL5": 301.02,
        "oppTTOIL3": 182.62,
        "oppTTOIL1": 59.72
    },
    "fla": {
        "ttoi": 4951.440000000001,
        "ttoiL10": 598.21,
        "ttoiL5": 298.6,
        "ttoiL3": 178.72,
        "ttoiL1": 57.17,
        "oppTTOI": 4968.7699999999995,
        "oppTTOIL10": 596.7299999999999,
        "oppTTOIL5": 298.75,
        "oppTTOIL3": 178.75,
        "oppTTOIL1": 61.7
    },
    "buf": {
        "ttoi": 4941.210000000001,
        "ttoiL10": 615.0100000000001,
        "ttoiL5": 304.35,
        "ttoiL3": 179.35,
        "ttoiL1": 60.0,
        "oppTTOI": 4930.219999999999,
        "oppTTOIL10": 599.8299999999999,
        "oppTTOIL5": 298.46,
        "oppTTOIL3": 178.98,
        "oppTTOIL1": 60.0
    },
    "vgk": {
        "ttoi": 4954.620000000001,
        "ttoiL10": 613.4999999999999,
        "ttoiL5": 307.76,
        "ttoiL3": 184.26,
        "ttoiL1": 59.58,
        "oppTTOI": 4933.950000000001,
        "oppTTOIL10": 606.68,
        "oppTTOIL5": 304.2,
        "oppTTOIL3": 184.2,
        "oppTTOIL1": 59.28
    },
    "pit": {
        "ttoi": 4925.389999999999,
        "ttoiL10": 593.8599999999999,
        "ttoiL5": 298.01,
        "ttoiL3": 178.01,
        "ttoiL1": 61.0,
        "oppTTOI": 4926.269999999999,
        "oppTTOIL10": 600.0999999999999,
        "oppTTOIL5": 297.52,
        "oppTTOIL3": 177.92,
        "oppTTOIL1": 60.0
    },
    "dal": {
        "ttoi": 5040.74,
        "ttoiL10": 632.0,
        "ttoiL5": 336.90000000000003,
        "ttoiL3": 211.98,
        "ttoiL1": 92.08,
        "oppTTOI": 4975.93,
        "oppTTOIL10": 603.79,
        "oppTTOIL5": 300.46,
        "oppTTOIL3": 184.55,
        "oppTTOIL1": 64.9
    },
    "phi": {
        "ttoi": 4832.920000000001,
        "ttoiL10": 603.18,
        "ttoiL5": 305.08,
        "ttoiL3": 185.07999999999998,
        "ttoiL1": 63.15,
        "oppTTOI": 4864.77,
        "oppTTOIL10": 604.0699999999999,
        "oppTTOIL5": 304.4,
        "oppTTOIL3": 179.82,
        "oppTTOIL1": 59.82
    },
    "nj": {
        "ttoi": 4942.339999999999,
        "ttoiL10": 599.0699999999999,
        "ttoiL5": 302.32,
        "ttoiL3": 182.39999999999998,
        "ttoiL1": 64.44999999999999,
        "oppTTOI": 4935.869999999999,
        "oppTTOIL10": 591.5400000000001,
        "oppTTOIL5": 296.84000000000003,