{
    "pit": {
        "ttoi": 3664.67,
        "ttoiL10": 596.76,
        "ttoiL5": 296.74,
        "ttoiL3": 179.89,
        "ttoiL1": 59.89,
        "oppTTOI": 3670.5699999999997,
        "oppTTOIL10": 602.1700000000001,
        "oppTTOIL5": 298.27,
        "oppTTOIL3": 178.32,
        "oppTTOIL1": 59.5
    },
    "wsh": {
        "ttoi": 3636.64,
        "ttoiL10": 598.65,
        "ttoiL5": 297.61,
        "ttoiL3": 177.82999999999998,
        "ttoiL1": 59.9,
        "oppTTOI": 3676.640000000001,
        "oppTTOIL10": 596.02,
        "oppTTOIL5": 293.25,
        "oppTTOIL3": 177.37,
        "oppTTOIL1": 59.89
    },
    "cbj": {
        "ttoi": 3713.940000000001,
        "ttoiL10": 585.9599999999999,
        "ttoiL5": 295.27,
        "ttoiL3": 178.64,
        "ttoiL1": 60.0,
        "oppTTOI": 3786.9100000000003,
        "oppTTOIL10": 598.06,
        "oppTTOIL5": 296.73,
        "oppTTOIL3": 179.72,
        "oppTTOIL1": 60.0
    },
    "edm": {
        "ttoi": 3656.42,
        "ttoiL10": 606.1899999999999,
        "ttoiL5": 304.71999999999997,
        "ttoiL3": 180.45,
        "ttoiL1": 59.05,
        "oppTTOI": 3659.5000000000005,
        "oppTTOIL10": 596.1700000000001,
        "oppTTOIL5": 296.17,
        "oppTTOIL3": 176.92000000000002,
        "oppTTOIL1": 60.0
    },
    "cgy": {
        "ttoi": 3723.1400000000003,
        "ttoiL10": 600.63,
        "ttoiL5": 297.96999999999997,
        "ttoiL3": 178.1,
        "ttoiL1": 60.0,
        "oppTTOI": 3719.059999999999,
        "oppTTOIL10": 598.52,
        "oppTTOIL5": 295.90000000000003,
        "oppTTOIL3": 176.65,
        "oppTTOIL1": 59.25
    },
    "sea": {
        "ttoi": 3755.8899999999994,
        "ttoiL10": 607.94,
        "ttoiL5": 302.47,
        "ttoiL3": 177.47,
        "ttoiL1": 60.0,
        "oppTTOI": 3746.56,
        "oppTTOIL10": 601.26,
        "oppTTOIL5": 297.48,
        "oppTTOIL3": 177.6,
        "oppTTOIL1": 57.6
    },
    "van": {
        "ttoi": 3908.5099999999998,
        "ttoiL10": 594.64,
        "ttoiL5": 301.8,
        "ttoiL3": 181.05,
        "ttoiL1": 60.0,
        "oppTTOI": 3886.9100000000003,
        "oppTTOIL10": 591.52,
        "oppTTOIL5": 296.72,
        "oppTTOIL3": 180.54,
        "oppTTOIL1": 61.7
    },
    "phi": {
        "ttoi": 3862.3599999999997,
        "ttoiL10": 598.79,
        "ttoiL5": 304.92,
        "ttoiL3": 184.92000000000002,
        "ttoiL1": 60.0,
        "oppTTOI": 3852.6200000000003,
        "oppTTOIL10": 600.85,
        "oppTTOIL5": 305.53999999999996,
        "oppTTOIL3": 183.85,
        "oppTTOIL1": 60.0
    },
    "mtl": {
        "ttoi": 3819.340000000001,
        "ttoiL10": 602.62,
        "ttoiL5": 309.72,
        "ttoiL3": 184.8,
        "ttoiL1": 59.52,
        "oppTTOI": 3819.07,
        "oppTTOIL10": 605.7700000000001,
        "oppTTOIL5": 303.8,
        "oppTTOIL3": 187.72,
        "oppTTOIL1": 60.0
    },
    "nyi": {
        "ttoi": 3741.0399999999995,
        "ttoiL10": 604.75,
        "ttoiL5": 302.9,
        "ttoiL3": 180.0,
        "ttoiL1": 60.0,
        "oppTTOI": 3676.5699999999997,
        "oppTTOIL10": 603.84,
        "oppTTOIL5": 300.09,
        "oppTTOIL3": 180.95,
        "oppTTOIL1": 60.95
    },
    "la": {
        "ttoi": 3736.8200000000006,
        "ttoiL10": 601.91,
        "ttoiL5": 301.45,
        "ttoiL3": 183.02,
        "ttoiL1": 61.42,
        "oppTTOI": 3743.4099999999994,
        "oppTTOIL10": 612.19,
        "oppTTOIL5": 310.07000000000005,
        "oppTTOIL3": 186.12,
        "oppTTOIL1": 57.37
    },
    "chi": {
        "ttoi": 3763.17,
        "ttoiL10": 597.15,
        "ttoiL5": 301.26,
        "ttoiL3": 179.54,
        "ttoiL1": 60.0,
        "oppTTOI": 3774.5299999999997,
        "oppTTOIL10": 597.96,
        "oppTTOIL5": 300.76,
        "oppTTOIL3": 175.85999999999999,
        "oppTTOIL1": 59.98
    },
    "fla": {
        "ttoi": 3835.12,
        "ttoiL10": 608.84,
        "ttoiL5": 304.25,
        "ttoiL3": 179.63,
        "ttoiL1": 59.63,
        "oppTTOI": 3769.3499999999995,
        "oppTTOIL10": 593.07,
        "oppTTOIL5": 300.37,
        "oppTTOIL3": 182.44,
        "oppTTOIL1": 59.97
    },
    "wpg": {
        "ttoi": 3663.0400000000004,
        "ttoiL10": 596.29,
        "ttoiL5": 296.33,
        "ttoiL3": 177.7,
        "ttoiL1": 57.88,
        "oppTTOI": 3632.71,
        "oppTTOIL10": 590.3599999999999,
        "oppTTOIL5": 298.96,
        "oppTTOIL3": 177.57999999999998,
        "oppTTOIL1": 58.58
    },
    "min": {
        "ttoi": 3791.0599999999995,
        "ttoiL10": 597.9200000000001,
        "ttoiL5": 297.19,
        "ttoiL3": 178.7,
        "ttoiL1": 60.0,
        "oppTTOI": 3725.6300000000006,
        "oppTTOIL10": 596.2199999999999,
        "oppTTOIL5": 295.05999999999995,
        "oppTTOIL3": 175.27999999999997,
        "oppTTOIL1": 57.73
    },
    "ari": {
        "ttoi": 3773.17,
        "ttoiL10": 590.18,
        "ttoiL5": 294.73,
        "ttoiL3": 176.53,
        "ttoiL1": 58.8,
        "oppTTOI": 3775.3,
        "oppTTOIL10": 593.9,
        "oppTTOIL5": 296.26,
        "oppTTOIL3": 179.43,
        "oppTTOIL1": 59.58
    },
    "vgk": {
        "ttoi": 3788.09,
        "ttoiL10": 595.23,
        "ttoiL5": 293.92,
        "ttoiL3": 175.77,
        "ttoiL1": 57.42,
        "oppTTOI": 3793.519999999999,
        "oppTTOIL10": 604.0200000000001,
        "oppTTOIL5": 301.1,
        "oppTTOIL3": 181.1,
        "oppTTOIL1": 58.83
    },
    "car": {
        "ttoi": 3725.600000000001,
        "ttoiL10": 598.61,
        "ttoiL5": 301.09000000000003,
        "ttoiL3": 176.09,
        "ttoiL1": 58.87,
        "oppTTOI": 3729.1000000000004,
        "oppTTOIL10": 603.9,
        "oppTTOIL5": 304.6,
        "oppTTOIL3": 185.23,
        "oppTTOIL1": 60.83
    },
    "buf": {
        "ttoi": 3822.4,
        "ttoiL10": 605.28,
        "ttoiL5": 301.83,
        "ttoiL3": 180.13,
        "ttoiL1": 56.78,
        "oppTTOI": 3836.04,
        "oppTTOIL10": 598.5300000000001,
        "oppTTOIL5": 294.83000000000004,
        "oppTTOIL3": 177.05,
        "oppTTOIL1": 58.3
    },
    "bos": {
        "ttoi": 3947.030000000001,
        "ttoiL10": 620.3000000000001,
        "ttoiL5": 302.3,
        "ttoiL3": 182.3,
        "ttoiL1": 60.0,
        "oppTTOI": 3921.7599999999998,
        "oppTTOIL10": 596.5799999999999,
        "oppTTOIL5": 296.12,
        "oppTTOIL3": 178.61,
        "oppTTOIL1": 60.0
    },
    "stl": {
        "ttoi": 3765.32,
        "ttoiL10": 597.0500000000001,
        "ttoiL5": 306.54,
        "ttoiL3": 182.34,
        "ttoiL1": 57.97,
        "oppTTOI": 3776.820000000001,
        "oppTTOIL10": 597.6800000000001,
        "oppTTOIL5": 296.6,
        "oppTTOIL3": 177.4,
        "oppTTOIL1": 60.0
    },
    "ott": {
        "ttoi": 3658.3100000000004,
        "ttoiL10": 604.46,
        "ttoiL5": 297.86,
        "ttoiL3": 178.63,
        "ttoiL1": 62.0,
        "oppTTOI": 3652.7699999999995,
        "oppTTOIL10": 600.4200000000001,
        "oppTTOIL5": 300.75,
        "oppTTOIL3": 181.07,
        "oppTTOIL1": 61.17
    },
    "tor": {
        "ttoi": 3809.0099999999998,
        "ttoiL10": 606.54,
        "ttoiL5": 307.44,
        "ttoiL3": 182.64,
        "ttoiL1": 59.93,
        "oppTTOI": 3819.4399999999987,
        "oppTTOIL10": 603.98,
        "oppTTOIL5": 303.33000000000004,
        "oppTTOIL3": 183.33,
        "oppTTOIL1": 58.95
    },
    "tb": {
        "ttoi": 3826.870000000001,
        "ttoiL10": 595.5600000000001,
        "ttoiL5": 301.11,
        "ttoiL3": 185.48,
        "ttoiL1": 59.8,
        "oppTTOI": 3839.860000000001,
        "oppTTOIL10": 594.9799999999999,
        "oppTTOIL5": 296.75,
        "oppTTOIL3": 177.18,
        "oppTTOIL1": 58.43
    },
    "nsh": {
        "ttoi": 3816.8199999999993,
        "ttoiL10": 599.3399999999999,
        "ttoiL5": 300.2,
        "ttoiL3": 180.2,
        "ttoiL1": 60.0,
        "oppTTOI": 3816.4400000000005,
        "oppTTOIL10": 597.74,
        "oppTTOIL5": 299.61,
        "oppTTOIL3": 184.1,