{
    "ana": {
        "ttoi": 4645.330000000001,
        "ttoiL10": 593.7,
        "ttoiL5": 298.24,
        "ttoiL3": 178.69,
        "ttoiL1": 58.77,
        "oppTTOI": 4646.579999999999,
        "oppTTOIL10": 602.97,
        "oppTTOIL5": 307.77,
        "oppTTOIL3": 183.05,
        "oppTTOIL1": 63.57
    },
    "cgy": {
        "ttoi": 4647.679999999999,
        "ttoiL10": 608.6,
        "ttoiL5": 300.65000000000003,
        "ttoiL3": 182.98000000000002,
        "ttoiL1": 59.53,
        "oppTTOI": 4650.49,
        "oppTTOIL10": 605.99,
        "oppTTOIL5": 304.34000000000003,
        "oppTTOIL3": 178.77,
        "oppTTOIL1": 58.77
    },
    "edm": {
        "ttoi": 4631.12,
        "ttoiL10": 608.2900000000001,
        "ttoiL5": 302.28000000000003,
        "ttoiL3": 179.9,
        "ttoiL1": 60.0,
        "oppTTOI": 4616.65,
        "oppTTOIL10": 594.78,
        "oppTTOIL5": 298.77,
        "oppTTOIL3": 180.0,
        "oppTTOIL1": 60.0
    },
    "sea": {
        "ttoi": 4522.21,
        "ttoiL10": 610.2299999999999,
        "ttoiL5": 304.04,
        "ttoiL3": 179.04000000000002,
        "ttoiL1": 59.17,
        "oppTTOI": 4468.06,
        "oppTTOIL10": 593.27,
        "oppTTOIL5": 298.67,
        "oppTTOIL3": 177.75,
        "oppTTOIL1": 59.92
    },
    "col": {
        "ttoi": 4501.090000000001,
        "ttoiL10": 602.48,
        "ttoiL5": 302.15000000000003,
        "ttoiL3": 177.55,
        "ttoiL1": 60.0,
        "oppTTOI": 4527.450000000001,
        "oppTTOIL10": 604.7700000000001,
        "oppTTOIL5": 305.6,
        "oppTTOIL3": 185.0,
        "oppTTOIL1": 60.0
    },
    "stl": {
        "ttoi": 4624.51,
        "ttoiL10": 606.48,
        "ttoiL5": 301.98,
        "ttoiL3": 183.43,
        "ttoiL1": 63.98,
        "oppTTOI": 4622.859999999999,
        "oppTTOIL10": 601.67,
        "oppTTOIL5": 298.15,
        "oppTTOIL3": 177.75,
        "oppTTOIL1": 59.55
    },
    "wpg": {
        "ttoi": 4601.270000000001,
        "ttoiL10": 595.6,
        "ttoiL5": 299.68,
        "ttoiL3": 179.93,
        "ttoiL1": 60.0,
        "oppTTOI": 4592.669999999999,
        "oppTTOIL10": 592.16,
        "oppTTOIL5": 294.06,
        "oppTTOIL3": 175.67,
        "oppTTOIL1": 57.52
    },
    "van": {
        "ttoi": 4566.959999999999,
        "ttoiL10": 599.63,
        "ttoiL5": 299.59,
        "ttoiL3": 180.22,
        "ttoiL1": 58.05,
        "oppTTOI": 4589.210000000001,
        "oppTTOIL10": 603.81,
        "oppTTOIL5": 300.88,
        "oppTTOIL3": 177.5,
        "oppTTOIL1": 58.12
    },
    "cbj": {
        "ttoi": 4553.4800000000005,
        "ttoiL10": 600.44,
        "ttoiL5": 299.74,
        "ttoiL3": 180.69,
        "ttoiL1": 60.27,
        "oppTTOI": 4564.740000000001,
        "oppTTOIL10": 600.9,
        "oppTTOIL5": 302.46999999999997,
        "oppTTOIL3": 181.82,
        "oppTTOIL1": 59.82
    },
    "nyi": {
        "ttoi": 4685.31,
        "ttoiL10": 601.13,
        "ttoiL5": 302.51,
        "ttoiL3": 184.18,
        "ttoiL1": 59.18,
        "oppTTOI": 4680.700000000001,
        "oppTTOIL10": 600.5699999999999,
        "oppTTOIL5": 300.0,
        "oppTTOIL3": 180.0,
        "oppTTOIL1": 60.0
    },
    "nsh": {
        "ttoi": 4509.63,
        "ttoiL10": 601.4399999999999,
        "ttoiL5": 297.93,
        "ttoiL3": 179.37,
        "ttoiL1": 60.0,
        "oppTTOI": 4505.630000000001,
        "oppTTOIL10": 605.3199999999999,
        "oppTTOIL5": 303.12,
        "oppTTOIL3": 183.14999999999998,
        "oppTTOIL1": 59.32
    },
    "mtl": {
        "ttoi": 4567.289999999999,
        "ttoiL10": 601.15,
        "ttoiL5": 301.90999999999997,
        "ttoiL3": 183.98,
        "ttoiL1": 60.0,
        "oppTTOI": 4584.13,
        "oppTTOIL10": 603.9399999999999,
        "oppTTOIL5": 299.89,
        "oppTTOIL3": 180.42000000000002,
        "oppTTOIL1": 60.0
    },
    "wsh": {
        "ttoi": 4615.280000000002,
        "ttoiL10": 602.7800000000001,
        "ttoiL5": 303.22,
        "ttoiL3": 184.35,
        "ttoiL1": 60.0,
        "oppTTOI": 4642.629999999999,
        "oppTTOIL10": 606.65,
        "oppTTOIL5": 298.65,
        "oppTTOIL3": 180.57,
        "oppTTOIL1": 61.15
    },
    "chi": {
        "ttoi": 4479.349999999999,
        "ttoiL10": 593.42,
        "ttoiL5": 295.4,
        "ttoiL3": 177.25,
        "ttoiL1": 59.73,
        "oppTTOI": 4571.939999999999,
        "oppTTOIL10": 604.98,
        "oppTTOIL5": 300.26,
        "oppTTOIL3": 180.38,
        "oppTTOIL1": 59.83
    },
    "car": {
        "ttoi": 4590.9400000000005,
        "ttoiL10": 598.69,
        "ttoiL5": 302.62,
        "ttoiL3": 180.0,
        "ttoiL1": 60.0,
        "oppTTOI": 4581.76,
        "oppTTOIL10": 606.54,
        "oppTTOIL5": 306.05,
        "oppTTOIL3": 181.05,
        "oppTTOIL1": 60.0
    },
    "tb": {
        "ttoi": 4625.310000000002,
        "ttoiL10": 601.37,
        "ttoiL5": 298.42,
        "ttoiL3": 179.68,
        "ttoiL1": 60.0,
        "oppTTOI": 4626.449999999999,
        "oppTTOIL10": 600.5999999999999,
        "oppTTOIL5": 301.02,
        "oppTTOIL3": 182.62,
        "oppTTOIL1": 59.72
    },
    "fla": {
        "ttoi": 4592.84,
        "ttoiL10": 592.96,
        "ttoiL5": 297.97999999999996,
        "ttoiL3": 180.38,
        "ttoiL1": 60.0,
        "oppTTOI": 4606.229999999999,
        "oppTTOIL10": 596.8,
        "oppTTOIL5": 299.03,
        "oppTTOIL3": 178.75,
        "oppTTOIL1": 61.7
    },
    "la": {
        "ttoi": 4655.519999999998,
        "ttoiL10": 599.42,
        "ttoiL5": 294.66999999999996,
        "ttoiL3": 177.26,
        "ttoiL1": 59.98,
        "oppTTOI": 4632.41,
        "oppTTOIL10": 615.5100000000001,
        "oppTTOIL5": 307.18,
        "oppTTOIL3": 182.66,
        "oppTTOIL1": 58.63
    },
    "buf": {
        "ttoi": 4512.730000000001,
        "ttoiL10": 609.8,
        "ttoiL5": 305.55,
        "ttoiL3": 186.53,
        "ttoiL1": 60.0,
        "oppTTOI": 4502.4,
        "oppTTOIL10": 602.21,
        "oppTTOIL5": 298.46,
        "oppTTOIL3": 178.98,
        "oppTTOIL1": 60.0
    },
    "vgk": {
        "ttoi": 4584.38,
        "ttoiL10": 602.1700000000001,
        "ttoiL5": 303.26,
        "ttoiL3": 180.82999999999998,
        "ttoiL1": 60.0,
        "oppTTOI": 4562.010000000001,
        "oppTTOIL10": 606.68,
        "oppTTOIL5": 304.2,
        "oppTTOIL3": 184.2,
        "oppTTOIL1": 59.28
    },
    "pit": {
        "ttoi": 4627.38,
        "ttoiL10": 590.35,
        "ttoiL5": 295.85,
        "ttoiL3": 177.98,
        "ttoiL1": 60.0,
        "oppTTOI": 4625.829999999998,
        "oppTTOIL10": 600.0999999999999,
        "oppTTOIL5": 297.52,
        "oppTTOIL3": 177.92,
        "oppTTOIL1": 60.0
    },
    "dal": {
        "ttoi": 4584.77,
        "ttoiL10": 595.6500000000001,
        "ttoiL5": 293.75,
        "ttoiL3": 176.03,
        "ttoiL1": 57.35,
        "oppTTOI": 4521.53,
        "oppTTOIL10": 603.79,
        "oppTTOIL5": 300.46,
        "oppTTOIL3": 184.55,
        "oppTTOIL1": 64.9
    },
    "ari": {
        "ttoi": 4645.339999999998,
        "ttoiL10": 602.81,
        "ttoiL5": 299.07,
        "ttoiL3": 175.1,
        "ttoiL1": 59.37,
        "oppTTOI": 4651.100000000001,
        "oppTTOIL10": 599.15,
        "oppTTOIL5": 302.38,
        "oppTTOIL3": 182.81,
        "oppTTOIL1": 63.57
    },
    "phi": {
        "ttoi": 4468.99,
        "ttoiL10": 601.63,
        "ttoiL5": 304.25,
        "ttoiL3": 179.25,
        "ttoiL1": 57.65,
        "oppTTOI": 4497.57,
        "oppTTOIL10": 602.29,
        "oppTTOIL5": 304.4,
        "oppTTOIL3": 179.82,
        "oppTTOIL1": 59.82
    },
    "nj": {
        "ttoi": 4640.019999999999,
        "ttoiL10": 603.0300000000001,
        "ttoiL5": 296.75,
        "ttoiL3": 179.52,
        "ttoiL1": 60.0,
        "oppTTOI": 4633.269999999999,
        "oppTTOIL10": 592.41,
        "oppTTOIL5": 296.66,
        "oppTTOIL3": 178.66,
        "oppTTOIL1": 60.0
    },
    "bos": {
        "ttoi": 4652.2,
        "ttoiL10": 607.38,
        "ttoiL5": 307.90000000000003,