{
    "ana": {
        "ttoi": 2203.15,
        "ttoiL10": 596.2,
        "ttoiL5": 298.68,
        "ttoiL3": 179.03,
        "ttoiL1": 62.2,
        "oppTTOI": 2214.87,
        "oppTTOIL10": 603.32,
        "oppTTOIL5": 302.36,
        "oppTTOIL3": 180.91,
        "oppTTOIL1": 59.48
    },
    "tor": {
        "ttoi": 2188.42,
        "ttoiL10": 600.27,
        "ttoiL5": 299.93,
        "ttoiL3": 180.4,
        "ttoiL1": 61.5,
        "oppTTOI": 2200.61,
        "oppTTOIL10": 623.43,
        "oppTTOIL5": 312.07,
        "oppTTOIL3": 192.07,
        "oppTTOIL1": 62.2
    },
    "edm": {
        "ttoi": 2093.4700000000003,
        "ttoiL10": 597.35,
        "ttoiL5": 303.72,
        "ttoiL3": 184.12,
        "ttoiL1": 59.12,
        "oppTTOI": 2102.57,
        "oppTTOIL10": 602.51,
        "oppTTOIL5": 298.05,
        "oppTTOIL3": 180.0,
        "oppTTOIL1": 60.0
    },
    "ari": {
        "ttoi": 2160.6299999999997,
        "ttoiL10": 600.54,
        "ttoiL5": 302.29,
        "ttoiL3": 182.66,
        "ttoiL1": 59.23,
        "oppTTOI": 2154.85,
        "oppTTOIL10": 596.09,
        "oppTTOIL5": 294.75,
        "oppTTOIL3": 178.15,
        "oppTTOIL1": 56.83
    },
    "vgk": {
        "ttoi": 2295.59,
        "ttoiL10": 594.65,
        "ttoiL5": 289.84999999999997,
        "ttoiL3": 173.95,
        "ttoiL1": 57.0,
        "oppTTOI": 2303.8900000000003,
        "oppTTOIL10": 606.97,
        "oppTTOIL5": 299.85,
        "oppTTOIL3": 179.85,
        "oppTTOIL1": 60.0
    },
    "sea": {
        "ttoi": 2311.79,
        "ttoiL10": 605.9699999999999,
        "ttoiL5": 302.05,
        "ttoiL3": 182.22,
        "ttoiL1": 60.0,
        "oppTTOI": 2310.36,
        "oppTTOIL10": 609.76,
        "oppTTOIL5": 306.68,
        "oppTTOIL3": 189.48000000000002,
        "oppTTOIL1": 59.65
    },
    "cgy": {
        "ttoi": 2226.9,
        "ttoiL10": 600.04,
        "ttoiL5": 296.26,
        "ttoiL3": 177.33,
        "ttoiL1": 59.43,
        "oppTTOI": 2226.43,
        "oppTTOIL10": 594.8399999999999,
        "oppTTOIL5": 296.16999999999996,
        "oppTTOIL3": 176.17,
        "oppTTOIL1": 59.3
    },
    "det": {
        "ttoi": 2274.4900000000002,
        "ttoiL10": 596.2,
        "ttoiL5": 297.82,
        "ttoiL3": 180.01999999999998,
        "ttoiL1": 60.0,
        "oppTTOI": 2287.35,
        "oppTTOIL10": 592.47,
        "oppTTOIL5": 297.07,
        "oppTTOIL3": 177.27,
        "oppTTOIL1": 60.0
    },
    "nj": {
        "ttoi": 2148.24,
        "ttoiL10": 604.65,
        "ttoiL5": 301.0,
        "ttoiL3": 179.23,
        "ttoiL1": 59.35,
        "oppTTOI": 2149.0199999999995,
        "oppTTOIL10": 603.73,
        "oppTTOIL5": 307.53,
        "oppTTOIL3": 185.0,
        "oppTTOIL1": 60.0
    },
    "nyr": {
        "ttoi": 2101.42,
        "ttoiL10": 595.39,
        "ttoiL5": 300.59999999999997,
        "ttoiL3": 178.2,
        "ttoiL1": 60.0,
        "oppTTOI": 2154.6799999999994,
        "oppTTOIL10": 605.0,
        "oppTTOIL5": 302.3,
        "oppTTOIL3": 180.22,
        "oppTTOIL1": 59.45
    },
    "nyi": {
        "ttoi": 2243.47,
        "ttoiL10": 604.89,
        "ttoiL5": 299.44,
        "ttoiL3": 179.57,
        "ttoiL1": 60.54,
        "oppTTOI": 2172.0899999999992,
        "oppTTOIL10": 601.5500000000001,
        "oppTTOIL5": 301.8,
        "oppTTOIL3": 181.8,
        "oppTTOIL1": 58.77
    },
    "wpg": {
        "ttoi": 2164.9700000000003,
        "ttoiL10": 600.1600000000001,
        "ttoiL5": 301.04,
        "ttoiL3": 179.24,
        "ttoiL1": 59.7,
        "oppTTOI": 2146.7500000000005,
        "oppTTOIL10": 590.0799999999999,
        "oppTTOIL5": 295.71,
        "oppTTOIL3": 176.38,
        "oppTTOIL1": 59.58
    },
    "chi": {
        "ttoi": 2215.17,
        "ttoiL10": 601.52,
        "ttoiL5": 305.67,
        "ttoiL3": 184.05,
        "ttoiL1": 59.18,
        "oppTTOI": 2213.8900000000003,
        "oppTTOIL10": 601.0,
        "oppTTOIL5": 297.88,
        "oppTTOIL3": 178.0,
        "oppTTOIL1": 58.38
    },
    "col": {
        "ttoi": 2286.41,
        "ttoiL10": 598.83,
        "ttoiL5": 304.94,
        "ttoiL3": 180.26999999999998,
        "ttoiL1": 60.47,
        "oppTTOI": 2276.73,
        "oppTTOIL10": 607.25,
        "oppTTOIL5": 307.7,
        "oppTTOIL3": 183.75,
        "oppTTOIL1": 59.07
    },
    "wsh": {
        "ttoi": 2135.8799999999997,
        "ttoiL10": 618.2800000000001,
        "ttoiL5": 304.83000000000004,
        "ttoiL3": 184.83,
        "ttoiL1": 59.93,
        "oppTTOI": 2181.2400000000002,
        "oppTTOIL10": 616.69,
        "oppTTOIL5": 311.53000000000003,
        "oppTTOIL3": 182.49,
        "oppTTOIL1": 58.35
    },
    "van": {
        "ttoi": 2221.7799999999997,
        "ttoiL10": 609.5999999999999,
        "ttoiL5": 304.83,
        "ttoiL3": 180.0,
        "ttoiL1": 60.0,
        "oppTTOI": 2208.2299999999996,
        "oppTTOIL10": 590.2199999999999,
        "oppTTOIL5": 291.88,
        "oppTTOIL3": 175.2,
        "oppTTOIL1": 59.6
    },
    "la": {
        "ttoi": 2044.72,
        "ttoiL10": 598.7,
        "ttoiL5": 300.33000000000004,
        "ttoiL3": 180.33,
        "ttoiL1": 57.68,
        "oppTTOI": 2050.9,
        "oppTTOIL10": 600.13,
        "oppTTOIL5": 297.18,
        "oppTTOIL3": 179.19,
        "oppTTOIL1": 59.52
    },
    "mtl": {
        "ttoi": 2251.9900000000002,
        "ttoiL10": 606.3,
        "ttoiL5": 297.20000000000005,
        "ttoiL3": 177.33,
        "ttoiL1": 60.0,
        "oppTTOI": 2243.7200000000003,
        "oppTTOIL10": 605.73,
        "oppTTOIL5": 305.64,
        "oppTTOIL3": 178.42000000000002,
        "oppTTOIL1": 58.42
    },
    "stl": {
        "ttoi": 2145.49,
        "ttoiL10": 593.17,
        "ttoiL5": 297.28000000000003,
        "ttoiL3": 177.3,
        "ttoiL1": 58.47,
        "oppTTOI": 2147.9100000000003,
        "oppTTOIL10": 587.87,
        "oppTTOIL5": 293.75,
        "oppTTOIL3": 175.82999999999998,
        "oppTTOIL1": 57.55
    },
    "fla": {
        "ttoi": 2202.2299999999996,
        "ttoiL10": 592.6800000000001,
        "ttoiL5": 299.53,
        "ttoiL3": 179.53,
        "ttoiL1": 59.9,
        "oppTTOI": 2136.58,
        "oppTTOIL10": 539.76,
        "oppTTOIL5": 300.4,
        "oppTTOIL3": 177.07999999999998,
        "oppTTOIL1": 57.85
    },
    "nsh": {
        "ttoi": 2266.66,
        "ttoiL10": 603.66,
        "ttoiL5": 303.81,
        "ttoiL3": 187.14,
        "ttoiL1": 59.92,
        "oppTTOI": 2273.53,
        "oppTTOIL10": 600.37,
        "oppTTOIL5": 296.12,
        "oppTTOIL3": 178.42000000000002,
        "oppTTOIL1": 59.63
    },
    "sj": {
        "ttoi": 2272.59,
        "ttoiL10": 591.16,
        "ttoiL5": 296.14,
        "ttoiL3": 178.14,
        "ttoiL1": 59.22,
        "oppTTOI": 2282.08,
        "oppTTOIL10": 602.6800000000001,
        "oppTTOIL5": 299.03,
        "oppTTOIL3": 179.46,
        "oppTTOIL1": 59.83
    },
    "phi": {
        "ttoi": 2236.89,
        "ttoiL10": 610.56,
        "ttoiL5": 304.68,
        "ttoiL3": 179.68,
        "ttoiL1": 60.0,
        "oppTTOI": 2234.8699999999994,
        "oppTTOIL10": 591.7099999999999,
        "oppTTOIL5": 296.71,
        "oppTTOIL3": 176.70999999999998,
        "oppTTOIL1": 57.5
    },
    "pit": {
        "ttoi": 2166.22,
        "ttoiL10": 607.45,
        "ttoiL5": 298.65000000000003,
        "ttoiL3": 177.48000000000002,
        "ttoiL1": 57.480000000000004,
        "oppTTOI": 2166.48,
        "oppTTOIL10": 597.39,
        "oppTTOIL5": 296.27,
        "oppTTOIL3": 177.42,
        "oppTTOIL1": 58.82
    },
    "bos": {
        "ttoi": 2177.97,
        "ttoiL10": 610.0999999999999,
        "ttoiL5": 298.15,
        "ttoiL3": 179.88,
        "ttoiL1": 59.88,
        "oppTTOI": 2150.859999999999,
        "oppTTOIL10": 586.74,
        "oppTTOIL5": 292.21000000000004,
        "oppTTOIL3": 175.19,
        "oppTTOIL1": 58.93
    },
    "cbj": {
        "ttoi": 2281.7600000000007,
        "ttoiL10": 551.41,
        "ttoiL5": 306.36,
        "ttoiL3": 184.26,