{
    "pit": {
        "ttoi": 717.05,
        "ttoiL10": 599.55,
        "ttoiL5": 302.4,
        "ttoiL3": 182.7,
        "ttoiL1": 63.75,
        "oppTTOI": 720.27,
        "oppTTOIL10": 596.52,
        "oppTTOIL5": 296.59,
        "oppTTOIL3": 178.82,
        "oppTTOIL1": 60.0
    },
    "la": {
        "ttoi": 788.93,
        "ttoiL10": 604.88,
        "ttoiL5": 303.62,
        "ttoiL3": 183.62,
        "ttoiL1": 63.75,
        "oppTTOI": 787.57,
        "oppTTOIL10": 609.0500000000001,
        "oppTTOIL5": 304.79,
        "oppTTOIL3": 188.42000000000002,
        "oppTTOIL1": 63.75
    },
    "ana": {
        "ttoi": 716.9899999999999,
        "ttoiL10": 597.4899999999999,
        "ttoiL5": 302.0,
        "ttoiL3": 182.26999999999998,
        "ttoiL1": 58.82,
        "oppTTOI": 721.57,
        "oppTTOIL10": 602.0400000000001,
        "oppTTOIL5": 300.33,
        "oppTTOIL3": 178.9,
        "oppTTOIL1": 59.85
    },
    "sj": {
        "ttoi": 777.38,
        "ttoiL10": 592.38,
        "ttoiL5": 299.45,
        "ttoiL3": 179.95,
        "ttoiL1": 60.0,
        "oppTTOI": 778.8900000000001,
        "oppTTOIL10": 596.22,
        "oppTTOIL5": 298.75,
        "oppTTOIL3": 178.75,
        "oppTTOIL1": 59.1
    },
    "ott": {
        "ttoi": 714.69,
        "ttoiL10": 595.5400000000001,
        "ttoiL5": 297.75,
        "ttoiL3": 178.38,
        "ttoiL1": 60.0,
        "oppTTOI": 715.55,
        "oppTTOIL10": 596.5999999999999,
        "oppTTOIL5": 297.65,
        "oppTTOIL3": 179.35,
        "oppTTOIL1": 60.0
    },
    "col": {
        "ttoi": 722.4200000000001,
        "ttoiL10": 598.22,
        "ttoiL5": 298.69,
        "ttoiL3": 179.47,
        "ttoiL1": 59.47,
        "oppTTOI": 718.03,
        "oppTTOIL10": 598.38,
        "oppTTOIL5": 301.95,
        "oppTTOIL3": 185.0,
        "oppTTOIL1": 60.0
    },
    "dal": {
        "ttoi": 721.48,
        "ttoiL10": 591.48,
        "ttoiL5": 293.31,
        "ttoiL3": 173.38,
        "ttoiL1": 60.0,
        "oppTTOI": 720.8399999999999,
        "oppTTOIL10": 599.0999999999999,
        "oppTTOIL5": 300.86,
        "oppTTOIL3": 176.63,
        "oppTTOIL1": 60.0
    },
    "stl": {
        "ttoi": 727.46,
        "ttoiL10": 597.63,
        "ttoiL5": 298.90999999999997,
        "ttoiL3": 179.38,
        "ttoiL1": 60.0,
        "oppTTOI": 722.01,
        "oppTTOIL10": 597.01,
        "oppTTOIL5": 295.37,
        "oppTTOIL3": 175.52,
        "oppTTOIL1": 58.03
    },
    "det": {
        "ttoi": 838.14,
        "ttoiL10": 600.34,
        "ttoiL5": 299.47,
        "ttoiL3": 179.98000000000002,
        "ttoiL1": 63.33,
        "oppTTOI": 845.52,
        "oppTTOIL10": 597.05,
        "oppTTOIL5": 298.19,
        "oppTTOIL3": 176.77,
        "oppTTOIL1": 59.42
    },
    "cgy": {
        "ttoi": 715.3700000000001,
        "ttoiL10": 597.82,
        "ttoiL5": 296.02000000000004,
        "ttoiL3": 178.55,
        "ttoiL1": 59.7,
        "oppTTOI": 718.0500000000001,
        "oppTTOIL10": 599.35,
        "oppTTOIL5": 296.46999999999997,
        "oppTTOIL3": 177.7,
        "oppTTOIL1": 59.7
    },
    "wsh": {
        "ttoi": 667.66,
        "ttoiL10": 607.73,
        "ttoiL5": 302.71000000000004,
        "ttoiL3": 177.84,
        "ttoiL1": 60.25,
        "oppTTOI": 664.37,
        "oppTTOIL10": 600.15,
        "oppTTOIL5": 302.35,
        "oppTTOIL3": 184.3,
        "oppTTOIL1": 60.0
    },
    "chi": {
        "ttoi": 716.43,
        "ttoiL10": 597.25,
        "ttoiL5": 299.71999999999997,
        "ttoiL3": 177.45,
        "ttoiL1": 59.57,
        "oppTTOI": 708.24,
        "oppTTOIL10": 588.24,
        "oppTTOIL5": 295.33,
        "oppTTOIL3": 173.05,
        "oppTTOIL1": 57.5
    },
    "tb": {
        "ttoi": 836.9399999999999,
        "ttoiL10": 600.79,
        "ttoiL5": 294.13,
        "ttoiL3": 176.52,
        "ttoiL1": 55.75,
        "oppTTOI": 840.45,
        "oppTTOIL10": 599.62,
        "oppTTOIL5": 295.73,
        "oppTTOIL3": 178.0,
        "oppTTOIL1": 59.57
    },
    "nj": {
        "ttoi": 716.3800000000001,
        "ttoiL10": 591.4100000000001,
        "ttoiL5": 296.22,
        "ttoiL3": 176.22,
        "ttoiL1": 58.47,
        "oppTTOI": 713.9799999999999,
        "oppTTOIL10": 596.68,
        "oppTTOIL5": 298.58000000000004,
        "oppTTOIL3": 180.68,
        "oppTTOIL1": 57.88
    },
    "fla": {
        "ttoi": 713.63,
        "ttoiL10": 598.38,
        "ttoiL5": 299.77,
        "ttoiL3": 176.35,
        "ttoiL1": 60.25,
        "oppTTOI": 712.25,
        "oppTTOIL10": 593.92,
        "oppTTOIL5": 296.37,
        "oppTTOIL3": 174.94,
        "oppTTOIL1": 60.0
    },
    "ari": {
        "ttoi": 781.4300000000001,
        "ttoiL10": 599.6800000000001,
        "ttoiL5": 303.74,
        "ttoiL3": 180.94,
        "ttoiL1": 58.07,
        "oppTTOI": 787.92,
        "oppTTOIL10": 603.63,
        "oppTTOIL5": 301.24,
        "oppTTOIL3": 181.32,
        "oppTTOIL1": 60.0
    },
    "vgk": {
        "ttoi": 852.6,
        "ttoiL10": 609.32,
        "ttoiL5": 302.19,
        "ttoiL3": 177.86,
        "ttoiL1": 58.38,
        "oppTTOI": 854.1899999999999,
        "oppTTOIL10": 610.9,
        "oppTTOIL5": 302.12,
        "oppTTOIL3": 182.27,
        "oppTTOIL1": 62.27
    },
    "bos": {
        "ttoi": 788.09,
        "ttoiL10": 609.19,
        "ttoiL5": 307.92,
        "ttoiL3": 179.32,
        "ttoiL1": 60.0,
        "oppTTOI": 770.8699999999999,
        "oppTTOIL10": 591.7199999999999,
        "oppTTOIL5": 292.65,
        "oppTTOIL3": 177.54,
        "oppTTOIL1": 59.43
    },
    "tor": {
        "ttoi": 786.8100000000001,
        "ttoiL10": 608.49,
        "ttoiL5": 305.02,
        "ttoiL3": 180.15,
        "ttoiL1": 60.0,
        "oppTTOI": 792.95,
        "oppTTOIL10": 616.57,
        "oppTTOIL5": 307.07000000000005,
        "oppTTOIL3": 184.85000000000002,
        "oppTTOIL1": 60.0
    },
    "mtl": {
        "ttoi": 797.8999999999999,
        "ttoiL10": 614.6299999999999,
        "ttoiL5": 306.77,
        "ttoiL3": 184.01999999999998,
        "ttoiL1": 64.27,
        "oppTTOI": 794.0899999999999,
        "oppTTOIL10": 612.4399999999999,
        "oppTTOIL5": 298.31,
        "oppTTOIL3": 181.43,
        "oppTTOIL1": 58.1
    },
    "phi": {
        "ttoi": 777.6400000000001,
        "ttoiL10": 598.97,
        "ttoiL5": 297.47,
        "ttoiL3": 178.47,
        "ttoiL1": 58.47,
        "oppTTOI": 776.86,
        "oppTTOIL10": 594.85,
        "oppTTOIL5": 297.23,
        "oppTTOIL3": 179.73,
        "oppTTOIL1": 59.73
    },
    "cbj": {
        "ttoi": 778.4899999999999,
        "ttoiL10": 601.3,
        "ttoiL5": 295.13,
        "ttoiL3": 177.91,
        "ttoiL1": 58.43,
        "oppTTOI": 780.18,
        "oppTTOIL10": 597.5799999999999,
        "oppTTOIL5": 294.65,
        "oppTTOIL3": 180.2,
        "oppTTOIL1": 62.33
    },
    "car": {
        "ttoi": 785.05,
        "ttoiL10": 600.6999999999999,
        "ttoiL5": 301.07,
        "ttoiL3": 181.07,
        "ttoiL1": 61.1,
        "oppTTOI": 789.9100000000001,
        "oppTTOIL10": 610.4000000000001,
        "oppTTOIL5": 301.05,
        "oppTTOIL3": 179.65,
        "oppTTOIL1": 59.65
    },
    "edm": {
        "ttoi": 716.34,
        "ttoiL10": 598.71,
        "ttoiL5": 295.7,
        "ttoiL3": 178.12,
        "ttoiL1": 58.12,
        "oppTTOI": 720.3299999999999,
        "oppTTOIL10": 600.3299999999999,
        "oppTTOIL5": 297.9,
        "oppTTOIL3": 178.05,
        "oppTTOIL1": 60.0
    },
    "van": {
        "ttoi": 777.9900000000001,
        "ttoiL10": 600.6400000000001,
        "ttoiL5": 299.11,
        "ttoiL3": 179.38,
        "ttoiL1": 59.38,
        "oppTTOI": 774.1500000000001,
        "oppTTOIL10": 598.5500000000001,
        "oppTTOIL5": 301.79,
        "oppTTOIL3": 179.47,
        "oppTTOIL1": 60.0
    },
    "nsh": {
        "ttoi": 767.1700000000001,
        "ttoiL10": 592.7,
        "ttoiL5": 293.11,
        "ttoiL3": 175.77,
        "ttoiL1": 57.77,
        "oppTTOI": 778.27,
        "oppTTOIL10": 601.48,