{
    "pit": {
        "ttoi": 4080.1399999999994,
        "ttoiL10": 595.36,
        "ttoiL5": 296.17,
        "ttoiL3": 174.15,
        "ttoiL1": 58.03,
        "oppTTOI": 4086.71,
        "oppTTOIL10": 603.9,
        "oppTTOIL5": 297.87,
        "oppTTOIL3": 178.32,
        "oppTTOIL1": 59.5
    },
    "nj": {
        "ttoi": 4167.509999999999,
        "ttoiL10": 589.91,
        "ttoiL5": 296.95,
        "ttoiL3": 178.68,
        "ttoiL1": 60.0,
        "oppTTOI": 4173.6900000000005,
        "oppTTOIL10": 597.57,
        "oppTTOIL5": 294.18,
        "oppTTOIL3": 176.3,
        "oppTTOIL1": 58.03
    },
    "det": {
        "ttoi": 4193.919999999999,
        "ttoiL10": 593.16,
        "ttoiL5": 295.03,
        "ttoiL3": 176.01999999999998,
        "ttoiL1": 60.0,
        "oppTTOI": 4205.969999999998,
        "oppTTOIL10": 597.5799999999999,
        "oppTTOIL5": 299.16,
        "oppTTOIL3": 180.36,
        "oppTTOIL1": 59.22
    },
    "nyr": {
        "ttoi": 4129.259999999999,
        "ttoiL10": 598.91,
        "ttoiL5": 296.59,
        "ttoiL3": 177.57999999999998,
        "ttoiL1": 60.0,
        "oppTTOI": 4185.95,
        "oppTTOIL10": 593.76,
        "oppTTOIL5": 296.85,
        "oppTTOIL3": 178.28,
        "oppTTOIL1": 56.900000000000006
    },
    "sj": {
        "ttoi": 4138.460000000001,
        "ttoiL10": 592.9,
        "ttoiL5": 295.28,
        "ttoiL3": 176.88,
        "ttoiL1": 60.0,
        "oppTTOI": 4148.82,
        "oppTTOIL10": 604.7499999999999,
        "oppTTOIL5": 303.87,
        "oppTTOIL3": 178.87,
        "oppTTOIL1": 59.77
    },
    "ott": {
        "ttoi": 4086.93,
        "ttoiL10": 607.25,
        "ttoiL5": 308.27,
        "ttoiL3": 178.72,
        "ttoiL1": 58.72,
        "oppTTOI": 4083.0699999999993,
        "oppTTOIL10": 602.84,
        "oppTTOIL5": 303.0,
        "oppTTOIL3": 183.42000000000002,
        "oppTTOIL1": 62.25
    },
    "edm": {
        "ttoi": 4027.830000000001,
        "ttoiL10": 611.5600000000001,
        "ttoiL5": 306.41,
        "ttoiL3": 187.88,
        "ttoiL1": 59.6,
        "oppTTOI": 4031.27,
        "oppTTOIL10": 595.47,
        "oppTTOIL5": 296.22,
        "oppTTOIL3": 178.55,
        "oppTTOIL1": 59.3
    },
    "bos": {
        "ttoi": 4304.130000000002,
        "ttoiL10": 599.4,
        "ttoiL5": 298.02,
        "ttoiL3": 178.29999999999998,
        "ttoiL1": 58.48,
        "oppTTOI": 4279.38,
        "oppTTOIL10": 596.5799999999999,
        "oppTTOIL5": 297.54,
        "oppTTOIL3": 179.43,
        "oppTTOIL1": 60.0
    },
    "wsh": {
        "ttoi": 4056.019999999999,
        "ttoiL10": 597.2099999999999,
        "ttoiL5": 299.65,
        "ttoiL3": 180.0,
        "ttoiL1": 60.0,
        "oppTTOI": 4090.440000000001,
        "oppTTOIL10": 591.1,
        "oppTTOIL5": 295.9,
        "oppTTOIL3": 177.37,
        "oppTTOIL1": 59.89
    },
    "cbj": {
        "ttoi": 4077.2900000000004,
        "ttoiL10": 601.99,
        "ttoiL5": 305.3,
        "ttoiL3": 180.3,
        "ttoiL1": 60.8,
        "oppTTOI": 4150.31,
        "oppTTOIL10": 597.63,
        "oppTTOIL5": 296.73,
        "oppTTOIL3": 179.72,
        "oppTTOIL1": 60.0
    },
    "cgy": {
        "ttoi": 4080.3500000000004,
        "ttoiL10": 595.3100000000001,
        "ttoiL5": 297.21000000000004,
        "ttoiL3": 177.21,
        "ttoiL1": 57.43,
        "oppTTOI": 4078.659999999999,
        "oppTTOIL10": 593.8,
        "oppTTOIL5": 295.90000000000003,
        "oppTTOIL3": 176.65,
        "oppTTOIL1": 59.25
    },
    "sea": {
        "ttoi": 4114.15,
        "ttoiL10": 595.7299999999999,
        "ttoiL5": 298.98999999999995,
        "ttoiL3": 177.42,
        "ttoiL1": 59.3,
        "oppTTOI": 4108.139999999999,
        "oppTTOIL10": 601.26,
        "oppTTOIL5": 297.48,
        "oppTTOIL3": 177.6,
        "oppTTOIL1": 57.6
    },
    "van": {
        "ttoi": 4205.85,
        "ttoiL10": 599.1400000000001,
        "ttoiL5": 297.34000000000003,
        "ttoiL3": 177.15,
        "ttoiL1": 60.0,
        "oppTTOI": 4184.86,
        "oppTTOIL10": 591.52,
        "oppTTOIL5": 296.72,
        "oppTTOIL3": 180.54,
        "oppTTOIL1": 61.7
    },
    "phi": {
        "ttoi": 4219.69,
        "ttoiL10": 602.25,
        "ttoiL5": 297.44,
        "ttoiL3": 178.62,
        "ttoiL1": 61.47,
        "oppTTOI": 4207.85,
        "oppTTOIL10": 601.47,
        "oppTTOIL5": 305.53999999999996,
        "oppTTOIL3": 183.85,
        "oppTTOIL1": 60.0
    },
    "mtl": {
        "ttoi": 4180.790000000001,
        "ttoiL10": 611.17,
        "ttoiL5": 303.57,
        "ttoiL3": 183.15,
        "ttoiL1": 60.0,
        "oppTTOI": 4182.570000000001,
        "oppTTOIL10": 605.7700000000001,
        "oppTTOIL5": 303.8,
        "oppTTOIL3": 187.72,
        "oppTTOIL1": 60.0
    },
    "nyi": {
        "ttoi": 4158.739999999999,
        "ttoiL10": 597.7,
        "ttoiL5": 298.63,
        "ttoiL3": 177.48,
        "ttoiL1": 58.57,
        "oppTTOI": 4099.94,
        "oppTTOIL10": 600.41,
        "oppTTOIL5": 300.14,
        "oppTTOIL3": 180.95,
        "oppTTOIL1": 60.95
    },
    "la": {
        "ttoi": 4151.84,
        "ttoiL10": 598.04,
        "ttoiL5": 296.32,
        "ttoiL3": 180.0,
        "ttoiL1": 60.0,
        "oppTTOI": 4161.429999999999,
        "oppTTOIL10": 607.19,
        "oppTTOIL5": 306.12,
        "oppTTOIL3": 181.12,
        "oppTTOIL1": 57.37
    },
    "chi": {
        "ttoi": 4183.0,
        "ttoiL10": 599.37,
        "ttoiL5": 299.83,
        "ttoiL3": 180.0,
        "ttoiL1": 60.0,
        "oppTTOI": 4189.4800000000005,
        "oppTTOIL10": 594.36,
        "oppTTOIL5": 294.83,
        "oppTTOIL3": 177.25,
        "oppTTOIL1": 59.98
    },
    "fla": {
        "ttoi": 4131.139999999999,
        "ttoiL10": 600.27,
        "ttoiL5": 296.02,
        "ttoiL3": 176.01999999999998,
        "ttoiL1": 59.57,
        "oppTTOI": 4066.6699999999996,
        "oppTTOIL10": 593.12,
        "oppTTOIL5": 300.37,
        "oppTTOIL3": 182.44,
        "oppTTOIL1": 59.97
    },
    "wpg": {
        "ttoi": 4138.540000000001,
        "ttoiL10": 593.2,
        "ttoiL5": 295.66999999999996,
        "ttoiL3": 177.14,
        "ttoiL1": 57.22,
        "oppTTOI": 4108.41,
        "oppTTOIL10": 591.9599999999999,
        "oppTTOIL5": 298.96,
        "oppTTOIL3": 177.57999999999998,
        "oppTTOIL1": 58.58
    },
    "min": {
        "ttoi": 4220.619999999999,
        "ttoiL10": 608.26,
        "ttoiL5": 303.54999999999995,
        "ttoiL3": 183.76999999999998,
        "ttoiL1": 58.8,
        "oppTTOI": 4153.030000000001,
        "oppTTOIL10": 588.7900000000001,
        "oppTTOIL5": 294.58,
        "oppTTOIL3": 175.27999999999997,
        "oppTTOIL1": 57.73
    },
    "ari": {
        "ttoi": 4131.57,
        "ttoiL10": 594.9300000000001,
        "ttoiL5": 298.4,
        "ttoiL3": 179.23,
        "ttoiL1": 60.0,
        "oppTTOI": 4132.41,
        "oppTTOIL10": 593.9,
        "oppTTOIL5": 299.43,
        "oppTTOIL3": 179.43,
        "oppTTOIL1": 59.58
    },
    "vgk": {
        "ttoi": 4148.959999999999,
        "ttoiL10": 594.79,
        "ttoiL5": 300.87,
        "ttoiL3": 179.4,
        "ttoiL1": 60.0,
        "oppTTOI": 4152.65,
        "oppTTOIL10": 604.0200000000001,
        "oppTTOIL5": 301.1,
        "oppTTOIL3": 181.1,
        "oppTTOIL1": 58.83
    },
    "car": {
        "ttoi": 4206.110000000001,
        "ttoiL10": 596.6,
        "ttoiL5": 302.63,
        "ttoiL3": 181.2,
        "ttoiL1": 61.2,
        "oppTTOI": 4213.02,
        "oppTTOIL10": 604.25,
        "oppTTOIL5": 304.6,
        "oppTTOIL3": 185.23,
        "oppTTOIL1": 60.83
    },
    "buf": {
        "ttoi": 4241.61,
        "ttoiL10": 599.34,
        "ttoiL5": 295.03999999999996,
        "ttoiL3": 177.82,
        "ttoiL1": 59.45,
        "oppTTOI": 4257.170000000001,
        "oppTTOIL10": 598.5300000000001,
        "oppTTOIL5": 294.83000000000004,
        "oppTTOIL3": 177.05,
        "oppTTOIL1": 58.3
    },
    "stl": {
        "ttoi": 4188.34,
        "ttoiL10": 605.36,