{
    "pit": {
        "ttoi": 4022.1099999999997,
        "ttoiL10": 596.5799999999999,
        "ttoiL5": 297.44,
        "ttoiL3": 175.89000000000001,
        "ttoiL1": 59.22,
        "oppTTOI": 4026.71,
        "oppTTOIL10": 603.9,
        "oppTTOIL5": 297.87,
        "oppTTOIL3": 178.32,
        "oppTTOIL1": 59.5
    },
    "det": {
        "ttoi": 4074.3699999999994,
        "ttoiL10": 591.6800000000001,
        "ttoiL5": 293.61,
        "ttoiL3": 175.48,
        "ttoiL1": 56.47,
        "oppTTOI": 4086.599999999999,
        "oppTTOIL10": 597.5799999999999,
        "oppTTOIL5": 299.16,
        "oppTTOIL3": 180.36,
        "oppTTOIL1": 59.22
    },
    "nyr": {
        "ttoi": 4011.6799999999994,
        "ttoiL10": 597.81,
        "ttoiL5": 298.53,
        "ttoiL3": 179.01,
        "ttoiL1": 60.0,
        "oppTTOI": 4067.5499999999997,
        "oppTTOIL10": 593.76,
        "oppTTOIL5": 296.85,
        "oppTTOIL3": 178.28,
        "oppTTOIL1": 56.900000000000006
    },
    "sj": {
        "ttoi": 4018.46,
        "ttoiL10": 597.03,
        "ttoiL5": 292.7,
        "ttoiL3": 175.28,
        "ttoiL1": 56.88,
        "oppTTOI": 4029.0499999999997,
        "oppTTOIL10": 604.7499999999999,
        "oppTTOIL5": 303.87,
        "oppTTOIL3": 178.87,
        "oppTTOIL1": 59.77
    },
    "ott": {
        "ttoi": 3968.2099999999996,
        "ttoiL10": 607.76,
        "ttoiL5": 309.9,
        "ttoiL3": 189.55,
        "ttoiL1": 60.0,
        "oppTTOI": 3963.2199999999993,
        "oppTTOIL10": 602.84,
        "oppTTOIL5": 303.0,
        "oppTTOIL3": 183.42000000000002,
        "oppTTOIL1": 62.25
    },
    "edm": {
        "ttoi": 3904.9300000000003,
        "ttoiL10": 612.9300000000001,
        "ttoiL5": 307.56,
        "ttoiL3": 183.51,
        "ttoiL1": 64.98,
        "oppTTOI": 3908.6000000000004,
        "oppTTOIL10": 595.47,
        "oppTTOIL5": 296.22,
        "oppTTOIL3": 178.55,
        "oppTTOIL1": 59.3
    },
    "bos": {
        "ttoi": 4185.6500000000015,
        "ttoiL10": 605.9200000000001,
        "ttoiL5": 298.62,
        "ttoiL3": 179.54000000000002,
        "ttoiL1": 59.82,
        "oppTTOI": 4159.380000000001,
        "oppTTOIL10": 596.5799999999999,
        "oppTTOIL5": 297.54,
        "oppTTOIL3": 179.43,
        "oppTTOIL1": 60.0
    },
    "wsh": {
        "ttoi": 3996.0199999999995,
        "ttoiL10": 596.99,
        "ttoiL5": 299.65,
        "ttoiL3": 179.82999999999998,
        "ttoiL1": 60.0,
        "oppTTOI": 4030.440000000001,
        "oppTTOIL10": 591.1,
        "oppTTOIL5": 295.9,
        "oppTTOIL3": 177.37,
        "oppTTOIL1": 59.89
    },
    "cbj": {
        "ttoi": 4016.4900000000007,
        "ttoiL10": 597.82,
        "ttoiL5": 302.55,
        "ttoiL3": 184.5,
        "ttoiL1": 59.63,
        "oppTTOI": 4090.7600000000007,
        "oppTTOIL10": 597.63,
        "oppTTOIL5": 296.73,
        "oppTTOIL3": 179.72,
        "oppTTOIL1": 60.0
    },
    "cgy": {
        "ttoi": 4080.3500000000004,
        "ttoiL10": 595.3100000000001,
        "ttoiL5": 297.21000000000004,
        "ttoiL3": 177.21,
        "ttoiL1": 57.43,
        "oppTTOI": 4078.659999999999,
        "oppTTOIL10": 593.8,
        "oppTTOIL5": 295.90000000000003,
        "oppTTOIL3": 176.65,
        "oppTTOIL1": 59.25
    },
    "sea": {
        "ttoi": 4054.8499999999995,
        "ttoiL10": 601.4300000000001,
        "ttoiL5": 298.96000000000004,
        "ttoiL3": 176.67000000000002,
        "ttoiL1": 60.0,
        "oppTTOI": 4048.14,
        "oppTTOIL10": 601.26,
        "oppTTOIL5": 297.48,
        "oppTTOIL3": 177.6,
        "oppTTOIL1": 57.6
    },
    "van": {
        "ttoi": 4086.7200000000003,
        "ttoiL10": 598.75,
        "ttoiL5": 299.31,
        "ttoiL3": 178.21,
        "ttoiL1": 58.02,
        "oppTTOI": 4066.4900000000002,
        "oppTTOIL10": 591.52,
        "oppTTOIL5": 296.72,
        "oppTTOIL3": 180.54,
        "oppTTOIL1": 61.7
    },
    "phi": {
        "ttoi": 4098.35,
        "ttoiL10": 597.84,
        "ttoiL5": 295.99,
        "ttoiL3": 176.10000000000002,
        "ttoiL1": 57.28,
        "oppTTOI": 4089.3200000000006,
        "oppTTOIL10": 600.27,
        "oppTTOIL5": 305.53999999999996,
        "oppTTOIL3": 183.85,
        "oppTTOIL1": 60.0
    },
    "mtl": {
        "ttoi": 4057.570000000001,
        "ttoiL10": 605.75,
        "ttoiL5": 297.75,
        "ttoiL3": 180.35,
        "ttoiL1": 59.93,
        "oppTTOI": 4059.2700000000004,
        "oppTTOIL10": 605.7700000000001,
        "oppTTOIL5": 303.8,
        "oppTTOIL3": 187.72,
        "oppTTOIL1": 60.0
    },
    "nyi": {
        "ttoi": 4040.939999999999,
        "ttoiL10": 602.8000000000001,
        "ttoiL5": 299.90000000000003,
        "ttoiL3": 180.83,
        "ttoiL1": 59.68,
        "oppTTOI": 3979.9399999999996,
        "oppTTOIL10": 601.49,
        "oppTTOIL5": 300.14,
        "oppTTOIL3": 180.95,
        "oppTTOIL1": 60.95
    },
    "la": {
        "ttoi": 4031.8400000000006,
        "ttoiL10": 596.4699999999999,
        "ttoiL5": 295.02,
        "ttoiL3": 176.32,
        "ttoiL1": 60.0,
        "oppTTOI": 4042.6299999999987,
        "oppTTOIL10": 612.1899999999999,
        "oppTTOIL5": 305.64,
        "oppTTOIL3": 181.12,
        "oppTTOIL1": 57.37
    },
    "chi": {
        "ttoi": 4063.0000000000005,
        "ttoiL10": 601.09,
        "ttoiL5": 299.83,
        "ttoiL3": 179.82999999999998,
        "ttoiL1": 60.0,
        "oppTTOI": 4069.71,
        "oppTTOIL10": 596.3100000000001,
        "oppTTOIL5": 291.94,
        "oppTTOIL3": 176.68,
        "oppTTOIL1": 59.98
    },
    "fla": {
        "ttoi": 4071.57,
        "ttoiL10": 600.33,
        "ttoiL5": 296.08,
        "ttoiL3": 176.45,
        "ttoiL1": 57.15,
        "oppTTOI": 4006.6699999999996,
        "oppTTOIL10": 593.12,
        "oppTTOIL5": 300.37,
        "oppTTOIL3": 182.44,
        "oppTTOIL1": 59.97
    },
    "wpg": {
        "ttoi": 4021.4000000000005,
        "ttoiL10": 594.6899999999999,
        "ttoiL5": 298.36,
        "ttoiL3": 178.53,
        "ttoiL1": 60.0,
        "oppTTOI": 3990.8299999999995,
        "oppTTOIL10": 591.9599999999999,
        "oppTTOIL5": 298.96,
        "oppTTOIL3": 177.57999999999998,
        "oppTTOIL1": 58.58
    },
    "min": {
        "ttoi": 4101.82,
        "ttoiL10": 607.95,
        "ttoiL5": 310.76,
        "ttoiL3": 184.75,
        "ttoiL1": 64.97,
        "oppTTOI": 4033.5100000000007,
        "oppTTOIL10": 588.6999999999999,
        "oppTTOIL5": 292.53999999999996,
        "oppTTOIL3": 175.27999999999997,
        "oppTTOIL1": 57.73
    },
    "ari": {
        "ttoi": 4071.57,
        "ttoiL10": 593.1300000000001,
        "ttoiL5": 298.4,
        "ttoiL3": 178.57999999999998,
        "ttoiL1": 59.23,
        "oppTTOI": 4072.83,
        "oppTTOIL10": 593.9,
        "oppTTOIL5": 299.43,
        "oppTTOIL3": 179.43,
        "oppTTOIL1": 59.58
    },
    "vgk": {
        "ttoi": 4029.259999999999,
        "ttoiL10": 599.62,
        "ttoiL5": 298.59000000000003,
        "ttoiL3": 181.17000000000002,
        "ttoiL1": 59.7,
        "oppTTOI": 4033.349999999999,
        "oppTTOIL10": 604.0200000000001,
        "oppTTOIL5": 301.1,
        "oppTTOIL3": 181.1,
        "oppTTOIL1": 58.83
    },
    "car": {
        "ttoi": 4084.9100000000008,
        "ttoiL10": 595.4,
        "ttoiL5": 299.43,
        "ttoiL3": 181.43,
        "ttoiL1": 60.0,
        "oppTTOI": 4092.3200000000006,
        "oppTTOIL10": 604.25,
        "oppTTOIL5": 304.6,
        "oppTTOIL3": 185.23,
        "oppTTOIL1": 60.83
    },
    "buf": {
        "ttoi": 4123.79,
        "ttoiL10": 603.22,
        "ttoiL5": 301.39,
        "ttoiL3": 177.22,
        "ttoiL1": 60.0,
        "oppTTOI": 4138.4400000000005,
        "oppTTOIL10": 598.5300000000001,
        "oppTTOIL5": 294.83000000000004,
        "oppTTOIL3": 177.05,
        "oppTTOIL1": 58.3
    },
    "stl": {
        "ttoi": 4070.2400000000002,
        "ttoiL10": 611.46,
        "ttoiL5": 304.92,
        "ttoiL3": 185.0,
        "ttoiL1": 60.0,