{
    "pit": {
        "ttoi": 3604.7799999999997,
        "ttoiL10": 596.85,
        "ttoiL5": 298.55,
        "ttoiL3": 179.25,
        "ttoiL1": 60.0,
        "oppTTOI": 3610.67,
        "oppTTOIL10": 602.1700000000001,
        "oppTTOIL5": 298.27,
        "oppTTOIL3": 178.32,
        "oppTTOIL1": 59.5
    },
    "cbj": {
        "ttoi": 3653.9400000000005,
        "ttoiL10": 584.83,
        "ttoiL5": 293.89,
        "ttoiL3": 178.64,
        "ttoiL1": 58.72,
        "oppTTOI": 3727.8600000000006,
        "oppTTOIL10": 598.06,
        "oppTTOIL5": 296.73,
        "oppTTOIL3": 179.72,
        "oppTTOIL1": 60.0
    },
    "edm": {
        "ttoi": 3597.37,
        "ttoiL10": 607.31,
        "ttoiL5": 305.37,
        "ttoiL3": 181.10000000000002,
        "ttoiL1": 61.4,
        "oppTTOI": 3599.5000000000005,
        "oppTTOIL10": 596.1700000000001,
        "oppTTOIL5": 296.17,
        "oppTTOIL3": 176.92000000000002,
        "oppTTOIL1": 60.0
    },
    "cgy": {
        "ttoi": 3663.1400000000003,
        "ttoiL10": 600.63,
        "ttoiL5": 301.9,
        "ttoiL3": 178.1,
        "ttoiL1": 58.1,
        "oppTTOI": 3659.2599999999993,
        "oppTTOIL10": 598.52,
        "oppTTOIL5": 295.90000000000003,
        "oppTTOIL3": 176.65,
        "oppTTOIL1": 59.25
    },
    "sea": {
        "ttoi": 3755.8899999999994,
        "ttoiL10": 607.94,
        "ttoiL5": 302.47,
        "ttoiL3": 177.47,
        "ttoiL1": 60.0,
        "oppTTOI": 3746.56,
        "oppTTOIL10": 601.26,
        "oppTTOIL5": 297.48,
        "oppTTOIL3": 177.6,
        "oppTTOIL1": 57.6
    },
    "van": {
        "ttoi": 3848.5099999999998,
        "ttoiL10": 594.2400000000001,
        "ttoiL5": 302.67,
        "ttoiL3": 181.05,
        "ttoiL1": 61.1,
        "oppTTOI": 3829.4900000000002,
        "oppTTOIL10": 591.52,
        "oppTTOIL5": 296.72,
        "oppTTOIL3": 180.54,
        "oppTTOIL1": 61.7
    },
    "phi": {
        "ttoi": 3802.36,
        "ttoiL10": 598.7900000000001,
        "ttoiL5": 301.85,
        "ttoiL3": 184.92000000000002,
        "ttoiL1": 64.92,
        "oppTTOI": 3792.9900000000002,
        "oppTTOIL10": 600.85,
        "oppTTOIL5": 305.53999999999996,
        "oppTTOIL3": 183.85,
        "oppTTOIL1": 60.0
    },
    "mtl": {
        "ttoi": 3759.8200000000015,
        "ttoiL10": 602.65,
        "ttoiL5": 308.0,
        "ttoiL3": 190.2,
        "ttoiL1": 60.28,
        "oppTTOI": 3760.2000000000003,
        "oppTTOIL10": 606.9000000000001,
        "oppTTOIL5": 303.8,
        "oppTTOIL3": 187.72,
        "oppTTOIL1": 60.0
    },
    "nyi": {
        "ttoi": 3681.0399999999995,
        "ttoiL10": 600.87,
        "ttoiL5": 299.45,
        "ttoiL3": 180.0,
        "ttoiL1": 60.0,
        "oppTTOI": 3616.5699999999997,
        "oppTTOIL10": 603.84,
        "oppTTOIL5": 300.09,
        "oppTTOIL3": 180.95,
        "oppTTOIL1": 60.95
    },
    "la": {
        "ttoi": 3675.400000000001,
        "ttoiL10": 603.96,
        "ttoiL5": 297.5,
        "ttoiL3": 181.6,
        "ttoiL1": 61.6,
        "oppTTOI": 3681.4099999999994,
        "oppTTOIL10": 612.19,
        "oppTTOIL5": 310.07000000000005,
        "oppTTOIL3": 186.12,
        "oppTTOIL1": 57.37
    },
    "chi": {
        "ttoi": 3763.17,
        "ttoiL10": 597.15,
        "ttoiL5": 301.26,
        "ttoiL3": 179.54,
        "ttoiL1": 60.0,
        "oppTTOI": 3774.5299999999997,
        "oppTTOIL10": 597.96,
        "oppTTOIL5": 300.76,
        "oppTTOIL3": 175.85999999999999,
        "oppTTOIL1": 59.98
    },
    "fla": {
        "ttoi": 3775.49,
        "ttoiL10": 609.13,
        "ttoiL5": 304.25,
        "ttoiL3": 179.62,
        "ttoiL1": 60.0,
        "oppTTOI": 3709.3499999999995,
        "oppTTOIL10": 593.07,
        "oppTTOIL5": 300.37,
        "oppTTOIL3": 182.44,
        "oppTTOIL1": 59.97
    },
    "wpg": {
        "ttoi": 3663.0400000000004,
        "ttoiL10": 596.29,
        "ttoiL5": 296.33,
        "ttoiL3": 177.7,
        "ttoiL1": 57.88,
        "oppTTOI": 3632.71,
        "oppTTOIL10": 590.3599999999999,
        "oppTTOIL5": 298.96,
        "oppTTOIL3": 177.57999999999998,
        "oppTTOIL1": 58.58
    },
    "min": {
        "ttoi": 3731.059999999999,
        "ttoiL10": 597.0500000000001,
        "ttoiL5": 296.99,
        "ttoiL3": 178.47,
        "ttoiL1": 60.0,
        "oppTTOI": 3666.8300000000004,
        "oppTTOIL10": 596.2199999999999,
        "oppTTOIL5": 295.05999999999995,
        "oppTTOIL3": 175.27999999999997,
        "oppTTOIL1": 57.73
    },
    "ari": {
        "ttoi": 3714.3700000000003,
        "ttoiL10": 591.28,
        "ttoiL5": 294.46000000000004,
        "ttoiL3": 177.73,
        "ttoiL1": 57.73,
        "oppTTOI": 3715.3,
        "oppTTOIL10": 593.9,
        "oppTTOIL5": 296.26,
        "oppTTOIL3": 179.43,
        "oppTTOIL1": 59.58
    },
    "vgk": {
        "ttoi": 3730.67,
        "ttoiL10": 595.53,
        "ttoiL5": 301.03,
        "ttoiL3": 176.5,
        "ttoiL1": 58.38,
        "oppTTOI": 3733.519999999999,
        "oppTTOIL10": 604.0200000000001,
        "oppTTOIL5": 301.1,
        "oppTTOIL3": 181.1,
        "oppTTOIL1": 58.83
    },
    "car": {
        "ttoi": 3666.730000000001,
        "ttoiL10": 597.34,
        "ttoiL5": 299.79,
        "ttoiL3": 177.22,
        "ttoiL1": 57.22,
        "oppTTOI": 3669.5800000000004,
        "oppTTOIL10": 603.9,
        "oppTTOIL5": 304.6,
        "oppTTOIL3": 185.23,
        "oppTTOIL1": 60.83
    },
    "buf": {
        "ttoi": 3701.7499999999995,
        "ttoiL10": 603.49,
        "ttoiL5": 305.85,
        "ttoiL3": 181.18,
        "ttoiL1": 59.48,
        "oppTTOI": 3711.71,
        "oppTTOIL10": 598.5300000000001,
        "oppTTOIL5": 294.83000000000004,
        "oppTTOIL3": 177.05,
        "oppTTOIL1": 58.3
    },
    "bos": {
        "ttoi": 3887.0300000000007,
        "ttoiL10": 624.85,
        "ttoiL5": 307.3,
        "ttoiL3": 182.3,
        "ttoiL1": 62.3,
        "oppTTOI": 3861.83,
        "oppTTOIL10": 596.5799999999999,
        "oppTTOIL5": 296.12,
        "oppTTOIL3": 178.61,
        "oppTTOIL1": 60.0
    },
    "wsh": {
        "ttoi": 3576.7399999999993,
        "ttoiL10": 603.67,
        "ttoiL5": 300.98,
        "ttoiL3": 177.71,
        "ttoiL1": 57.93,
        "oppTTOI": 3616.7500000000005,
        "oppTTOIL10": 600.93,
        "oppTTOIL5": 291.71,
        "oppTTOIL3": 176.01,
        "oppTTOIL1": 57.480000000000004
    },
    "stl": {
        "ttoi": 3707.3500000000004,
        "ttoiL10": 598.75,
        "ttoiL5": 304.75,
        "ttoiL3": 184.37,
        "ttoiL1": 59.37,
        "oppTTOI": 3716.820000000001,
        "oppTTOIL10": 597.6800000000001,
        "oppTTOIL5": 296.6,
        "oppTTOIL3": 177.4,
        "oppTTOIL1": 60.0
    },
    "ott": {
        "ttoi": 3537.53,
        "ttoiL10": 601.71,
        "ttoiL5": 302.08,
        "ttoiL3": 177.07999999999998,
        "ttoiL1": 57.85,
        "oppTTOI": 3531.669999999999,
        "oppTTOIL10": 602.82,
        "oppTTOIL5": 300.99,
        "oppTTOIL3": 181.07,
        "oppTTOIL1": 61.17
    },
    "tor": {
        "ttoi": 3684.7499999999995,
        "ttoiL10": 602.93,
        "ttoiL5": 302.63,
        "ttoiL3": 183.18,
        "ttoiL1": 58.38,
        "oppTTOI": 3695.569999999999,
        "oppTTOIL10": 603.98,
        "oppTTOIL5": 303.33000000000004,
        "oppTTOIL3": 183.33,
        "oppTTOIL1": 58.95
    },
    "tb": {
        "ttoi": 3767.070000000001,
        "ttoiL10": 600.76,
        "ttoiL5": 301.31,
        "ttoiL3": 181.36,
        "ttoiL1": 64.53,
        "oppTTOI": 3779.860000000001,
        "oppTTOIL10": 594.9799999999999,
        "oppTTOIL5": 296.75,
        "oppTTOIL3": 177.18,
        "oppTTOIL1": 58.43
    },
    "nsh": {
        "ttoi": 3756.819999999999,
        "ttoiL10": 599.3399999999999,
        "ttoiL5": 300.09999999999997,
        "ttoiL3": 180.2,
        "ttoiL1": 60.28,
        "oppTTOI": 3759.6600000000003,
        "oppTTOIL10": 597.74,
        "oppTTOIL5": 299.61,
        "oppTTOIL3": 184.1,