{
    "pit": {
        "ttoi": 2344.52,
        "ttoiL10": 601.95,
        "ttoiL5": 295.78000000000003,
        "ttoiL3": 178.3,
        "ttoiL1": 60.0,
        "oppTTOI": 2343.63,
        "oppTTOIL10": 599.5899999999999,
        "oppTTOIL5": 303.16999999999996,
        "oppTTOIL3": 178.82,
        "oppTTOIL1": 60.0
    },
    "phi": {
        "ttoi": 2421.5899999999992,
        "ttoiL10": 610.21,
        "ttoiL5": 301.8,
        "ttoiL3": 184.7,
        "ttoiL1": 59.83,
        "oppTTOI": 2417.5699999999993,
        "oppTTOIL10": 600.4300000000001,
        "oppTTOIL5": 304.65,
        "oppTTOIL3": 187.42,
        "oppTTOIL1": 60.0
    },
    "buf": {
        "ttoi": 2446.5899999999997,
        "ttoiL10": 595.14,
        "ttoiL5": 299.4,
        "ttoiL3": 180.0,
        "ttoiL1": 60.0,
        "oppTTOI": 2455.8299999999995,
        "oppTTOIL10": 595.58,
        "oppTTOIL5": 294.83000000000004,
        "oppTTOIL3": 177.05,
        "oppTTOIL1": 58.3
    },
    "bos": {
        "ttoi": 2422.39,
        "ttoiL10": 602.57,
        "ttoiL5": 304.3,
        "ttoiL3": 187.1,
        "ttoiL1": 62.1,
        "oppTTOI": 2398.36,
        "oppTTOIL10": 590.1500000000001,
        "oppTTOIL5": 296.12,
        "oppTTOIL3": 178.61,
        "oppTTOIL1": 60.0
    },
    "wsh": {
        "ttoi": 2254.8999999999996,
        "ttoiL10": 614.65,
        "ttoiL5": 303.85,
        "ttoiL3": 178.95000000000002,
        "ttoiL1": 60.0,
        "oppTTOI": 2300.4599999999996,
        "oppTTOIL10": 603.1500000000001,
        "oppTTOIL5": 294.36,
        "oppTTOIL3": 176.01,
        "oppTTOIL1": 57.480000000000004
    },
    "nyi": {
        "ttoi": 2423.2999999999997,
        "ttoiL10": 600.77,
        "ttoiL5": 299.4,
        "ttoiL3": 179.82999999999998,
        "ttoiL1": 59.83,
        "oppTTOI": 2351.45,
        "oppTTOIL10": 608.7199999999999,
        "oppTTOIL5": 300.27,
        "oppTTOIL3": 178.77,
        "oppTTOIL1": 60.0
    },
    "stl": {
        "ttoi": 2327.8100000000004,
        "ttoiL10": 599.78,
        "ttoiL5": 299.62,
        "ttoiL3": 182.32,
        "ttoiL1": 57.35,
        "oppTTOI": 2329.6299999999997,
        "oppTTOIL10": 598.3000000000001,
        "oppTTOIL5": 296.6,
        "oppTTOIL3": 177.4,
        "oppTTOIL1": 60.0
    },
    "ott": {
        "ttoi": 2150.24,
        "ttoiL10": 594.71,
        "ttoiL5": 295.91999999999996,
        "ttoiL3": 176.23,
        "ttoiL1": 59.73,
        "oppTTOI": 2146.65,
        "oppTTOIL10": 604.61,
        "oppTTOIL5": 301.17,
        "oppTTOIL3": 181.17000000000002,
        "oppTTOIL1": 61.17
    },
    "car": {
        "ttoi": 2410.3199999999997,
        "ttoiL10": 612.1899999999999,
        "ttoiL5": 305.0,
        "ttoiL3": 185.0,
        "ttoiL1": 65.0,
        "oppTTOI": 2416.02,
        "oppTTOIL10": 601.74,
        "oppTTOIL5": 304.05,
        "oppTTOIL3": 184.05,
        "oppTTOIL1": 65.0
    },
    "min": {
        "ttoi": 2353.82,
        "ttoiL10": 603.62,
        "ttoiL5": 299.17,
        "ttoiL3": 181.44,
        "ttoiL1": 59.97,
        "oppTTOI": 2304.0299999999997,
        "oppTTOIL10": 608.37,
        "oppTTOIL5": 304.21000000000004,
        "oppTTOIL3": 179.21,
        "oppTTOIL1": 60.0
    },
    "tor": {
        "ttoi": 2308.35,
        "ttoiL10": 598.4699999999999,
        "ttoiL5": 300.33,
        "ttoiL3": 181.43,
        "ttoiL1": 60.0,
        "oppTTOI": 2320.6100000000006,
        "oppTTOIL10": 609.0,
        "oppTTOIL5": 305.53000000000003,
        "oppTTOIL3": 183.33,
        "oppTTOIL1": 58.95
    },
    "mtl": {
        "ttoi": 2376.42,
        "ttoiL10": 607.7,
        "ttoiL5": 301.76,
        "ttoiL3": 184.43,
        "ttoiL1": 65.0,
        "oppTTOI": 2368.7200000000003,
        "oppTTOIL10": 608.38,
        "oppTTOIL5": 304.18,
        "oppTTOIL3": 181.07999999999998,
        "oppTTOIL1": 65.0
    },
    "ari": {
        "ttoi": 2343.9599999999996,
        "ttoiL10": 605.6199999999999,
        "ttoiL5": 302.03999999999996,
        "ttoiL3": 183.32999999999998,
        "ttoiL1": 64.07,
        "oppTTOI": 2336.13,
        "oppTTOIL10": 588.52,
        "oppTTOIL5": 298.0,
        "oppTTOIL3": 176.68,
        "oppTTOIL1": 59.85
    },
    "fla": {
        "ttoi": 2381.8799999999997,
        "ttoiL10": 596.08,
        "ttoiL5": 299.18,
        "ttoiL3": 179.65,
        "ttoiL1": 60.0,
        "oppTTOI": 2313.6800000000003,
        "oppTTOIL10": 585.32,
        "oppTTOIL5": 291.43,
        "oppTTOIL3": 176.35,
        "oppTTOIL1": 58.42
    },
    "tb": {
        "ttoi": 2511.169999999999,
        "ttoiL10": 601.78,
        "ttoiL5": 299.09,
        "ttoiL3": 180.20999999999998,
        "ttoiL1": 62.05,
        "oppTTOI": 2520.3,
        "oppTTOIL10": 594.9799999999999,
        "oppTTOIL5": 296.28,
        "oppTTOIL3": 177.18,
        "oppTTOIL1": 58.43
    },
    "nsh": {
        "ttoi": 2443.99,
        "ttoiL10": 600.5000000000001,
        "ttoiL5": 302.25,
        "ttoiL3": 177.32999999999998,
        "ttoiL1": 57.33,
        "oppTTOI": 2451.1,
        "oppTTOIL10": 601.9599999999999,
        "oppTTOIL5": 301.78,
        "oppTTOIL3": 184.1,
        "oppTTOIL1": 59.92
    },
    "nyr": {
        "ttoi": 2285.6700000000005,
        "ttoiL10": 599.87,
        "ttoiL5": 304.25,
        "ttoiL3": 184.25,
        "ttoiL1": 59.25,
        "oppTTOI": 2339.6799999999994,
        "oppTTOIL10": 588.85,
        "oppTTOIL5": 296.92999999999995,
        "oppTTOIL3": 178.95,
        "oppTTOIL1": 59.5
    },
    "vgk": {
        "ttoi": 2415.59,
        "ttoiL10": 588.47,
        "ttoiL5": 293.95,
        "ttoiL3": 177.0,
        "ttoiL1": 60.0,
        "oppTTOI": 2423.84,
        "oppTTOIL10": 605.4699999999999,
        "oppTTOIL5": 302.27,
        "oppTTOIL3": 182.27,
        "oppTTOIL1": 60.0
    },
    "nj": {
        "ttoi": 2266.87,
        "ttoiL10": 601.0799999999999,
        "ttoiL5": 297.86,
        "ttoiL3": 177.98,
        "ttoiL1": 58.78,
        "oppTTOI": 2267.2899999999995,
        "oppTTOIL10": 594.9799999999999,
        "oppTTOIL5": 296.15,
        "oppTTOIL3": 176.15,
        "oppTTOIL1": 60.0
    },
    "cbj": {
        "ttoi": 2469.8400000000006,
        "ttoiL10": 618.56,
        "ttoiL5": 309.40999999999997,
        "ttoiL3": 188.07999999999998,
        "ttoiL1": 60.0,
        "oppTTOI": 2530.7300000000005,
        "oppTTOIL10": 599.25,
        "oppTTOIL5": 300.14,
        "oppTTOIL3": 182.26999999999998,
        "oppTTOIL1": 60.0
    },
    "la": {
        "ttoi": 2230.9900000000002,
        "ttoiL10": 603.73,
        "ttoiL5": 308.63,
        "ttoiL3": 186.26999999999998,
        "ttoiL1": 62.05,
        "oppTTOI": 2237.9499999999994,
        "oppTTOIL10": 608.88,
        "oppTTOIL5": 307.29,
        "oppTTOIL3": 183.27,
        "oppTTOIL1": 63.75
    },
    "ana": {
        "ttoi": 2378.37,
        "ttoiL10": 593.1999999999999,
        "ttoiL5": 297.42,
        "ttoiL3": 175.22,
        "ttoiL1": 59.55,
        "oppTTOI": 2392.2000000000003,
        "oppTTOIL10": 598.42,
        "oppTTOIL5": 298.78000000000003,
        "oppTTOIL3": 179.43,
        "oppTTOIL1": 59.85
    },
    "sj": {
        "ttoi": 2450.5900000000006,
        "ttoiL10": 593.16,
        "ttoiL5": 296.14,
        "ttoiL3": 178.0,
        "ttoiL1": 60.0,
        "oppTTOI": 2461.8099999999995,
        "oppTTOIL10": 598.83,
        "oppTTOIL5": 298.58000000000004,
        "oppTTOIL3": 178.93,
        "oppTTOIL1": 59.1
    },
    "col": {
        "ttoi": 2473.44,
        "ttoiL10": 609.59,
        "ttoiL5": 307.3,
        "ttoiL3": 187.03,
        "ttoiL1": 65.0,
        "oppTTOI": 2465.1000000000004,
        "oppTTOIL10": 604.1700000000001,
        "oppTTOIL5": 303.62,
        "oppTTOIL3": 179.87,
        "oppTTOIL1": 60.0
    },
    "dal": {
        "ttoi": 2338.7200000000003,
        "ttoiL10": 602.9,
        "ttoiL5": 295.65999999999997,
        "ttoiL3": 181.69,
        "ttoiL1": 60.0,
        "oppTTOI": 2355.5399999999995,
        "oppTTOIL10": 601.37,
        "oppTTOIL5": 303.67,