{
    "pit": {
        "ttoi": 1988.74,
        "ttoiL10": 610.6700000000001,
        "ttoiL5": 305.12,
        "ttoiL3": 186.17000000000002,
        "ttoiL1": 60.0,
        "oppTTOI": 1988.98,
        "oppTTOIL10": 599.5899999999999,
        "oppTTOIL5": 303.16999999999996,
        "oppTTOIL3": 178.82,
        "oppTTOIL1": 60.0
    },
    "nyi": {
        "ttoi": 2063.8999999999996,
        "ttoiL10": 605.8299999999999,
        "ttoiL5": 300.32,
        "ttoiL3": 181.42000000000002,
        "ttoiL1": 60.0,
        "oppTTOI": 1991.62,
        "oppTTOIL10": 609.49,
        "oppTTOIL5": 301.35,
        "oppTTOIL3": 182.3,
        "oppTTOIL1": 60.0
    },
    "ott": {
        "ttoi": 1794.3200000000002,
        "ttoiL10": 594.35,
        "ttoiL5": 298.79,
        "ttoiL3": 180.46,
        "ttoiL1": 60.0,
        "oppTTOI": 1788.7000000000003,
        "oppTTOIL10": 604.44,
        "oppTTOIL5": 300.92,
        "oppTTOIL3": 181.17000000000002,
        "oppTTOIL1": 61.17
    },
    "car": {
        "ttoi": 2165.3199999999997,
        "ttoiL10": 605.79,
        "ttoiL5": 302.27,
        "ttoiL3": 177.97,
        "ttoiL1": 60.0,
        "oppTTOI": 2173.1299999999997,
        "oppTTOIL10": 601.74,
        "oppTTOIL5": 304.05,
        "oppTTOIL3": 184.05,
        "oppTTOIL1": 65.0
    },
    "min": {
        "ttoi": 1997.1700000000003,
        "ttoiL10": 610.94,
        "ttoiL5": 305.27,
        "ttoiL3": 184.07,
        "ttoiL1": 59.88,
        "oppTTOI": 1942.25,
        "oppTTOIL10": 608.49,
        "oppTTOIL5": 304.78,
        "oppTTOIL3": 184.78,
        "oppTTOIL1": 60.0
    },
    "tor": {
        "ttoi": 1945.44,
        "ttoiL10": 595.8900000000001,
        "ttoiL5": 295.56,
        "ttoiL3": 176.78,
        "ttoiL1": 56.95,
        "oppTTOI": 1957.8000000000004,
        "oppTTOIL10": 610.2300000000001,
        "oppTTOIL5": 308.33000000000004,
        "oppTTOIL3": 183.33,
        "oppTTOIL1": 58.95
    },
    "mtl": {
        "ttoi": 2074.66,
        "ttoiL10": 613.19,
        "ttoiL5": 305.94000000000005,
        "ttoiL3": 184.79000000000002,
        "ttoiL1": 59.87,
        "oppTTOI": 2070.1200000000003,
        "oppTTOIL10": 608.38,
        "oppTTOIL5": 304.18,
        "oppTTOIL3": 181.07999999999998,
        "oppTTOIL1": 65.0
    },
    "ari": {
        "ttoi": 2041.9199999999998,
        "ttoiL10": 598.99,
        "ttoiL5": 303.58000000000004,
        "ttoiL3": 183.58,
        "ttoiL1": 63.95,
        "oppTTOI": 2038.1200000000001,
        "oppTTOIL10": 591.69,
        "oppTTOIL5": 301.17,
        "oppTTOIL3": 183.3,
        "oppTTOIL1": 59.85
    },
    "fla": {
        "ttoi": 2022.6999999999998,
        "ttoiL10": 593.0999999999999,
        "ttoiL5": 296.75,
        "ttoiL3": 179.5,
        "ttoiL1": 60.0,
        "oppTTOI": 1960.2199999999998,
        "oppTTOIL10": 585.8100000000001,
        "oppTTOIL5": 291.43,
        "oppTTOIL3": 176.35,
        "oppTTOIL1": 58.42
    },
    "tb": {
        "ttoi": 2154.1099999999997,
        "ttoiL10": 601.62,
        "ttoiL5": 301.4,
        "ttoiL3": 184.72,
        "ttoiL1": 59.72,
        "oppTTOI": 2161.7000000000003,
        "oppTTOIL10": 594.9799999999999,
        "oppTTOIL5": 296.28,
        "oppTTOIL3": 177.18,
        "oppTTOIL1": 58.43
    },
    "phi": {
        "ttoi": 2057.21,
        "ttoiL10": 614.8,
        "ttoiL5": 305.78,
        "ttoiL3": 182.7,
        "ttoiL1": 60.0,
        "oppTTOI": 2053.5299999999997,
        "oppTTOIL10": 604.88,
        "oppTTOIL5": 304.65,
        "oppTTOIL3": 184.92000000000002,
        "oppTTOIL1": 63.85
    },
    "nsh": {
        "ttoi": 2079.52,
        "ttoiL10": 595.07,
        "ttoiL5": 296.03,
        "ttoiL3": 176.45,
        "ttoiL1": 56.67,
        "oppTTOI": 2087.2299999999996,
        "oppTTOIL10": 602.52,
        "oppTTOIL5": 302.68,
        "oppTTOIL3": 183.05,
        "oppTTOIL1": 59.92
    },
    "buf": {
        "ttoi": 2147.1900000000005,
        "ttoiL10": 600.74,
        "ttoiL5": 295.74,
        "ttoiL3": 179.1,
        "ttoiL1": 57.02,
        "oppTTOI": 2156.94,
        "oppTTOIL10": 597.4599999999999,
        "oppTTOIL5": 297.63,
        "oppTTOIL3": 176.53,
        "oppTTOIL1": 58.75
    },
    "nyr": {
        "ttoi": 1923.2200000000003,
        "ttoiL10": 595.21,
        "ttoiL5": 298.77000000000004,
        "ttoiL3": 177.42000000000002,
        "ttoiL1": 60.0,
        "oppTTOI": 1976.7099999999998,
        "oppTTOIL10": 590.5,
        "oppTTOIL5": 295.01,
        "oppTTOIL3": 176.93,
        "oppTTOIL1": 59.5
    },
    "vgk": {
        "ttoi": 2238.59,
        "ttoiL10": 597.0000000000001,
        "ttoiL5": 292.78000000000003,
        "ttoiL3": 173.73000000000002,
        "ttoiL1": 60.0,
        "oppTTOI": 2243.8900000000003,
        "oppTTOIL10": 605.4699999999999,
        "oppTTOIL5": 302.27,
        "oppTTOIL3": 182.27,
        "oppTTOIL1": 60.0
    },
    "nj": {
        "ttoi": 1969.01,
        "ttoiL10": 604.34,
        "ttoiL5": 303.22,
        "ttoiL3": 181.77,
        "ttoiL1": 61.77,
        "oppTTOI": 1969.0899999999997,
        "oppTTOIL10": 596.14,
        "oppTTOIL5": 296.58,
        "oppTTOIL3": 177.88,
        "oppTTOIL1": 60.0
    },
    "cbj": {
        "ttoi": 2097.5000000000005,
        "ttoiL10": 547.7,
        "ttoiL5": 303.72,
        "ttoiL3": 186.22,
        "ttoiL1": 62.1,
        "oppTTOI": 2159.0499999999997,
        "oppTTOIL10": 597.74,
        "oppTTOIL5": 300.14,
        "oppTTOIL3": 182.26999999999998,
        "oppTTOIL1": 60.0
    },
    "la": {
        "ttoi": 1922.3600000000001,
        "ttoiL10": 596.5600000000001,
        "ttoiL5": 295.1,
        "ttoiL3": 177.97,
        "ttoiL1": 57.97,
        "oppTTOI": 1925.8999999999999,
        "oppTTOIL10": 603.88,
        "oppTTOIL5": 307.29,
        "oppTTOIL3": 183.27,
        "oppTTOIL1": 63.75
    },
    "ana": {
        "ttoi": 2024.12,
        "ttoiL10": 594.2,
        "ttoiL5": 298.95,
        "ttoiL3": 178.95,
        "ttoiL1": 60.0,
        "oppTTOI": 2033.8900000000003,
        "oppTTOIL10": 597.57,
        "oppTTOIL5": 298.78000000000003,
        "oppTTOIL3": 179.43,
        "oppTTOIL1": 59.85
    },
    "sj": {
        "ttoi": 2154.45,
        "ttoiL10": 595.6700000000001,
        "ttoiL5": 297.02,
        "ttoiL3": 178.0,
        "ttoiL1": 60.0,
        "oppTTOI": 2162.2799999999997,
        "oppTTOIL10": 595.9799999999999,
        "oppTTOIL5": 299.2,
        "oppTTOIL3": 178.93,
        "oppTTOIL1": 59.1
    },
    "col": {
        "ttoi": 2106.1400000000003,
        "ttoiL10": 597.4899999999999,
        "ttoiL5": 302.28999999999996,
        "ttoiL3": 184.04,
        "ttoiL1": 64.67,
        "oppTTOI": 2098.4400000000005,
        "oppTTOIL10": 603.6,
        "oppTTOIL5": 303.62,
        "oppTTOIL3": 179.87,
        "oppTTOIL1": 60.0
    },
    "dal": {
        "ttoi": 1978.1900000000003,
        "ttoiL10": 597.9100000000001,
        "ttoiL5": 302.99,
        "ttoiL3": 181.29000000000002,
        "ttoiL1": 58.13,
        "oppTTOI": 1988.42,
        "oppTTOIL10": 601.33,
        "oppTTOIL5": 297.65000000000003,
        "oppTTOIL3": 178.8,
        "oppTTOIL1": 60.0
    },
    "stl": {
        "ttoi": 2028.1899999999998,
        "ttoiL10": 586.79,
        "ttoiL5": 300.15999999999997,
        "ttoiL3": 179.98,
        "ttoiL1": 60.0,
        "oppTTOI": 2027.91,
        "oppTTOIL10": 591.58,
        "oppTTOIL5": 294.15000000000003,
        "oppTTOIL3": 177.4,
        "oppTTOIL1": 58.03
    },
    "det": {
        "ttoi": 2094.4700000000003,
        "ttoiL10": 593.7,
        "ttoiL5": 300.16,
        "ttoiL3": 182.8,
        "ttoiL1": 60.0,
        "oppTTOI": 2105.91,
        "oppTTOIL10": 593.97,
        "oppTTOIL5": 298.32,
        "oppTTOIL3": 179.12,
        "oppTTOIL1": 59.42
    },
    "cgy": {
        "ttoi": 2107.47,
        "ttoiL10": 599.3100000000001,
        "ttoiL5": 296.83,
        "ttoiL3": 176.82999999999998,
        "ttoiL1": 57.9,
        "oppTTOI": 2109.7799999999997,
        "oppTTOIL10": 589.65,