{
    "ana": {
        "ttoi": 4526.56,
        "ttoiL10": 594.25,
        "ttoiL5": 296.99,
        "ttoiL3": 179.47,
        "ttoiL1": 59.92,
        "oppTTOI": 4527.049999999999,
        "oppTTOIL10": 602.97,
        "oppTTOIL5": 307.77,
        "oppTTOIL3": 183.05,
        "oppTTOIL1": 63.57
    },
    "sea": {
        "ttoi": 4463.04,
        "ttoiL10": 609.4599999999999,
        "ttoiL5": 306.74,
        "ttoiL3": 179.87,
        "ttoiL1": 60.0,
        "oppTTOI": 4408.06,
        "oppTTOIL10": 593.27,
        "oppTTOIL5": 298.67,
        "oppTTOIL3": 177.75,
        "oppTTOIL1": 59.92
    },
    "col": {
        "ttoi": 4441.09,
        "ttoiL10": 602.48,
        "ttoiL5": 297.48,
        "ttoiL3": 182.55,
        "ttoiL1": 57.85,
        "oppTTOI": 4470.100000000001,
        "oppTTOIL10": 604.7700000000001,
        "oppTTOIL5": 305.6,
        "oppTTOIL3": 185.0,
        "oppTTOIL1": 60.0
    },
    "stl": {
        "ttoi": 4501.080000000001,
        "ttoiL10": 601.21,
        "ttoiL5": 298.28000000000003,
        "ttoiL3": 178.55,
        "ttoiL1": 60.0,
        "oppTTOI": 4498.49,
        "oppTTOIL10": 597.3,
        "oppTTOIL5": 298.15,
        "oppTTOIL3": 177.75,
        "oppTTOIL1": 59.55
    },
    "wpg": {
        "ttoi": 4541.270000000001,
        "ttoiL10": 595.5500000000001,
        "ttoiL5": 299.68,
        "ttoiL3": 179.85000000000002,
        "ttoiL1": 59.93,
        "oppTTOI": 4532.669999999999,
        "oppTTOIL10": 592.16,
        "oppTTOIL5": 294.06,
        "oppTTOIL3": 175.67,
        "oppTTOIL1": 57.52
    },
    "cgy": {
        "ttoi": 4588.15,
        "ttoiL10": 609.0699999999999,
        "ttoiL5": 301.12,
        "ttoiL3": 183.45,
        "ttoiL1": 63.45,
        "oppTTOI": 4591.719999999999,
        "oppTTOIL10": 607.22,
        "oppTTOIL5": 305.57,
        "oppTTOIL3": 182.4,
        "oppTTOIL1": 60.0
    },
    "van": {
        "ttoi": 4508.91,
        "ttoiL10": 601.3100000000001,
        "ttoiL5": 301.34000000000003,
        "ttoiL3": 182.17000000000002,
        "ttoiL1": 63.45,
        "oppTTOI": 4529.2300000000005,
        "oppTTOIL10": 603.81,
        "oppTTOIL5": 300.88,
        "oppTTOIL3": 177.5,
        "oppTTOIL1": 58.12
    },
    "cbj": {
        "ttoi": 4433.210000000001,
        "ttoiL10": 602.4,
        "ttoiL5": 302.26,
        "ttoiL3": 179.47,
        "ttoiL1": 60.42,
        "oppTTOI": 4444.470000000001,
        "oppTTOIL10": 600.9,
        "oppTTOIL5": 302.46999999999997,
        "oppTTOIL3": 181.82,
        "oppTTOIL1": 59.82
    },
    "nyi": {
        "ttoi": 4566.130000000002,
        "ttoiL10": 601.8000000000001,
        "ttoiL5": 303.72,
        "ttoiL3": 183.32999999999998,
        "ttoiL1": 65.0,
        "oppTTOI": 4560.7,
        "oppTTOIL10": 600.5699999999999,
        "oppTTOIL5": 300.0,
        "oppTTOIL3": 180.0,
        "oppTTOIL1": 60.0
    },
    "nsh": {
        "ttoi": 4449.630000000001,
        "ttoiL10": 601.4399999999999,
        "ttoiL5": 302.93,
        "ttoiL3": 178.1,
        "ttoiL1": 59.37,
        "oppTTOI": 4446.180000000001,
        "oppTTOIL10": 605.3199999999999,
        "oppTTOIL5": 303.12,
        "oppTTOIL3": 183.14999999999998,
        "oppTTOIL1": 59.32
    },
    "mtl": {
        "ttoi": 4507.289999999999,
        "ttoiL10": 599.93,
        "ttoiL5": 301.90999999999997,
        "ttoiL3": 183.98,
        "ttoiL1": 58.98,
        "oppTTOI": 4524.13,
        "oppTTOIL10": 608.9399999999999,
        "oppTTOIL5": 299.89,
        "oppTTOIL3": 180.42000000000002,
        "oppTTOIL1": 60.0
    },
    "wsh": {
        "ttoi": 4555.280000000001,
        "ttoiL10": 602.1000000000001,
        "ttoiL5": 305.94,
        "ttoiL3": 183.22,
        "ttoiL1": 59.35,
        "oppTTOI": 4582.63,
        "oppTTOIL10": 606.65,
        "oppTTOIL5": 298.65,
        "oppTTOIL3": 180.57,
        "oppTTOIL1": 61.15
    },
    "chi": {
        "ttoi": 4419.62,
        "ttoiL10": 593.0200000000001,
        "ttoiL5": 295.67,
        "ttoiL3": 175.89000000000001,
        "ttoiL1": 57.52,
        "oppTTOI": 4512.419999999999,
        "oppTTOIL10": 604.98,
        "oppTTOIL5": 300.26,
        "oppTTOIL3": 180.38,
        "oppTTOIL1": 59.83
    },
    "car": {
        "ttoi": 4470.94,
        "ttoiL10": 598.69,
        "ttoiL5": 300.47,
        "ttoiL3": 182.62,
        "ttoiL1": 60.0,
        "oppTTOI": 4462.58,
        "oppTTOIL10": 606.54,
        "oppTTOIL5": 306.05,
        "oppTTOIL3": 181.05,
        "oppTTOIL1": 60.0
    },
    "tb": {
        "ttoi": 4565.310000000002,
        "ttoiL10": 599.47,
        "ttoiL5": 297.67,
        "ttoiL3": 178.70000000000002,
        "ttoiL1": 60.0,
        "oppTTOI": 4566.45,
        "oppTTOIL10": 600.5999999999999,
        "oppTTOIL5": 301.02,
        "oppTTOIL3": 182.62,
        "oppTTOIL1": 59.72
    },
    "fla": {
        "ttoi": 4532.84,
        "ttoiL10": 597.48,
        "ttoiL5": 296.26,
        "ttoiL3": 179.60999999999999,
        "ttoiL1": 60.0,
        "oppTTOI": 4546.23,
        "oppTTOIL10": 596.8,
        "oppTTOIL5": 299.03,
        "oppTTOIL3": 178.75,
        "oppTTOIL1": 61.7
    },
    "la": {
        "ttoi": 4535.539999999999,
        "ttoiL10": 604.44,
        "ttoiL5": 294.44,
        "ttoiL3": 174.69,
        "ttoiL1": 57.28,
        "oppTTOI": 4515.19,
        "oppTTOIL10": 615.5100000000001,
        "oppTTOIL5": 307.18,
        "oppTTOIL3": 182.66,
        "oppTTOIL1": 58.63
    },
    "buf": {
        "ttoi": 4452.7300000000005,
        "ttoiL10": 611.8299999999999,
        "ttoiL5": 304.79999999999995,
        "ttoiL3": 185.7,
        "ttoiL1": 61.83,
        "oppTTOI": 4442.4,
        "oppTTOIL10": 602.21,
        "oppTTOIL5": 298.46,
        "oppTTOIL3": 178.98,
        "oppTTOIL1": 60.0
    },
    "vgk": {
        "ttoi": 4524.38,
        "ttoiL10": 602.1700000000001,
        "ttoiL5": 302.99,
        "ttoiL3": 183.26,
        "ttoiL1": 60.83,
        "oppTTOI": 4504.380000000002,
        "oppTTOIL10": 606.68,
        "oppTTOIL5": 304.2,
        "oppTTOIL3": 184.2,
        "oppTTOIL1": 59.28
    },
    "pit": {
        "ttoi": 4508.8,
        "ttoiL10": 591.8399999999999,
        "ttoiL5": 294.78999999999996,
        "ttoiL3": 177.26999999999998,
        "ttoiL1": 59.4,
        "oppTTOI": 4508.249999999997,
        "oppTTOIL10": 600.17,
        "oppTTOIL5": 297.28999999999996,
        "oppTTOIL3": 177.92,
        "oppTTOIL1": 60.0
    },
    "dal": {
        "ttoi": 4527.420000000001,
        "ttoiL10": 600.8,
        "ttoiL5": 295.58,
        "ttoiL3": 176.4,
        "ttoiL1": 59.68,
        "oppTTOI": 4461.53,
        "oppTTOIL10": 603.79,
        "oppTTOIL5": 300.46,
        "oppTTOIL3": 184.55,
        "oppTTOIL1": 64.9
    },
    "ari": {
        "ttoi": 4585.969999999999,
        "ttoiL10": 607.5899999999999,
        "ttoiL5": 301.21999999999997,
        "ttoiL3": 180.73,
        "ttoiL1": 58.48,
        "oppTTOI": 4591.1,
        "oppTTOIL10": 599.15,
        "oppTTOIL5": 302.38,
        "oppTTOIL3": 182.81,
        "oppTTOIL1": 63.57
    },
    "phi": {
        "ttoi": 4351.34,
        "ttoiL10": 601.74,
        "ttoiL5": 307.03,
        "ttoiL3": 186.6,
        "ttoiL1": 61.6,
        "oppTTOI": 4377.57,
        "oppTTOIL10": 602.04,
        "oppTTOIL5": 304.4,
        "oppTTOIL3": 179.82,
        "oppTTOIL1": 59.82
    },
    "nj": {
        "ttoi": 4520.499999999999,
        "ttoiL10": 603.1999999999999,
        "ttoiL5": 300.79999999999995,
        "ttoiL3": 177.23,
        "ttoiL1": 60.0,
        "oppTTOI": 4513.539999999998,
        "oppTTOIL10": 592.41,
        "oppTTOIL5": 296.66,
        "oppTTOIL3": 178.66,
        "oppTTOIL1": 60.0
    },
    "edm": {
        "ttoi": 4571.119999999999,
        "ttoiL10": 607.0100000000001,
        "ttoiL5": 303.66,
        "ttoiL3": 179.85000000000002,
        "ttoiL1": 59.9,
        "oppTTOI": 4556.649999999999,
        "oppTTOIL10": 594.78,
        "oppTTOIL5": 298.57,
        "oppTTOIL3": 177.25,
        "oppTTOIL1": 60.0
    },