{
    "ana": {
        "ttoi": 4884.289999999999,
        "ttoiL10": 596.6199999999999,
        "ttoiL5": 302.5,
        "ttoiL3": 177.53,
        "ttoiL1": 60.0,
        "oppTTOI": 4905.660000000001,
        "oppTTOIL10": 593.76,
        "oppTTOIL5": 302.36,
        "oppTTOIL3": 180.91,
        "oppTTOIL1": 59.48
    },
    "vgk": {
        "ttoi": 5127.409999999997,
        "ttoiL10": 613.5799999999999,
        "ttoiL5": 314.56,
        "ttoiL3": 196.38,
        "ttoiL1": 76.38,
        "oppTTOI": 5128.68,
        "oppTTOIL10": 598.5,
        "oppTTOIL5": 299.85,
        "oppTTOIL3": 180.0,
        "oppTTOIL1": 60.0
    },
    "la": {
        "ttoi": 5099.809999999999,
        "ttoiL10": 594.41,
        "ttoiL5": 297.86,
        "ttoiL3": 181.0,
        "ttoiL1": 59.93,
        "oppTTOI": 5113.1,
        "oppTTOIL10": 604.61,
        "oppTTOIL5": 302.4,
        "oppTTOIL3": 182.88,
        "oppTTOIL1": 57.88
    },
    "cgy": {
        "ttoi": 4910.119999999998,
        "ttoiL10": 598.87,
        "ttoiL5": 299.27,
        "ttoiL3": 180.0,
        "ttoiL1": 60.0,
        "oppTTOI": 4916.289999999999,
        "oppTTOIL10": 603.3,
        "oppTTOIL5": 301.0,
        "oppTTOIL3": 178.95,
        "oppTTOIL1": 59.65
    },
    "stl": {
        "ttoi": 4920.14,
        "ttoiL10": 608.9,
        "ttoiL5": 308.85,
        "ttoiL3": 184.22,
        "ttoiL1": 65.0,
        "oppTTOI": 4925.1799999999985,
        "oppTTOIL10": 595.6199999999999,
        "oppTTOIL5": 298.92999999999995,
        "oppTTOIL3": 180.64999999999998,
        "oppTTOIL1": 64.97
    },
    "sea": {
        "ttoi": 4948.969999999998,
        "ttoiL10": 590.95,
        "ttoiL5": 293.65,
        "ttoiL3": 177.95,
        "ttoiL1": 60.0,
        "oppTTOI": 4946.67,
        "oppTTOIL10": 608.83,
        "oppTTOIL5": 297.25,
        "oppTTOIL3": 177.6,
        "oppTTOIL1": 58.92
    },
    "van": {
        "ttoi": 5101.5599999999995,
        "ttoiL10": 601.92,
        "ttoiL5": 298.7,
        "ttoiL3": 178.97,
        "ttoiL1": 60.0,
        "oppTTOI": 5074.509999999999,
        "oppTTOIL10": 593.94,
        "oppTTOIL5": 297.46999999999997,
        "oppTTOIL3": 175.95,
        "oppTTOIL1": 57.4
    },
    "edm": {
        "ttoi": 5104.709999999999,
        "ttoiL10": 600.47,
        "ttoiL5": 300.55,
        "ttoiL3": 181.5,
        "ttoiL1": 59.45,
        "oppTTOI": 5112.039999999999,
        "oppTTOIL10": 603.14,
        "oppTTOIL5": 298.32,
        "oppTTOIL3": 178.37,
        "oppTTOIL1": 59.12
    },
    "tb": {
        "ttoi": 5139.820000000001,
        "ttoiL10": 596.11,
        "ttoiL5": 298.69,
        "ttoiL3": 181.51999999999998,
        "ttoiL1": 60.0,
        "oppTTOI": 5156.789999999999,
        "oppTTOIL10": 607.6200000000001,
        "oppTTOIL5": 300.33,
        "oppTTOIL3": 180.73,
        "oppTTOIL1": 60.73
    },
    "chi": {
        "ttoi": 4892.380000000001,
        "ttoiL10": 590.0,
        "ttoiL5": 294.55,
        "ttoiL3": 179.17000000000002,
        "ttoiL1": 60.1,
        "oppTTOI": 4900.560000000001,
        "oppTTOIL10": 594.4,
        "oppTTOIL5": 294.9,
        "oppTTOIL3": 177.35,
        "oppTTOIL1": 59.77
    },
    "min": {
        "ttoi": 4938.499999999999,
        "ttoiL10": 595.8,
        "ttoiL5": 297.13,
        "ttoiL3": 178.15,
        "ttoiL1": 58.15,
        "oppTTOI": 4873.640000000001,
        "oppTTOIL10": 592.5999999999999,
        "oppTTOIL5": 295.15,
        "oppTTOIL3": 177.0,
        "oppTTOIL1": 59.52
    },
    "wpg": {
        "ttoi": 5096.709999999998,
        "ttoiL10": 599.75,
        "ttoiL5": 297.96000000000004,
        "ttoiL3": 178.33,
        "ttoiL1": 59.2,
        "oppTTOI": 5059.719999999998,
        "oppTTOIL10": 591.99,
        "oppTTOIL5": 295.78000000000003,
        "oppTTOIL3": 175.75,
        "oppTTOIL1": 59.6
    },
    "nyi": {
        "ttoi": 5198.649999999999,
        "ttoiL10": 623.5,
        "ttoiL5": 317.8,
        "ttoiL3": 198.5,
        "ttoiL1": 81.4,
        "oppTTOI": 5129.610000000002,
        "oppTTOIL10": 599.93,
        "oppTTOIL5": 295.4,
        "oppTTOIL3": 177.37,
        "oppTTOIL1": 58.82
    },
    "dal": {
        "ttoi": 5119.66,
        "ttoiL10": 614.4699999999999,
        "ttoiL5": 317.02,
        "ttoiL3": 192.19,
        "ttoiL1": 75.92,
        "oppTTOI": 5129.739999999999,
        "oppTTOIL10": 603.3899999999999,
        "oppTTOIL5": 297.44,
        "oppTTOIL3": 178.41,
        "oppTTOIL1": 60.0
    },
    "ott": {
        "ttoi": 4931.74,
        "ttoiL10": 604.9399999999999,
        "ttoiL5": 307.88,
        "ttoiL3": 184.18,
        "ttoiL1": 60.0,
        "oppTTOI": 4924.780000000001,
        "oppTTOIL10": 596.88,
        "oppTTOIL5": 298.08,
        "oppTTOIL3": 179.68,
        "oppTTOIL1": 59.68
    },
    "nj": {
        "ttoi": 4883.39,
        "ttoiL10": 596.38,
        "ttoiL5": 300.5,
        "ttoiL3": 177.62,
        "ttoiL1": 60.0,
        "oppTTOI": 4892.700000000002,
        "oppTTOIL10": 604.54,
        "oppTTOIL5": 304.11,
        "oppTTOIL3": 179.23,
        "oppTTOIL1": 60.0
    },
    "sj": {
        "ttoi": 4920.549999999999,
        "ttoiL10": 602.5600000000001,
        "ttoiL5": 302.97,
        "ttoiL3": 180.0,
        "ttoiL1": 60.0,
        "oppTTOI": 4929.33,
        "oppTTOIL10": 600.4300000000001,
        "oppTTOIL5": 301.23,
        "oppTTOIL3": 181.4,
        "oppTTOIL1": 60.0
    },
    "nsh": {
        "ttoi": 5075.100000000001,
        "ttoiL10": 598.3100000000001,
        "ttoiL5": 294.06,
        "ttoiL3": 177.37,
        "ttoiL1": 58.22,
        "oppTTOI": 5074.009999999998,
        "oppTTOIL10": 593.73,
        "oppTTOIL5": 298.16,
        "oppTTOIL3": 176.56,
        "oppTTOIL1": 57.38
    },
    "cbj": {
        "ttoi": 4855.35,
        "ttoiL10": 598.0799999999999,
        "ttoiL5": 299.05,
        "ttoiL3": 180.0,
        "ttoiL1": 60.0,
        "oppTTOI": 4932.3099999999995,
        "oppTTOIL10": 599.3100000000001,
        "oppTTOIL5": 299.28000000000003,
        "oppTTOIL3": 179.4,
        "oppTTOIL1": 57.07
    },
    "buf": {
        "ttoi": 4899.860000000001,
        "ttoiL10": 598.25,
        "ttoiL5": 302.4,
        "ttoiL3": 183.6,
        "ttoiL1": 60.0,
        "oppTTOI": 4910.12,
        "oppTTOIL10": 601.64,
        "oppTTOIL5": 299.62,
        "oppTTOIL3": 179.97,
        "oppTTOIL1": 60.0
    },
    "tor": {
        "ttoi": 5176.840000000001,
        "ttoiL10": 588.61,
        "ttoiL5": 291.88,
        "ttoiL3": 175.8,
        "ttoiL1": 57.3,
        "oppTTOI": 5181.92,
        "oppTTOIL10": 597.8399999999999,
        "oppTTOIL5": 300.4,
        "oppTTOIL3": 180.4,
        "oppTTOIL1": 60.0
    },
    "mtl": {
        "ttoi": 4969.93,
        "ttoiL10": 609.5099999999999,
        "ttoiL5": 315.86,
        "ttoiL3": 194.57999999999998,
        "ttoiL1": 65.0,
        "oppTTOI": 4971.82,
        "oppTTOIL10": 599.59,
        "oppTTOIL5": 297.37,
        "oppTTOIL3": 176.95,
        "oppTTOIL1": 60.0
    },
    "nyr": {
        "ttoi": 5039.830000000002,
        "ttoiL10": 601.5,
        "ttoiL5": 304.15999999999997,
        "ttoiL3": 180.0,
        "ttoiL1": 60.0,
        "oppTTOI": 5090.869999999998,
        "oppTTOIL10": 597.85,
        "oppTTOIL5": 294.82,
        "oppTTOIL3": 177.62,
        "oppTTOIL1": 58.57
    },
    "wsh": {
        "ttoi": 5079.0,
        "ttoiL10": 592.7299999999999,
        "ttoiL5": 294.99,
        "ttoiL3": 175.24,
        "ttoiL1": 58.78,
        "oppTTOI": 5111.010000000002,
        "oppTTOIL10": 599.94,
        "oppTTOIL5": 292.95,
        "oppTTOIL3": 175.7,
        "oppTTOIL1": 57.35
    },
    "fla": {
        "ttoi": 5163.669999999999,
        "ttoiL10": 609.0000000000001,
        "ttoiL5": 302.98,
        "ttoiL3": 182.98,
        "ttoiL1": 60.0,
        "oppTTOI": 5093.880000000001,
        "oppTTOIL10": 606.1,
        "oppTTOIL5": 299.23,
        "oppTTOIL3": 178.52,
        "oppTTOIL1": 60.8
    },
    "car": {
        "ttoi": 5187.58,
        "ttoiL10": 619.92,
        "ttoiL5": 320.26,