{
    "ana": {
        "ttoi": 3910.36,
        "ttoiL10": 591.12,
        "ttoiL5": 295.5,
        "ttoiL3": 177.2,
        "ttoiL1": 60.0,
        "oppTTOI": 3908.0099999999998,
        "oppTTOIL10": 606.9,
        "oppTTOIL5": 309.1,
        "oppTTOIL3": 186.85,
        "oppTTOIL1": 62.85
    },
    "nsh": {
        "ttoi": 3811.39,
        "ttoiL10": 602.87,
        "ttoiL5": 304.33,
        "ttoiL3": 181.68,
        "ttoiL1": 63.33,
        "oppTTOI": 3887.97,
        "oppTTOIL10": 595.21,
        "oppTTOIL5": 296.8,
        "oppTTOIL3": 178.87,
        "oppTTOIL1": 60.0
    },
    "utah": {
        "ttoi": 3919.63,
        "ttoiL10": 603.01,
        "ttoiL5": 306.89,
        "ttoiL3": 183.72,
        "ttoiL1": 58.72,
        "oppTTOI": 3928.31,
        "oppTTOIL10": 610.17,
        "oppTTOIL5": 307.03,
        "oppTTOIL3": 184.41,
        "oppTTOIL1": 58.58
    },
    "wsh": {
        "ttoi": 3915.68,
        "ttoiL10": 601.77,
        "ttoiL5": 299.77,
        "ttoiL3": 179.77,
        "ttoiL1": 59.77,
        "oppTTOI": 3888.44,
        "oppTTOIL10": 598.24,
        "oppTTOIL5": 301.79,
        "oppTTOIL3": 176.79,
        "oppTTOIL1": 58.62
    },
    "nyi": {
        "ttoi": 3824.36,
        "ttoiL10": 591.67,
        "ttoiL5": 296.83,
        "ttoiL3": 177.41,
        "ttoiL1": 63.88,
        "oppTTOI": 3826.18,
        "oppTTOIL10": 592.25,
        "oppTTOIL5": 301.07,
        "oppTTOIL3": 177.9,
        "oppTTOIL1": 59.7
    },
    "stl": {
        "ttoi": 3950.47,
        "ttoiL10": 597.02,
        "ttoiL5": 302.87,
        "ttoiL3": 178.12,
        "ttoiL1": 60.0,
        "oppTTOI": 3968.48,
        "oppTTOIL10": 599.61,
        "oppTTOIL5": 301.21,
        "oppTTOIL3": 181.48000000000002,
        "oppTTOIL1": 58.6
    },
    "van": {
        "ttoi": 3920.4,
        "ttoiL10": 601.84,
        "ttoiL5": 302.52,
        "ttoiL3": 183.5,
        "ttoiL1": 60.0,
        "oppTTOI": 3911.94,
        "oppTTOIL10": 599.59,
        "oppTTOIL5": 296.5,
        "oppTTOIL3": 177.88,
        "oppTTOIL1": 57.879999999999995
    },
    "edm": {
        "ttoi": 3942.56,
        "ttoiL10": 601.39,
        "ttoiL5": 304.13,
        "ttoiL3": 179.4,
        "ttoiL1": 63.57,
        "oppTTOI": 3889.92,
        "oppTTOIL10": 598.62,
        "oppTTOIL5": 297.32,
        "oppTTOIL3": 177.02,
        "oppTTOIL1": 59.92
    },
    "chi": {
        "ttoi": 3943.6,
        "ttoiL10": 600.16,
        "ttoiL5": 303.52,
        "ttoiL3": 177.7,
        "ttoiL1": 60.0,
        "oppTTOI": 3950.58,
        "oppTTOIL10": 599.28,
        "oppTTOIL5": 298.3,
        "oppTTOIL3": 178.53,
        "oppTTOIL1": 60.0
    },
    "buf": {
        "ttoi": 3694.24,
        "ttoiL10": 594.58,
        "ttoiL5": 299.18,
        "ttoiL3": 183.55,
        "ttoiL1": 63.55,
        "oppTTOI": 3714.84,
        "oppTTOIL10": 601.47,
        "oppTTOIL5": 301.47,
        "oppTTOIL3": 181.6,
        "oppTTOIL1": 57.82
    },
    "det": {
        "ttoi": 3902.72,
        "ttoiL10": 591.57,
        "ttoiL5": 293.95,
        "ttoiL3": 176.08,
        "ttoiL1": 58.95,
        "oppTTOI": 3896.45,
        "oppTTOIL10": 604.77,
        "oppTTOIL5": 302.66,
        "oppTTOIL3": 182.66,
        "oppTTOIL1": 61.08
    },
    "bos": {
        "ttoi": 3965.76,
        "ttoiL10": 594.12,
        "ttoiL5": 294.65,
        "ttoiL3": 174.97,
        "ttoiL1": 57.98,
        "oppTTOI": 3961.97,
        "oppTTOIL10": 611.42,
        "oppTTOIL5": 302.53,
        "oppTTOIL3": 182.65,
        "oppTTOIL1": 63.65
    },
    "la": {
        "ttoi": 3848.15,
        "ttoiL10": 608.19,
        "ttoiL5": 302.57,
        "ttoiL3": 182.26999999999998,
        "ttoiL1": 62.87,
        "oppTTOI": 3830.44,
        "oppTTOIL10": 602.32,
        "oppTTOIL5": 305.29,
        "oppTTOIL3": 182.79000000000002,
        "oppTTOIL1": 64.93
    },
    "dal": {
        "ttoi": 3765.27,
        "ttoiL10": 598.41,
        "ttoiL5": 302.16,
        "ttoiL3": 177.88,
        "ttoiL1": 60.0,
        "oppTTOI": 3746.69,
        "oppTTOIL10": 592.8,
        "oppTTOIL5": 295.9,
        "oppTTOIL3": 179.8,
        "oppTTOIL1": 59.8
    },
    "mtl": {
        "ttoi": 3844.46,
        "ttoiL10": 606.25,
        "ttoiL5": 302.0,
        "ttoiL3": 179.72,
        "ttoiL1": 59.65,
        "oppTTOI": 3844.16,
        "oppTTOIL10": 602.3,
        "oppTTOIL5": 305.4,
        "oppTTOIL3": 185.0,
        "oppTTOIL1": 60.0
    },
    "cgy": {
        "ttoi": 3856.46,
        "ttoiL10": 610.05,
        "ttoiL5": 307.21,
        "ttoiL3": 182.93,
        "ttoiL1": 57.98,
        "oppTTOI": 3848.75,
        "oppTTOIL10": 616.08,
        "oppTTOIL5": 308.88,
        "oppTTOIL3": 185.2,
        "oppTTOIL1": 58.75
    },
    "sea": {
        "ttoi": 3911.9900000000002,
        "ttoiL10": 591.5,
        "ttoiL5": 295.75,
        "ttoiL3": 178.57,
        "ttoiL1": 60.0,
        "oppTTOI": 3940.65,
        "oppTTOIL10": 588.35,
        "oppTTOIL5": 292.8,
        "oppTTOIL3": 175.32999999999998,
        "oppTTOIL1": 60.0
    },
    "pit": {
        "ttoi": 4098.73,
        "ttoiL10": 599.34,
        "ttoiL5": 300.82,
        "ttoiL3": 180.82,
        "ttoiL1": 60.0,
        "oppTTOI": 4095.21,
        "oppTTOIL10": 604.0699999999999,
        "oppTTOIL5": 296.53999999999996,
        "oppTTOIL3": 182.07999999999998,
        "oppTTOIL1": 59.5
    },
    "fla": {
        "ttoi": 3893.71,
        "ttoiL10": 590.3,
        "ttoiL5": 293.72,
        "ttoiL3": 173.87,
        "ttoiL1": 56.87,
        "oppTTOI": 3892.32,
        "oppTTOIL10": 595.46,
        "oppTTOIL5": 301.36,
        "oppTTOIL3": 178.07,
        "oppTTOIL1": 59.85
    },
    "tb": {
        "ttoi": 3823.66,
        "ttoiL10": 602.78,
        "ttoiL5": 304.38,
        "ttoiL3": 185.0,
        "ttoiL1": 60.0,
        "oppTTOI": 3826.44,
        "oppTTOIL10": 596.34,
        "oppTTOIL5": 302.53,
        "oppTTOIL3": 182.53,
        "oppTTOIL1": 64.55
    },
    "car": {
        "ttoi": 3934.9,
        "ttoiL10": 601.09,
        "ttoiL5": 299.75,
        "ttoiL3": 179.75,
        "ttoiL1": 60.0,
        "oppTTOI": 3949.38,
        "oppTTOIL10": 611.7,
        "oppTTOIL5": 300.45,
        "oppTTOIL3": 181.55,
        "oppTTOIL1": 61.87
    },
    "phi": {
        "ttoi": 3976.68,
        "ttoiL10": 605.98,
        "ttoiL5": 301.42,
        "ttoiL3": 181.95,
        "ttoiL1": 60.0,
        "oppTTOI": 3989.77,
        "oppTTOIL10": 602.04,
        "oppTTOIL5": 293.54,
        "oppTTOIL3": 180.07,
        "oppTTOIL1": 60.0
    },
    "wpg": {
        "ttoi": 3959.41,
        "ttoiL10": 599.1,
        "ttoiL5": 298.06,
        "ttoiL3": 178.23,
        "ttoiL1": 60.0,
        "oppTTOI": 3948.39,
        "oppTTOIL10": 602.47,
        "oppTTOIL5": 303.44,
        "oppTTOIL3": 179.46,
        "oppTTOIL1": 63.43
    },
    "nj": {
        "ttoi": 3881.2,
        "ttoiL10": 595.6,
        "ttoiL5": 298.02,
        "ttoiL3": 178.02,
        "ttoiL1": 58.02,
        "oppTTOI": 3887.08,
        "oppTTOIL10": 591.98,
        "oppTTOIL5": 299.35,
        "oppTTOIL3": 179.67000000000002,
        "oppTTOIL1": 60.0
    },
    "vgk": {
        "ttoi": 3891.18,
        "ttoiL10": 600.21,
        "ttoiL5": 301.28,
        "ttoiL3": 184.13,
        "ttoiL1": 65.0,
        "oppTTOI": 3871.81,
        "oppTTOIL10": 595.92,
        "oppTTOIL5": 295.11,
        "oppTTOIL3": 175.88,
        "oppTTOIL1": 57.480000000000004
    },
    "col": {
        "ttoi": 3916.83,
        "ttoiL10": 600.73,
        "ttoiL5": 304.26,
        "ttoiL3": 185.0,
        "ttoiL1": 60.0,
        "oppTTOI": 3923.8,
        "oppTTOIL10": 594.28,
        "oppTTOIL5": 299.87,
        "oppTTOIL3": 179.07,
        "oppTTOIL1": 57.65
    },
    "cbj": {
        "ttoi": 3910.61,
        "ttoiL10": 595.03,
        "ttoiL5": 297.86,
        "ttoiL3": 178.01,
        "ttoiL1": 59.28,
        "oppTTOI": 3899.84,
        "oppTTOIL10": 603.26,
        "oppTTOIL5": 300.93,
        "oppTTOIL3": 181.53,
        "oppTTOIL1": 61.53
    },