{
    "pit": {
        "ttoi": 3007.9300000000003,
        "ttoiL10": 602.2900000000001,
        "ttoiL5": 299.0,
        "ttoiL3": 176.28,
        "ttoiL1": 59.97,
        "oppTTOI": 3014.7700000000004,
        "oppTTOIL10": 602.6700000000001,
        "oppTTOIL5": 300.45,
        "oppTTOIL3": 178.82,
        "oppTTOIL1": 60.0
    },
    "fla": {
        "ttoi": 3166.3600000000006,
        "ttoiL10": 601.7099999999999,
        "ttoiL5": 298.64,
        "ttoiL3": 179.52,
        "ttoiL1": 60.0,
        "oppTTOI": 3103.4599999999996,
        "oppTTOIL10": 592.84,
        "oppTTOIL5": 300.37,
        "oppTTOIL3": 182.44,
        "oppTTOIL1": 59.97
    },
    "wpg": {
        "ttoi": 3066.7500000000005,
        "ttoiL10": 603.6,
        "ttoiL5": 298.87,
        "ttoiL3": 179.15,
        "ttoiL1": 59.65,
        "oppTTOI": 3043.96,
        "oppTTOIL10": 591.36,
        "oppTTOIL5": 298.18,
        "oppTTOIL3": 177.71,
        "oppTTOIL1": 58.58
    },
    "min": {
        "ttoi": 3193.1400000000003,
        "ttoiL10": 595.72,
        "ttoiL5": 296.93,
        "ttoiL3": 178.98,
        "ttoiL1": 59.13,
        "oppTTOI": 3131.46,
        "oppTTOIL10": 597.8399999999999,
        "oppTTOIL5": 295.05999999999995,
        "oppTTOIL3": 175.27999999999997,
        "oppTTOIL1": 57.73
    },
    "mtl": {
        "ttoi": 3216.7200000000007,
        "ttoiL10": 597.5,
        "ttoiL5": 299.98,
        "ttoiL3": 177.98,
        "ttoiL1": 59.55,
        "oppTTOI": 3212.57,
        "oppTTOIL10": 606.9,
        "oppTTOIL5": 303.79999999999995,
        "oppTTOIL3": 185.7,
        "oppTTOIL1": 62.72
    },
    "ari": {
        "ttoi": 3123.09,
        "ttoiL10": 594.76,
        "ttoiL5": 296.03999999999996,
        "ttoiL3": 178.16,
        "ttoiL1": 57.629999999999995,
        "oppTTOI": 3118.11,
        "oppTTOIL10": 598.62,
        "oppTTOIL5": 299.71,
        "oppTTOIL3": 179.43,
        "oppTTOIL1": 59.58
    },
    "vgk": {
        "ttoi": 3192.8599999999997,
        "ttoiL10": 598.52,
        "ttoiL5": 296.19,
        "ttoiL3": 177.72,
        "ttoiL1": 57.72,
        "oppTTOI": 3189.66,
        "oppTTOIL10": 604.4000000000001,
        "oppTTOIL5": 301.1,
        "oppTTOIL3": 181.1,
        "oppTTOIL1": 58.83
    },
    "sea": {
        "ttoi": 3212.9500000000003,
        "ttoiL10": 601.5800000000002,
        "ttoiL5": 299.83000000000004,
        "ttoiL3": 181.4,
        "ttoiL1": 65.0,
        "oppTTOI": 3211.859999999999,
        "oppTTOIL10": 601.56,
        "oppTTOIL5": 299.53,
        "oppTTOIL3": 180.0,
        "oppTTOIL1": 60.0
    },
    "car": {
        "ttoi": 3126.9900000000007,
        "ttoiL10": 594.99,
        "ttoiL5": 298.59,
        "ttoiL3": 180.89,
        "ttoiL1": 57.6,
        "oppTTOI": 3132.4500000000007,
        "oppTTOIL10": 603.4,
        "oppTTOIL5": 304.88,
        "oppTTOIL3": 185.23,
        "oppTTOIL1": 60.83
    },
    "van": {
        "ttoi": 3254.270000000001,
        "ttoiL10": 608.26,
        "ttoiL5": 304.85,
        "ttoiL3": 184.85000000000002,
        "ttoiL1": 59.63,
        "oppTTOI": 3230.1099999999997,
        "oppTTOIL10": 588.57,
        "oppTTOIL5": 294.62,
        "oppTTOIL3": 177.02,
        "oppTTOIL1": 61.12
    },
    "phi": {
        "ttoi": 3263.5699999999993,
        "ttoiL10": 593.53,
        "ttoiL5": 299.83,
        "ttoiL3": 179.85,
        "ttoiL1": 60.0,
        "oppTTOI": 3255.44,
        "oppTTOIL10": 600.4300000000001,
        "oppTTOIL5": 304.65,
        "oppTTOIL3": 187.42,
        "oppTTOIL1": 60.0
    },
    "buf": {
        "ttoi": 3098.26,
        "ttoiL10": 591.6700000000001,
        "ttoiL5": 297.58,
        "ttoiL3": 177.57999999999998,
        "ttoiL1": 60.0,
        "oppTTOI": 3109.99,
        "oppTTOIL10": 594.6300000000001,
        "oppTTOIL5": 294.83000000000004,
        "oppTTOIL3": 177.05,
        "oppTTOIL1": 58.3
    },
    "bos": {
        "ttoi": 3204.5499999999997,
        "ttoiL10": 600.3400000000001,
        "ttoiL5": 301.09000000000003,
        "ttoiL3": 181.44,
        "ttoiL1": 64.42,
        "oppTTOI": 3182.76,
        "oppTTOIL10": 590.4499999999999,
        "oppTTOIL5": 296.12,
        "oppTTOIL3": 178.61,
        "oppTTOIL1": 60.0
    },
    "wsh": {
        "ttoi": 3096.04,
        "ttoiL10": 602.71,
        "ttoiL5": 302.46000000000004,
        "ttoiL3": 182.97,
        "ttoiL1": 58.05,
        "oppTTOI": 3138.17,
        "oppTTOIL10": 600.93,
        "oppTTOIL5": 291.71,
        "oppTTOIL3": 176.01,
        "oppTTOIL1": 57.480000000000004
    },
    "nyi": {
        "ttoi": 3201.29,
        "ttoiL10": 597.76,
        "ttoiL5": 302.69,
        "ttoiL3": 181.12,
        "ttoiL1": 65.0,
        "oppTTOI": 3137.2799999999997,
        "oppTTOIL10": 607.89,
        "oppTTOIL5": 302.67,
        "oppTTOIL3": 180.37,
        "oppTTOIL1": 60.0
    },
    "stl": {
        "ttoi": 3108.5999999999995,
        "ttoiL10": 600.4499999999999,
        "ttoiL5": 298.37,
        "ttoiL3": 179.13,
        "ttoiL1": 59.13,
        "oppTTOI": 3109.8900000000003,
        "oppTTOIL10": 597.6800000000001,
        "oppTTOIL5": 296.6,
        "oppTTOIL3": 177.4,
        "oppTTOIL1": 60.0
    },
    "ott": {
        "ttoi": 2935.8199999999997,
        "ttoiL10": 608.39,
        "ttoiL5": 303.39,
        "ttoiL3": 181.81,
        "ttoiL1": 59.73,
        "oppTTOI": 2929.2699999999995,
        "oppTTOIL10": 607.26,
        "oppTTOIL5": 301.09000000000003,
        "oppTTOIL3": 181.09,
        "oppTTOIL1": 61.17
    },
    "tor": {
        "ttoi": 3081.8199999999993,
        "ttoiL10": 595.45,
        "ttoiL5": 296.9,
        "ttoiL3": 178.57999999999998,
        "ttoiL1": 60.0,
        "oppTTOI": 3097.42,
        "oppTTOIL10": 608.98,
        "oppTTOIL5": 305.53000000000003,
        "oppTTOIL3": 183.33,
        "oppTTOIL1": 58.95
    },
    "tb": {
        "ttoi": 3231.31,
        "ttoiL10": 598.66,
        "ttoiL5": 302.96,
        "ttoiL3": 184.38,
        "ttoiL1": 65.0,
        "oppTTOI": 3239.810000000001,
        "oppTTOIL10": 594.9799999999999,
        "oppTTOIL5": 296.75,
        "oppTTOIL3": 177.18,
        "oppTTOIL1": 58.43
    },
    "nsh": {
        "ttoi": 3157.479999999999,
        "ttoiL10": 593.61,
        "ttoiL5": 301.71,
        "ttoiL3": 178.82999999999998,
        "ttoiL1": 58.98,
        "oppTTOI": 3169.9000000000005,
        "oppTTOIL10": 601.9599999999999,
        "oppTTOIL5": 301.78,
        "oppTTOIL3": 184.1,
        "oppTTOIL1": 59.92
    },
    "nyr": {
        "ttoi": 3117.899999999999,
        "ttoiL10": 597.12,
        "ttoiL5": 303.73,
        "ttoiL3": 182.18,
        "ttoiL1": 60.0,
        "oppTTOI": 3176.3500000000004,
        "oppTTOIL10": 596.39,
        "oppTTOIL5": 299.4,
        "oppTTOIL3": 181.38,
        "oppTTOIL1": 59.5
    },
    "nj": {
        "ttoi": 3104.359999999999,
        "ttoiL10": 599.31,
        "ttoiL5": 301.5,
        "ttoiL3": 183.39999999999998,
        "ttoiL1": 60.0,
        "oppTTOI": 3107.15,
        "oppTTOIL10": 595.7499999999999,
        "oppTTOIL5": 296.15,
        "oppTTOIL3": 176.15,
        "oppTTOIL1": 60.0
    },
    "cbj": {
        "ttoi": 3069.1100000000006,
        "ttoiL10": 599.27,
        "ttoiL5": 296.87,
        "ttoiL3": 175.07,
        "ttoiL1": 56.87,
        "oppTTOI": 3136.5900000000006,
        "oppTTOIL10": 599.42,
        "oppTTOIL5": 301.54999999999995,
        "oppTTOIL3": 182.26999999999998,
        "oppTTOIL1": 60.0
    },
    "la": {
        "ttoi": 3012.210000000001,
        "ttoiL10": 599.89,
        "ttoiL5": 300.62,
        "ttoiL3": 179.75,
        "ttoiL1": 60.0,
        "oppTTOI": 3019.5499999999993,
        "oppTTOIL10": 613.6300000000001,
        "oppTTOIL5": 306.72,
        "oppTTOIL3": 187.70000000000002,
        "oppTTOIL1": 63.75
    },
    "ana": {
        "ttoi": 3096.3399999999997,
        "ttoiL10": 597.9699999999999,
        "ttoiL5": 303.33,
        "ttoiL3": 182.7,
        "ttoiL1": 60.0,
        "oppTTOI": 3111.820000000001,
        "oppTTOIL10": 602.9000000000001,