{
    "ana": {
        "ttoi": 119.5,
        "ttoiL10": 119.5,
        "ttoiL5": 119.5,
        "ttoiL3": 119.5,
        "ttoiL1": 59.65,
        "oppTTOI": 118.4,
        "oppTTOIL10": 118.4,
        "oppTTOIL5": 118.4,
        "oppTTOIL3": 118.4,
        "oppTTOIL1": 59.35
    },
    "car": {
        "ttoi": 184.35,
        "ttoiL10": 184.35,
        "ttoiL5": 184.35,
        "ttoiL3": 184.35,
        "ttoiL1": 59.35,
        "oppTTOI": 183.47000000000003,
        "oppTTOIL10": 183.47000000000003,
        "oppTTOIL5": 183.47000000000003,
        "oppTTOIL3": 183.47000000000003,
        "oppTTOIL1": 59.65
    },
    "vgk": {
        "ttoi": 179.05,
        "ttoiL10": 179.05,
        "ttoiL5": 179.05,
        "ttoiL3": 179.05,
        "ttoiL1": 59.05,
        "oppTTOI": 179.47,
        "oppTTOIL10": 179.47,
        "oppTTOIL5": 179.47,
        "oppTTOIL3": 179.47,
        "oppTTOIL1": 59.85
    },
    "ari": {
        "ttoi": 123.72,
        "ttoiL10": 123.72,
        "ttoiL5": 123.72,
        "ttoiL3": 123.72,
        "ttoiL1": 58.72,
        "oppTTOI": 124.92,
        "oppTTOIL10": 124.92,
        "oppTTOIL5": 124.92,
        "oppTTOIL3": 124.92,
        "oppTTOIL1": 65.0
    },
    "nyr": {
        "ttoi": 176.59,
        "ttoiL10": 176.59,
        "ttoiL5": 176.59,
        "ttoiL3": 176.59,
        "ttoiL1": 59.92,
        "oppTTOI": 177.52,
        "oppTTOIL10": 177.52,
        "oppTTOIL5": 177.52,
        "oppTTOIL3": 177.52,
        "oppTTOIL1": 58.72
    },
    "nj": {
        "ttoi": 180.97,
        "ttoiL10": 180.97,
        "ttoiL5": 180.97,
        "ttoiL3": 180.97,
        "ttoiL1": 56.0,
        "oppTTOI": 182.8,
        "oppTTOIL10": 182.8,
        "oppTTOIL5": 182.8,
        "oppTTOIL3": 182.8,
        "oppTTOIL1": 65.0
    },
    "bos": {
        "ttoi": 118.9,
        "ttoiL10": 118.9,
        "ttoiL5": 118.9,
        "ttoiL3": 118.9,
        "ttoiL1": 59.02,
        "oppTTOI": 116.78,
        "oppTTOIL10": 116.78,
        "oppTTOIL5": 116.78,
        "oppTTOIL3": 116.78,
        "oppTTOIL1": 59.18
    },
    "nsh": {
        "ttoi": 174.47,
        "ttoiL10": 174.47,
        "ttoiL5": 174.47,
        "ttoiL3": 174.47,
        "ttoiL1": 57.6,
        "oppTTOI": 176.89,
        "oppTTOIL10": 176.89,
        "oppTTOIL5": 176.89,
        "oppTTOIL3": 176.89,
        "oppTTOIL1": 59.02
    },
    "chi": {
        "ttoi": 237.28,
        "ttoiL10": 237.28,
        "ttoiL5": 237.28,
        "ttoiL3": 177.28,
        "ttoiL1": 60.0,
        "oppTTOI": 233.6,
        "oppTTOIL10": 233.6,
        "oppTTOIL5": 233.6,
        "oppTTOIL3": 177.38,
        "oppTTOIL1": 59.88
    },
    "buf": {
        "ttoi": 118.43,
        "ttoiL10": 118.43,
        "ttoiL5": 118.43,
        "ttoiL3": 118.43,
        "ttoiL1": 59.53,
        "oppTTOI": 119.85,
        "oppTTOIL10": 119.85,
        "oppTTOIL5": 119.85,
        "oppTTOIL3": 119.85,
        "oppTTOIL1": 59.85
    },
    "nyi": {
        "ttoi": 59.85,
        "ttoiL10": 59.85,
        "ttoiL5": 59.85,
        "ttoiL3": 59.85,
        "ttoiL1": 59.85,
        "oppTTOI": 59.53,
        "oppTTOIL10": 59.53,
        "oppTTOIL5": 59.53,
        "oppTTOIL3": 59.53,
        "oppTTOIL1": 59.53
    },
    "la": {
        "ttoi": 124.05000000000001,
        "ttoiL10": 124.05000000000001,
        "ttoiL5": 124.05000000000001,
        "ttoiL3": 124.05000000000001,
        "ttoiL1": 64.4,
        "oppTTOI": 125.0,
        "oppTTOIL10": 125.0,
        "oppTTOIL5": 125.0,
        "oppTTOIL3": 125.0,
        "oppTTOIL1": 65.0
    },
    "ott": {
        "ttoi": 178.72,
        "ttoiL10": 178.72,
        "ttoiL5": 178.72,
        "ttoiL3": 178.72,
        "ttoiL1": 59.57,
        "oppTTOI": 177.42000000000002,
        "oppTTOIL10": 177.42000000000002,
        "oppTTOIL5": 177.42000000000002,
        "oppTTOIL3": 177.42000000000002,
        "oppTTOIL1": 60.0
    },
    "cbj": {
        "ttoi": 177.19,
        "ttoiL10": 177.19,
        "ttoiL5": 177.19,
        "ttoiL3": 177.19,
        "ttoiL1": 59.27,
        "oppTTOI": 176.67000000000002,
        "oppTTOIL10": 176.67000000000002,
        "oppTTOIL5": 176.67000000000002,
        "oppTTOIL3": 176.67000000000002,
        "oppTTOIL1": 60.0
    },
    "det": {
        "ttoi": 177.8,
        "ttoiL10": 177.8,
        "ttoiL5": 177.8,
        "ttoiL3": 177.8,
        "ttoiL1": 60.0,
        "oppTTOI": 176.74,
        "oppTTOIL10": 176.74,
        "oppTTOIL5": 176.74,
        "oppTTOIL3": 176.74,
        "oppTTOIL1": 59.27
    },
    "phi": {
        "ttoi": 118.95,
        "ttoiL10": 118.95,
        "ttoiL5": 118.95,
        "ttoiL3": 118.95,
        "ttoiL1": 58.95,
        "oppTTOI": 117.75,
        "oppTTOIL10": 117.75,
        "oppTTOIL5": 117.75,
        "oppTTOIL3": 117.75,
        "oppTTOIL1": 58.02
    },
    "cgy": {
        "ttoi": 182.35,
        "ttoiL10": 182.35,
        "ttoiL5": 182.35,
        "ttoiL3": 182.35,
        "ttoiL1": 64.8,
        "oppTTOI": 182.9,
        "oppTTOIL10": 182.9,
        "oppTTOIL5": 182.9,
        "oppTTOIL3": 182.9,
        "oppTTOIL1": 59.7
    },
    "wsh": {
        "ttoi": 124.93,
        "ttoiL10": 124.93,
        "ttoiL5": 124.93,
        "ttoiL3": 124.93,
        "ttoiL1": 65.0,
        "oppTTOI": 124.8,
        "oppTTOIL10": 124.8,
        "oppTTOIL5": 124.8,
        "oppTTOIL3": 124.8,
        "oppTTOIL1": 64.8
    },
    "pit": {
        "ttoi": 177.2,
        "ttoiL10": 177.2,
        "ttoiL5": 177.2,
        "ttoiL3": 177.2,
        "ttoiL1": 59.7,
        "oppTTOI": 177.75,
        "oppTTOIL10": 177.75,
        "oppTTOIL5": 177.75,
        "oppTTOIL3": 177.75,
        "oppTTOIL1": 57.82
    },
    "wpg": {
        "ttoi": 118.07,
        "ttoiL10": 118.07,
        "ttoiL5": 118.07,
        "ttoiL3": 118.07,
        "ttoiL1": 59.87,
        "oppTTOI": 117.68,
        "oppTTOIL10": 117.68,
        "oppTTOIL5": 117.68,
        "oppTTOIL3": 117.68,
        "oppTTOIL1": 59.73
    },
    "tor": {
        "ttoi": 178.32,
        "ttoiL10": 178.32,
        "ttoiL5": 178.32,
        "ttoiL3": 178.32,
        "ttoiL1": 56.22,
        "oppTTOI": 185.0,
        "oppTTOIL10": 185.0,
        "oppTTOIL5": 185.0,
        "oppTTOIL3": 185.0,
        "oppTTOIL1": 60.0
    },
    "mtl": {
        "ttoi": 125.0,
        "ttoiL10": 125.0,
        "ttoiL5": 125.0,
        "ttoiL3": 125.0,
        "ttoiL1": 60.0,
        "oppTTOI": 120.2,
        "oppTTOIL10": 120.2,
        "oppTTOIL5": 120.2,
        "oppTTOIL3": 120.2,
        "oppTTOIL1": 58.1
    },
    "col": {
        "ttoi": 124.2,
        "ttoiL10": 124.2,
        "ttoiL5": 124.2,
        "ttoiL3": 124.2,
        "ttoiL1": 64.2,
        "oppTTOI": 124.65,
        "oppTTOIL10": 124.65,
        "oppTTOIL5": 124.65,
        "oppTTOIL3": 124.65,
        "oppTTOIL1": 59.65
    },
    "sj": {
        "ttoi": 125.0,
        "ttoiL10": 125.0,
        "ttoiL5": 125.0,
        "ttoiL3": 125.0,
        "ttoiL1": 65.0,
        "oppTTOI": 124.2,
        "oppTTOIL10": 124.2,
        "oppTTOIL5": 124.2,
        "oppTTOIL3": 124.2,
        "oppTTOIL1": 64.2
    },
    "dal": {
        "ttoi": 65.0,
        "ttoiL10": 65.0,
        "ttoiL5": 65.0,
        "ttoiL3": 65.0,
        "ttoiL1": 65.0,
        "oppTTOI": 64.83,
        "oppTTOIL10": 64.83,
        "oppTTOIL5": 64.83,
        "oppTTOIL3": 64.83,
        "oppTTOIL1": 64.83
    },
    "stl": {
        "ttoi": 129.82999999999998,
        "ttoiL10": 129.82999999999998,
        "ttoiL5": 129.82999999999998,
        "ttoiL3": 129.82999999999998,
        "ttoiL1": 65.0,
        "oppTTOI": 130.0,
        "oppTTOIL10": 130.0,
        "oppTTOIL5": 130.0,
        "oppTTOIL3": 130.0,
        "oppTTOIL1": 65.0
    },
    "tb": {
        "ttoi": 175.97,
        "ttoiL10": 175.97,
        "ttoiL5": 175.97,
        "ttoiL3": 175.97,
        "ttoiL1": 58.47,
        "oppTTOI": 176.84,
        "oppTTOIL10": 176.84,
        "oppTTOIL5": 176.84,
        "oppTTOIL3": 176.84,
        "oppTTOIL1": 60.0
    },
    "edm": {
        "ttoi": 117.63,