{
    "ana": {
        "ttoi": 4951.67,
        "ttoiL10": 604.5799999999999,
        "ttoiL5": 306.34,
        "ttoiL3": 182.57999999999998,
        "ttoiL1": 59.58,
        "oppTTOI": 4953.419999999999,
        "oppTTOIL10": 609.07,
        "oppTTOIL5": 310.94,
        "oppTTOIL3": 186.22,
        "oppTTOIL1": 63.17
    },
    "la": {
        "ttoi": 5272.34,
        "ttoiL10": 616.82,
        "ttoiL5": 320.04999999999995,
        "ttoiL3": 192.84999999999997,
        "ttoiL1": 60.0,
        "oppTTOI": 5253.960000000001,
        "oppTTOIL10": 610.99,
        "oppTTOIL5": 307.24,
        "oppTTOIL3": 177.69,
        "oppTTOIL1": 59.58
    },
    "van": {
        "ttoi": 4930.300000000001,
        "ttoiL10": 603.56,
        "ttoiL5": 305.27,
        "ttoiL3": 180.27,
        "ttoiL1": 61.32,
        "oppTTOI": 4952.44,
        "oppTTOIL10": 598.61,
        "oppTTOIL5": 297.3,
        "oppTTOIL3": 177.2,
        "oppTTOIL1": 58.75
    },
    "col": {
        "ttoi": 5227.32,
        "ttoiL10": 603.01,
        "ttoiL5": 297.48,
        "ttoiL3": 179.55,
        "ttoiL1": 56.55,
        "oppTTOI": 5251.329999999999,
        "oppTTOIL10": 609.45,
        "oppTTOIL5": 308.22,
        "oppTTOIL3": 184.25,
        "oppTTOIL1": 64.25
    },
    "ari": {
        "ttoi": 4949.5599999999995,
        "ttoiL10": 603.2900000000001,
        "ttoiL5": 304.22,
        "ttoiL3": 184.22,
        "ttoiL1": 61.05,
        "oppTTOI": 4954.780000000002,
        "oppTTOIL10": 605.0899999999999,
        "oppTTOIL5": 306.71,
        "oppTTOIL3": 187.47,
        "oppTTOIL1": 63.98
    },
    "edm": {
        "ttoi": 5254.62,
        "ttoiL10": 623.5,
        "ttoiL5": 322.72,
        "ttoiL3": 193.4,
        "ttoiL1": 59.35,
        "oppTTOI": 5236.859999999998,
        "oppTTOIL10": 594.56,
        "oppTTOIL5": 297.03,
        "oppTTOIL3": 179.78,
        "oppTTOIL1": 59.78
    },
    "cgy": {
        "ttoi": 4954.629999999999,
        "ttoiL10": 607.6,
        "ttoiL5": 306.95,
        "ttoiL3": 189.9,
        "ttoiL1": 59.9,
        "oppTTOI": 4957.65,
        "oppTTOIL10": 605.99,
        "oppTTOIL5": 304.34000000000003,
        "oppTTOIL3": 178.77,
        "oppTTOIL1": 58.77
    },
    "sea": {
        "ttoi": 5237.539999999999,
        "ttoiL10": 596.5,
        "ttoiL5": 299.41999999999996,
        "ttoiL3": 181.32,
        "ttoiL1": 60.0,
        "oppTTOI": 5183.19,
        "oppTTOIL10": 593.34,
        "oppTTOIL5": 298.67,
        "oppTTOIL3": 177.75,
        "oppTTOIL1": 59.92
    },
    "stl": {
        "ttoi": 4922.600000000001,
        "ttoiL10": 600.07,
        "ttoiL5": 298.09000000000003,
        "ttoiL3": 176.82,
        "ttoiL1": 57.92,
        "oppTTOI": 4922.289999999999,
        "oppTTOIL10": 601.67,
        "oppTTOIL5": 298.15,
        "oppTTOIL3": 177.75,
        "oppTTOIL1": 59.55
    },
    "wpg": {
        "ttoi": 5161.1500000000015,
        "ttoiL10": 619.88,
        "ttoiL5": 321.04999999999995,
        "ttoiL3": 201.52,
        "ttoiL1": 58.65,
        "oppTTOI": 5149.6799999999985,
        "oppTTOIL10": 592.16,
        "oppTTOIL5": 294.06,
        "oppTTOIL3": 175.67,
        "oppTTOIL1": 57.52
    },
    "cbj": {
        "ttoi": 4917.8600000000015,
        "ttoiL10": 604.1199999999999,
        "ttoiL5": 305.43,
        "ttoiL3": 185.60000000000002,
        "ttoiL1": 60.0,
        "oppTTOI": 4929.920000000002,
        "oppTTOIL10": 600.9,
        "oppTTOIL5": 302.46999999999997,
        "oppTTOIL3": 181.82,
        "oppTTOIL1": 59.82
    },
    "nyi": {
        "ttoi": 5225.229999999999,
        "ttoiL10": 599.0999999999999,
        "ttoiL5": 303.45,
        "ttoiL3": 180.0,
        "ttoiL1": 60.0,
        "oppTTOI": 5220.63,
        "oppTTOIL10": 600.5699999999999,
        "oppTTOIL5": 300.0,
        "oppTTOIL3": 180.0,
        "oppTTOIL1": 60.0
    },
    "nsh": {
        "ttoi": 4936.879999999999,
        "ttoiL10": 606.62,
        "ttoiL5": 303.88,
        "ttoiL3": 186.01,
        "ttoiL1": 58.38,
        "oppTTOI": 4935.31,
        "oppTTOIL10": 605.3199999999999,
        "oppTTOIL5": 303.12,
        "oppTTOIL3": 183.14999999999998,
        "oppTTOIL1": 59.32
    },
    "mtl": {
        "ttoi": 4864.009999999998,
        "ttoiL10": 598.63,
        "ttoiL5": 296.72,
        "ttoiL3": 177.68,
        "ttoiL1": 59.18,
        "oppTTOI": 4880.72,
        "oppTTOIL10": 603.9399999999999,
        "oppTTOIL5": 299.89,
        "oppTTOIL3": 180.42000000000002,
        "oppTTOIL1": 60.0
    },
    "wsh": {
        "ttoi": 4915.820000000001,
        "ttoiL10": 603.76,
        "ttoiL5": 300.53999999999996,
        "ttoiL3": 183.32999999999998,
        "ttoiL1": 64.55,
        "oppTTOI": 4943.1,
        "oppTTOIL10": 606.65,
        "oppTTOIL5": 300.57,
        "oppTTOIL3": 180.57,
        "oppTTOIL1": 61.15
    },
    "chi": {
        "ttoi": 4839.2699999999995,
        "ttoiL10": 595.5400000000001,
        "ttoiL5": 299.92,
        "ttoiL3": 180.67000000000002,
        "ttoiL1": 62.47,
        "oppTTOI": 4929.57,
        "oppTTOIL10": 604.98,
        "oppTTOIL5": 300.26,
        "oppTTOIL3": 180.38,
        "oppTTOIL1": 59.83
    },
    "car": {
        "ttoi": 5250.86,
        "ttoiL10": 595.6,
        "ttoiL5": 301.33,
        "ttoiL3": 176.27999999999997,
        "ttoiL1": 56.98,
        "oppTTOI": 5243.36,
        "oppTTOIL10": 606.54,
        "oppTTOIL5": 306.05,
        "oppTTOIL3": 181.05,
        "oppTTOIL1": 60.0
    },
    "tb": {
        "ttoi": 5184.330000000001,
        "ttoiL10": 619.02,
        "ttoiL5": 323.21000000000004,
        "ttoiL3": 203.21,
        "ttoiL1": 64.23,
        "oppTTOI": 5187.4299999999985,
        "oppTTOIL10": 600.5999999999999,
        "oppTTOIL5": 301.02,
        "oppTTOIL3": 182.62,
        "oppTTOIL1": 59.72
    },
    "fla": {
        "ttoi": 5191.0700000000015,
        "ttoiL10": 598.23,
        "ttoiL5": 296.8,
        "ttoiL3": 179.63,
        "ttoiL1": 66.08,
        "oppTTOI": 5213.169999999997,
        "oppTTOIL10": 603.43,
        "oppTTOIL5": 304.58,
        "oppTTOIL3": 178.75,
        "oppTTOIL1": 61.7
    },
    "buf": {
        "ttoi": 4941.210000000001,
        "ttoiL10": 615.0100000000001,
        "ttoiL5": 304.35,
        "ttoiL3": 179.35,
        "ttoiL1": 60.0,
        "oppTTOI": 4930.219999999999,
        "oppTTOIL10": 599.8299999999999,
        "oppTTOIL5": 298.46,
        "oppTTOIL3": 178.98,
        "oppTTOIL1": 60.0
    },
    "vgk": {
        "ttoi": 5216.460000000001,
        "ttoiL10": 632.08,
        "ttoiL5": 321.42,
        "ttoiL3": 203.06,
        "ttoiL1": 60.0,
        "oppTTOI": 5195.47,
        "oppTTOIL10": 606.68,
        "oppTTOIL5": 304.2,
        "oppTTOIL3": 184.2,
        "oppTTOIL1": 59.28
    },
    "pit": {
        "ttoi": 4925.389999999999,
        "ttoiL10": 593.8599999999999,
        "ttoiL5": 298.01,
        "ttoiL3": 178.01,
        "ttoiL1": 61.0,
        "oppTTOI": 4926.269999999999,
        "oppTTOIL10": 600.0999999999999,
        "oppTTOIL5": 297.52,
        "oppTTOIL3": 177.92,
        "oppTTOIL1": 60.0
    },
    "dal": {
        "ttoi": 5276.87,
        "ttoiL10": 633.03,
        "ttoiL5": 328.21,
        "ttoiL3": 176.43,
        "ttoiL1": 59.88,
        "oppTTOI": 5212.130000000001,
        "oppTTOIL10": 603.79,
        "oppTTOIL5": 300.46,
        "oppTTOIL3": 184.55,
        "oppTTOIL1": 64.9
    },
    "phi": {
        "ttoi": 4832.920000000001,
        "ttoiL10": 603.18,
        "ttoiL5": 305.08,
        "ttoiL3": 185.07999999999998,
        "ttoiL1": 63.15,
        "oppTTOI": 4864.77,
        "oppTTOIL10": 604.0699999999999,
        "oppTTOIL5": 304.4,
        "oppTTOIL3": 179.82,
        "oppTTOIL1": 59.82
    },
    "nj": {
        "ttoi": 5193.459999999998,
        "ttoiL10": 613.4399999999999,
        "ttoiL5": 315.57,
        "ttoiL3": 191.6,
        "ttoiL1": 60.0,
        "oppTTOI": 5185.32,
        "oppTTOIL10": 591.5400000000001,
        "oppTTOIL5": 296.84000000000003,
        "oppTTOIL3": 178.66,
        "oppTTOIL1": 60.0
    },