{
    "ana": {
        "ttoi": 4395.11,
        "ttoiL10": 603.33,
        "ttoiL5": 303.35,
        "ttoiL3": 183.68,
        "ttoiL1": 65.0,
        "oppTTOI": 4392.37,
        "oppTTOIL10": 608.67,
        "oppTTOIL5": 306.8,
        "oppTTOIL3": 182.85,
        "oppTTOIL1": 60.0
    },
    "sj": {
        "ttoi": 4363.35,
        "ttoiL10": 602.35,
        "ttoiL5": 309.7,
        "ttoiL3": 184.7,
        "ttoiL1": 64.7,
        "oppTTOI": 4392.3,
        "oppTTOIL10": 600.66,
        "oppTTOIL5": 303.76,
        "oppTTOIL3": 184.82999999999998,
        "oppTTOIL1": 65.0
    },
    "tor": {
        "ttoi": 4369.33,
        "ttoiL10": 594.77,
        "ttoiL5": 299.09000000000003,
        "ttoiL3": 182.26,
        "ttoiL1": 59.88,
        "oppTTOI": 4347.53,
        "oppTTOIL10": 593.54,
        "oppTTOIL5": 298.35,
        "oppTTOIL3": 180.85,
        "oppTTOIL1": 57.7
    },
    "nyr": {
        "ttoi": 4358.39,
        "ttoiL10": 590.9,
        "ttoiL5": 296.58,
        "ttoiL3": 179.06,
        "ttoiL1": 60.0,
        "oppTTOI": 4364.68,
        "oppTTOIL10": 592.56,
        "oppTTOIL5": 294.98,
        "oppTTOIL3": 176.95,
        "oppTTOIL1": 60.98
    },
    "bos": {
        "ttoi": 4385.71,
        "ttoiL10": 594.92,
        "ttoiL5": 295.13,
        "ttoiL3": 176.2,
        "ttoiL1": 58.3,
        "oppTTOI": 4386.79,
        "oppTTOIL10": 607.27,
        "oppTTOIL5": 307.46999999999997,
        "oppTTOIL3": 188.47,
        "oppTTOIL1": 60.0
    },
    "car": {
        "ttoi": 4291.48,
        "ttoiL10": 596.33,
        "ttoiL5": 296.58,
        "ttoiL3": 176.63,
        "ttoiL1": 60.0,
        "oppTTOI": 4302.72,
        "oppTTOIL10": 608.1,
        "oppTTOIL5": 300.12,
        "oppTTOIL3": 181.22,
        "oppTTOIL1": 59.67
    },
    "nsh": {
        "ttoi": 4340.89,
        "ttoiL10": 592.83,
        "ttoiL5": 295.6,
        "ttoiL3": 177.05,
        "ttoiL1": 60.0,
        "oppTTOI": 4420.43,
        "oppTTOIL10": 592.05,
        "oppTTOIL5": 298.12,
        "oppTTOIL3": 179.57,
        "oppTTOIL1": 59.57
    },
    "dal": {
        "ttoi": 4313.14,
        "ttoiL10": 607.87,
        "ttoiL5": 300.0,
        "ttoiL3": 180.0,
        "ttoiL1": 60.0,
        "oppTTOI": 4287.23,
        "oppTTOIL10": 597.63,
        "oppTTOIL5": 299.73,
        "oppTTOIL3": 181.63,
        "oppTTOIL1": 61.83
    },
    "stl": {
        "ttoi": 4494.24,
        "ttoiL10": 603.77,
        "ttoiL5": 300.27,
        "ttoiL3": 180.45,
        "ttoiL1": 60.55,
        "oppTTOI": 4507.43,
        "oppTTOIL10": 599.81,
        "oppTTOIL5": 301.48,
        "oppTTOIL3": 178.6,
        "oppTTOIL1": 60.0
    },
    "utah": {
        "ttoi": 4463.48,
        "ttoiL10": 602.5699999999999,
        "ttoiL5": 304.02,
        "ttoiL3": 184.3,
        "ttoiL1": 60.0,
        "oppTTOI": 4466.82,
        "oppTTOIL10": 607.47,
        "oppTTOIL5": 307.03,
        "oppTTOIL3": 184.41,
        "oppTTOIL1": 58.58
    },
    "wsh": {
        "ttoi": 4332.89,
        "ttoiL10": 596.98,
        "ttoiL5": 297.21,
        "ttoiL3": 176.22,
        "ttoiL1": 60.0,
        "oppTTOI": 4304.33,
        "oppTTOIL10": 593.98,
        "oppTTOIL5": 295.09,
        "oppTTOIL3": 176.92,
        "oppTTOIL1": 58.62
    },
    "nyi": {
        "ttoi": 4370.16,
        "ttoiL10": 609.68,
        "ttoiL5": 298.43,
        "ttoiL3": 175.67000000000002,
        "ttoiL1": 59.57,
        "oppTTOI": 4375.41,
        "oppTTOIL10": 596.15,
        "oppTTOIL5": 301.07,
        "oppTTOIL3": 177.9,
        "oppTTOIL1": 59.7
    },
    "van": {
        "ttoi": 4404.32,
        "ttoiL10": 608.92,
        "ttoiL5": 302.82,
        "ttoiL3": 181.67000000000002,
        "ttoiL1": 56.67,
        "oppTTOI": 4400.79,
        "oppTTOIL10": 605.87,
        "oppTTOIL5": 296.5,
        "oppTTOIL3": 177.88,
        "oppTTOIL1": 57.879999999999995
    },
    "edm": {
        "ttoi": 4423.06,
        "ttoiL10": 602.35,
        "ttoiL5": 299.28,
        "ttoiL3": 181.59,
        "ttoiL1": 59.17,
        "oppTTOI": 4366.66,
        "oppTTOIL10": 598.62,
        "oppTTOIL5": 297.32,
        "oppTTOIL3": 177.02,
        "oppTTOIL1": 59.92
    },
    "chi": {
        "ttoi": 4356.85,
        "ttoiL10": 590.95,
        "ttoiL5": 294.65,
        "ttoiL3": 174.88,
        "ttoiL1": 59.55,
        "oppTTOI": 4370.26,
        "oppTTOIL10": 599.28,
        "oppTTOIL5": 298.3,
        "oppTTOIL3": 178.53,
        "oppTTOIL1": 60.0
    },
    "buf": {
        "ttoi": 4235.17,
        "ttoiL10": 604.48,
        "ttoiL5": 299.82,
        "ttoiL3": 179.82,
        "ttoiL1": 60.0,
        "oppTTOI": 4250.17,
        "oppTTOIL10": 601.29,
        "oppTTOIL5": 306.42,
        "oppTTOIL3": 186.64,
        "oppTTOIL1": 57.82
    },
    "det": {
        "ttoi": 4381.77,
        "ttoiL10": 598.0,
        "ttoiL5": 300.87,
        "ttoiL3": 181.82,
        "ttoiL1": 63.25,
        "oppTTOI": 4374.3,
        "oppTTOIL10": 602.67,
        "oppTTOIL5": 300.56,
        "oppTTOIL3": 178.68,
        "oppTTOIL1": 61.08
    },
    "la": {
        "ttoi": 4383.59,
        "ttoiL10": 598.31,
        "ttoiL5": 297.67,
        "ttoiL3": 177.67000000000002,
        "ttoiL1": 60.0,
        "oppTTOI": 4365.87,
        "oppTTOIL10": 603.72,
        "oppTTOIL5": 305.49,
        "oppTTOIL3": 182.79000000000002,
        "oppTTOIL1": 64.93
    },
    "mtl": {
        "ttoi": 4328.15,
        "ttoiL10": 603.41,
        "ttoiL5": 295.07,
        "ttoiL3": 178.24,
        "ttoiL1": 59.42,
        "oppTTOI": 4330.21,
        "oppTTOIL10": 602.48,
        "oppTTOIL5": 305.4,
        "oppTTOIL3": 185.0,
        "oppTTOIL1": 60.0
    },
    "cgy": {
        "ttoi": 4409.13,
        "ttoiL10": 610.65,
        "ttoiL5": 308.9,
        "ttoiL3": 186.72,
        "ttoiL1": 59.3,
        "oppTTOI": 4397.28,
        "oppTTOIL10": 616.08,
        "oppTTOIL5": 308.88,
        "oppTTOIL3": 185.2,
        "oppTTOIL1": 58.75
    },
    "sea": {
        "ttoi": 4390.04,
        "ttoiL10": 597.85,
        "ttoiL5": 297.85,
        "ttoiL3": 177.57,
        "ttoiL1": 58.05,
        "oppTTOI": 4425.47,
        "oppTTOIL10": 588.35,
        "oppTTOIL5": 292.8,
        "oppTTOIL3": 175.32999999999998,
        "oppTTOIL1": 60.0
    },
    "pit": {
        "ttoi": 4463.91,
        "ttoiL10": 606.0,
        "ttoiL5": 305.93,
        "ttoiL3": 180.93,
        "ttoiL1": 61.23,
        "oppTTOI": 4459.31,
        "oppTTOIL10": 599.15,
        "oppTTOIL5": 300.06,
        "oppTTOIL3": 182.07999999999998,
        "oppTTOIL1": 59.5
    },
    "fla": {
        "ttoi": 4320.3,
        "ttoiL10": 600.46,
        "ttoiL5": 308.24,
        "ttoiL3": 183.42000000000002,
        "ttoiL1": 60.17,
        "oppTTOI": 4321.04,
        "oppTTOIL10": 595.46,
        "oppTTOIL5": 301.36,
        "oppTTOIL3": 178.07,
        "oppTTOIL1": 59.85
    },
    "tb": {
        "ttoi": 4304.6,
        "ttoiL10": 605.94,
        "ttoiL5": 298.01,
        "ttoiL3": 179.72,
        "ttoiL1": 60.0,
        "oppTTOI": 4308.59,
        "oppTTOIL10": 596.34,
        "oppTTOIL5": 302.53,
        "oppTTOIL3": 182.53,
        "oppTTOIL1": 64.55
    },
    "phi": {
        "ttoi": 4452.37,
        "ttoiL10": 600.69,
        "ttoiL5": 299.31,
        "ttoiL3": 179.63,
        "ttoiL1": 60.0,
        "oppTTOI": 4465.22,
        "oppTTOIL10": 598.54,
        "oppTTOIL5": 298.47,
        "oppTTOIL3": 180.07,
        "oppTTOIL1": 60.0
    },
    "wpg": {
        "ttoi": 4438.03,
        "ttoiL10": 598.62,
        "ttoiL5": 297.96000000000004,
        "ttoiL3": 178.47,
        "ttoiL1": 58.95,
        "oppTTOI": 4428.76,
        "oppTTOIL10": 603.07,
        "oppTTOIL5": 299.46,
        "oppTTOIL3": 179.46,
        "oppTTOIL1": 63.43
    },
    "nj": {
        "ttoi": 4366.1,
        "ttoiL10": 602.92,
        "ttoiL5": 309.8,
        "ttoiL3": 184.8,
        "ttoiL1": 65.0,
        "oppTTOI": 4371.23,
        "oppTTOIL10": 590.45,
        "oppTTOIL5": 299.35,
        "oppTTOIL3": 179.67000000000002,
        "oppTTOIL1": 60.0
    },