{
    "M. Duchene": {
        "g": 0.0,
        "a": 3.0,
        "+/-": 0.0,
        "s": 3.0,
        "sm": 1.0,
        "bs": 0.0,
        "pn": 0.0,
        "pim": 0.0,
        "ht": 0.0,
        "tk": 1.0,
        "gv": 0.0,
        "shft": 20.0,
        "toi": 20.2,
        "pptoi": 2.4699999999999998,
        "shtoi": 0.0,
        "estoi": 17.73,
        "fw": 6.0,
        "fl": 4.0,
        "fo%": 60.0
    },
    "C. Glass": {
        "g": 0.0,
        "a": 1.0,
        "+/-": 2.0,
        "s": 0.0,
        "sm": 0.0,
        "bs": 0.0,
        "pn": 1.0,
        "pim": 2.0,
        "ht": 2.0,
        "tk": 1.0,
        "gv": 0.0,
        "shft": 16.0,
        "toi": 11.8,
        "pptoi": 0.77,
        "shtoi": 0.0,
        "estoi": 11.03,
        "fw": 3.0,
        "fl": 5.0,
        "fo%": 37.5
    },
    "M. Granlund": {
        "g": 2.0,
        "a": 1.0,
        "+/-": 1.0,
        "s": 6.0,
        "sm": 0.0,
        "bs": 1.0,
        "pn": 0.0,
        "pim": 0.0,
        "ht": 0.0,
        "tk": 0.0,
        "gv": 1.0,
        "shft": 20.0,
        "toi": 15.8,
        "pptoi": 2.4699999999999998,
        "shtoi": 1.92,
        "estoi": 11.42,
        "fw": 6.0,
        "fl": 1.0,
        "fo%": 85.7
    },
    "T. Jeannot": {
        "g": 0.0,
        "a": 0.0,
        "+/-": -1.0,
        "s": 0.0,
        "sm": 0.0,
        "bs": 0.0,
        "pn": 1.0,
        "pim": 2.0,
        "ht": 1.0,
        "tk": 1.0,
        "gv": 1.0,
        "shft": 20.0,
        "toi": 14.68,
        "pptoi": 0.0,
        "shtoi": 3.22,
        "estoi": 11.47,
        "fw": 0.0,
        "fl": 0.0,
        "fo%": 0.0
    },
    "N. Niederreiter": {
        "g": 2.0,
        "a": 0.0,
        "+/-": 0.0,
        "s": 2.0,
        "sm": 0.0,
        "bs": 1.0,
        "pn": 1.0,
        "pim": 2.0,
        "ht": 1.0,
        "tk": 0.0,
        "gv": 0.0,
        "shft": 19.0,
        "toi": 18.62,
        "pptoi": 2.4699999999999998,
        "shtoi": 0.0,
        "estoi": 16.15,
        "fw": 0.0,
        "fl": 0.0,
        "fo%": 0.0
    },
    "T. Novak": {
        "g": 1.0,
        "a": 1.0,
        "+/-": -1.0,
        "s": 1.0,
        "sm": 1.0,
        "bs": 0.0,
        "pn": 0.0,
        "pim": 0.0,
        "ht": 0.0,
        "tk": 2.0,
        "gv": 1.0,
        "shft": 20.0,
        "toi": 18.65,
        "pptoi": 2.4699999999999998,
        "shtoi": 0.0,
        "estoi": 16.18,
        "fw": 3.0,
        "fl": 8.0,
        "fo%": 27.3
    },
    "J. Parssinen": {
        "g": 0.0,
        "a": 0.0,
        "+/-": 0.0,
        "s": 1.0,
        "sm": 1.0,
        "bs": 0.0,
        "pn": 0.0,
        "pim": 0.0,
        "ht": 0.0,
        "tk": 0.0,
        "gv": 0.0,
        "shft": 6.0,
        "toi": 5.38,
        "pptoi": 0.0,
        "shtoi": 0.0,
        "estoi": 5.38,
        "fw": 2.0,
        "fl": 0.0,
        "fo%": 100.0
    },
    "K. Sherwood": {
        "g": 0.0,
        "a": 0.0,
        "+/-": 0.0,
        "s": 3.0,
        "sm": 0.0,
        "bs": 0.0,
        "pn": 0.0,
        "pim": 0.0,
        "ht": 4.0,
        "tk": 0.0,
        "gv": 0.0,
        "shft": 12.0,
        "toi": 10.28,
        "pptoi": 0.77,
        "shtoi": 0.0,
        "estoi": 9.52,
        "fw": 0.0,
        "fl": 0.0,
        "fo%": 0.0
    },
    "C. Sissons": {
        "g": 0.0,
        "a": 0.0,
        "+/-": 0.0,
        "s": 2.0,
        "sm": 0.0,
        "bs": 2.0,
        "pn": 0.0,
        "pim": 0.0,
        "ht": 2.0,
        "tk": 0.0,
        "gv": 0.0,
        "shft": 22.0,
        "toi": 18.42,
        "pptoi": 0.77,
        "shtoi": 5.18,
        "estoi": 12.47,
        "fw": 6.0,
        "fl": 13.0,
        "fo%": 31.6
    },
    "C. Smith": {
        "g": 0.0,
        "a": 1.0,
        "+/-": 0.0,
        "s": 0.0,
        "sm": 1.0,
        "bs": 0.0,
        "pn": 0.0,
        "pim": 0.0,
        "ht": 1.0,
        "tk": 1.0,
        "gv": 0.0,
        "shft": 18.0,
        "toi": 12.25,
        "pptoi": 0.0,
        "shtoi": 2.9699999999999998,
        "estoi": 9.28,
        "fw": 0.0,
        "fl": 0.0,
        "fo%": 0.0
    },
    "P. Tomasino": {
        "g": 0.0,
        "a": 2.0,
        "+/-": 2.0,
        "s": 2.0,
        "sm": 1.0,
        "bs": 1.0,
        "pn": 0.0,
        "pim": 0.0,
        "ht": 1.0,
        "tk": 1.0,
        "gv": 0.0,
        "shft": 15.0,
        "toi": 10.33,
        "pptoi": 0.77,
        "shtoi": 0.0,
        "estoi": 9.57,
        "fw": 0.0,
        "fl": 0.0,
        "fo%": 0.0
    },
    "Y. Trenin": {
        "g": 1.0,
        "a": 0.0,
        "+/-": 1.0,
        "s": 1.0,
        "sm": 1.0,
        "bs": 1.0,
        "pn": 0.0,
        "pim": 0.0,
        "ht": 2.0,
        "tk": 1.0,
        "gv": 0.0,
        "shft": 17.0,
        "toi": 15.45,
        "pptoi": 0.0,
        "shtoi": 4.22,
        "estoi": 11.23,
        "fw": 1.0,
        "fl": 0.0,
        "fo%": 100.0
    },
    "M. Ekholm": {
        "g": 0.0,
        "a": 0.0,
        "+/-": 1.0,
        "s": 3.0,
        "sm": 0.0,
        "bs": 3.0,
        "pn": 1.0,
        "pim": 2.0,
        "ht": 1.0,
        "tk": 0.0,
        "gv": 0.0,
        "shft": 25.0,
        "toi": 21.07,
        "pptoi": 0.77,
        "shtoi": 3.22,
        "estoi": 17.08,
        "fw": 0.0,
        "fl": 0.0,
        "fo%": 0.0
    },
    "D. Fabbro": {
        "g": 0.0,
        "a": 0.0,
        "+/-": 3.0,
        "s": 0.0,
        "sm": 1.0,
        "bs": 3.0,
        "pn": 0.0,
        "pim": 0.0,
        "ht": 0.0,
        "tk": 0.0,
        "gv": 0.0,
        "shft": 21.0,
        "toi": 16.37,
        "pptoi": 0.0,
        "shtoi": 4.68,
        "estoi": 11.68,
        "fw": 0.0,
        "fl": 0.0,
        "fo%": 0.0
    },
    "K. Gravel": {
        "g": 0.0,
        "a": 0.0,
        "+/-": 1.0,
        "s": 1.0,
        "sm": 0.0,
        "bs": 1.0,
        "pn": 1.0,
        "pim": 2.0,
        "ht": 0.0,
        "tk": 0.0,
        "gv": 0.0,
        "shft": 17.0,
        "toi": 12.05,
        "pptoi": 0.0,
        "shtoi": 0.0,
        "estoi": 12.05,
        "fw": 0.0,
        "fl": 0.0,
        "fo%": 0.0
    },
    "R. Josi": {
        "g": 0.0,
        "a": 1.0,
        "+/-": 0.0,
        "s": 3.0,
        "sm": 0.0,
        "bs": 2.0,
        "pn": 0.0,
        "pim": 0.0,
        "ht": 0.0,
        "tk": 0.0,
        "gv": 2.0,
        "shft": 24.0,
        "toi": 24.62,
        "pptoi": 2.4699999999999998,
        "shtoi": 0.95,
        "estoi": 21.2,
        "fw": 0.0,
        "fl": 0.0,
        "fo%": 0.0
    },
    "J. Lauzon": {
        "g": 0.0,
        "a": 0.0,
        "+/-": -1.0,
        "s": 3.0,
        "sm": 0.0,
        "bs": 1.0,
        "pn": 0.0,
        "pim": 0.0,
        "ht": 3.0,
        "tk": 0.0,
        "gv": 0.0,
        "shft": 23.0,
        "toi": 19.08,
        "pptoi": 0.0,
        "shtoi": 4.73,
        "estoi": 14.35,
        "fw": 0.0,
        "fl": 0.0,
        "fo%": 0.0
    },
    "R. Mcdonagh": {
        "g": 0.0,
        "a": 0.0,
        "+/-": 1.0,
        "s": 0.0,
        "sm": 1.0,
        "bs": 4.0,
        "pn": 1.0,
        "pim": 2.0,
        "ht": 0.0,
        "tk": 1.0,
        "gv": 1.0,
        "shft": 25.0,
        "toi": 24.17,
        "pptoi": 0.0,
        "shtoi": 4.12,
        "estoi": 20.05,
        "fw": 0.0,
        "fl": 0.0,
        "fo%": 0.0
    },
    "J. Saros": {
        "sa": 24.0,
        "ga": 2.0,
        "sv": 22.0,
        "sv%": 0.917,
        "essv": 18.0,
        "ppsv": 3.0,
        "shsv": 1.0,
        "sosa": 0.0,
        "sos": 0.0,
        "toi": 60.0,
        "pim": 0.0
    }
}